Country,Country_Code,Year,Agri_Land_Pct,Region,YoY_Change
Afghanistan,AFG,1961,57.87835579473498,Asia,
Afghanistan,AFG,1962,57.95501586863529,Asia,0.07666007390031382
Afghanistan,AFG,1963,58.03167594253561,Asia,0.07666007390031382
Afghanistan,AFG,1964,58.11600202382595,Asia,0.08432608129034236
Afghanistan,AFG,1965,58.12366803121598,Asia,0.00766600739002854
Afghanistan,AFG,1966,58.19266209772627,Asia,0.06899406651029238
Afghanistan,AFG,1967,58.22945893319841,Asia,0.03679683547213841
Afghanistan,AFG,1968,58.23099213467642,Asia,0.0015332014780113923
Afghanistan,AFG,1969,58.25552335832451,Asia,0.024531223648089906
Afghanistan,AFG,1970,58.27085537310458,Asia,0.01533201478007129
Afghanistan,AFG,1971,58.31685141744477,Asia,0.04599604434018545
Afghanistan,AFG,1972,58.33524983518083,Asia,0.018398417736065653
Afghanistan,AFG,1973,58.33708967695445,Asia,0.001839841773616513
Afghanistan,AFG,1974,58.338776198580256,Asia,0.0016865216258068472
Afghanistan,AFG,1975,58.338776198580256,Asia,0.0
Afghanistan,AFG,1976,58.338316238136855,Asia,-0.0004599604434005755
Afghanistan,AFG,1977,58.338316238136855,Asia,0.0
Afghanistan,AFG,1978,58.338316238136855,Asia,0.0
Afghanistan,AFG,1979,58.33678303665885,Asia,-0.0015332014780042869
Afghanistan,AFG,1980,58.33678303665885,Asia,0.0
Afghanistan,AFG,1981,58.34291584257088,Asia,0.006132805912031358
Afghanistan,AFG,1982,58.34444904404887,Asia,0.001533201477990076
Afghanistan,AFG,1983,58.34444904404887,Asia,0.0
Afghanistan,AFG,1984,58.34444904404887,Asia,0.0
Afghanistan,AFG,1985,58.34444904404887,Asia,0.0
Afghanistan,AFG,1986,58.34444904404887,Asia,0.0
Afghanistan,AFG,1987,58.330650230746826,Asia,-0.013798813302045687
Afghanistan,AFG,1988,58.32298422335679,Asia,-0.007666007390035645
Afghanistan,AFG,1989,58.32298422335679,Asia,0.0
Afghanistan,AFG,1990,58.32298422335679,Asia,0.0
Afghanistan,AFG,1991,58.307652208576734,Asia,-0.01533201478005708
Afghanistan,AFG,1992,58.307652208576734,Asia,0.0
Afghanistan,AFG,1993,58.16046486668813,Asia,-0.14718734188860338
Afghanistan,AFG,1994,57.97494748784938,Asia,-0.1855173788387532
Afghanistan,AFG,1995,57.89828741394907,Asia,-0.07666007390030671
Afghanistan,AFG,1996,57.88908820508103,Asia,-0.009199208868039932
Afghanistan,AFG,1997,57.947349861245264,Asia,0.058261656164233955
Afghanistan,AFG,1998,58.05927356913973,Asia,0.11192370789446215
Afghanistan,AFG,1999,57.89982061542708,Asia,-0.15945295371264478
Afghanistan,AFG,2000,57.94581665976726,Asia,0.045996044340178344
Afghanistan,AFG,2001,57.947349861245264,Asia,0.0015332014780042869
Afghanistan,AFG,2002,57.93968385385524,Asia,-0.007666007390021434
Afghanistan,AFG,2003,58.08380479278782,Asia,0.1441209389325735
Afghanistan,AFG,2004,58.1512656578201,Asia,0.06746086503228099
Afghanistan,AFG,2005,58.13440044156203,Asia,-0.01686521625806847
Afghanistan,AFG,2006,58.12366803121598,Asia,-0.010732410346051324
Afghanistan,AFG,2007,58.12980083712801,Asia,0.006132805912031358
Afghanistan,AFG,2008,58.13286724008402,Asia,0.0030664029560085737
Afghanistan,AFG,2009,58.13286724008402,Asia,0.0
Afghanistan,AFG,2010,58.13440044156203,Asia,0.0015332014780113923
Afghanistan,AFG,2011,58.131334038606006,Asia,-0.0030664029560227846
Afghanistan,AFG,2012,58.12980083712801,Asia,-0.0015332014779971814
Afghanistan,AFG,2013,58.12366803121598,Asia,-0.006132805912031358
Afghanistan,AFG,2014,58.12366803121598,Asia,0.0
Afghanistan,AFG,2015,58.12366803121598,Asia,0.0
Afghanistan,AFG,2016,58.12366803121598,Asia,0.0
Afghanistan,AFG,2017,58.12366803121598,Asia,0.0
Afghanistan,AFG,2018,58.27698817901661,Asia,0.15332014780063474
Afghanistan,AFG,2019,58.27698817901661,Asia,0.0
Afghanistan,AFG,2020,58.741548226852494,Asia,0.46456004783588156
Afghanistan,AFG,2021,58.741548226852494,Asia,0.0
Afghanistan,AFG,2022,58.741548226852494,Asia,0.0
Afghanistan,AFG,2023,58.43950753568527,Asia,-0.3020406911672211
Albania,ALB,1961,44.96350364963504,Europe,
Albania,ALB,1962,44.96350364963504,Europe,0.0
Albania,ALB,1963,45.0,Europe,0.03649635036496335
Albania,ALB,1964,44.89051094890511,Europe,-0.10948905109489004
Albania,ALB,1965,45.14598540145985,Europe,0.25547445255474344
Albania,ALB,1966,45.25547445255474,Europe,0.10948905109489004
Albania,ALB,1967,45.4014598540146,Europe,0.1459854014598534
Albania,ALB,1968,45.25547445255474,Europe,-0.1459854014598534
Albania,ALB,1969,45.07299270072993,Europe,-0.18248175182481674
Albania,ALB,1970,44.89051094890511,Europe,-0.18248175182481674
Albania,ALB,1971,43.79562043795621,Europe,-1.0948905109489004
Albania,ALB,1972,42.84671532846716,Europe,-0.948905109489047
Albania,ALB,1973,41.824817518248175,Europe,-1.021897810218988
Albania,ALB,1974,40.948905109489054,Europe,-0.8759124087591204
Albania,ALB,1975,39.416058394160586,Europe,-1.5328467153284677
Albania,ALB,1976,39.23357664233576,Europe,-0.18248175182482385
Albania,ALB,1977,40.47445255474453,Europe,1.240875912408768
Albania,ALB,1978,40.65693430656934,Europe,0.18248175182480963
Albania,ALB,1979,40.76642335766423,Europe,0.10948905109489004
Albania,ALB,1980,40.8029197080292,Europe,0.036496350364970453
Albania,ALB,1981,40.72992700729928,Europe,-0.07299270072991959
Albania,ALB,1982,40.65693430656934,Europe,-0.07299270072994091
Albania,ALB,1983,40.51094890510949,Europe,-0.1459854014598534
Albania,ALB,1984,40.620437956204384,Europe,0.10948905109489715
Albania,ALB,1985,40.58394160583942,Europe,-0.03649635036496335
Albania,ALB,1986,40.54744525547445,Europe,-0.036496350364970453
Albania,ALB,1987,40.54744525547445,Europe,0.0
Albania,ALB,1988,40.76642335766423,Europe,0.2189781021897801
Albania,ALB,1989,40.51094890510949,Europe,-0.25547445255474344
Albania,ALB,1990,40.91240875912408,Europe,0.4014598540145897
Albania,ALB,1991,41.13138686131387,Europe,0.2189781021897943
Albania,ALB,1992,41.13138686131387,Europe,0.0
Albania,ALB,1993,41.09489051094891,Europe,-0.03649635036496335
Albania,ALB,1994,41.09489051094891,Europe,0.0
Albania,ALB,1995,41.13138686131387,Europe,0.03649635036496335
Albania,ALB,1996,41.27737226277372,Europe,0.1459854014598463
Albania,ALB,1997,41.42335766423358,Europe,0.1459854014598605
Albania,ALB,1998,41.56934306569343,Europe,0.1459854014598534
Albania,ALB,1999,41.78832116788321,Europe,0.2189781021897801
Albania,ALB,2000,41.75182481751825,Europe,-0.03649635036496335
Albania,ALB,2001,41.56934306569343,Europe,-0.18248175182481674
Albania,ALB,2002,41.6058394160584,Europe,0.036496350364970453
Albania,ALB,2003,40.91240875912408,Europe,-0.6934306569343249
Albania,ALB,2004,40.948905109489054,Europe,0.03649635036497756
Albania,ALB,2005,39.306569343065696,Europe,-1.6423357664233578
Albania,ALB,2006,40.87591240875913,Europe,1.569343065693431
Albania,ALB,2007,40.83941605839416,Europe,-0.036496350364970453
Albania,ALB,2008,43.1021897810219,Europe,2.262773722627742
Albania,ALB,2009,43.84306569343065,Europe,0.7408759124087538
Albania,ALB,2010,43.84306569343065,Europe,0.0
Albania,ALB,2011,43.832116788321166,Europe,-0.010948905109486873
Albania,ALB,2012,43.84306569343065,Europe,0.010948905109486873
Albania,ALB,2013,43.332116788321166,Europe,-0.5109489051094869
Albania,ALB,2014,42.85729927007299,Europe,-0.4748175182481731
Albania,ALB,2015,42.85766423357664,Europe,0.0003649635036495624
Albania,ALB,2016,43.127737226277375,Europe,0.27007299270073304
Albania,ALB,2017,42.85697080291971,Europe,-0.27076642335766365
Albania,ALB,2018,42.84967153284672,Europe,-0.0072992700729912485
Albania,ALB,2019,42.84671532846716,Europe,-0.002956204379557903
Albania,ALB,2020,42.53850364963503,Europe,-0.3082116788321301
Albania,ALB,2021,41.47189781021898,Europe,-1.0666058394160558
Albania,ALB,2022,41.44525547445255,Europe,-0.026642335766425163
Albania,ALB,2023,38.12408759124087,Europe,-3.321167883211679
Algeria,DZA,1961,19.09150453030137,Africa,
Algeria,DZA,1962,18.85176383652288,Africa,-0.23974069377849005
Algeria,DZA,1963,18.688018003644395,Africa,-0.16374583287848665
Algeria,DZA,1964,18.54274605960348,Africa,-0.14527194404091404
Algeria,DZA,1965,18.54400564293332,Africa,0.0012595833298405523
Algeria,DZA,1966,18.54400564293332,Africa,0.0
Algeria,DZA,1967,18.57927397616868,Africa,0.03526833323535783
Algeria,DZA,1968,18.55912064289133,Africa,-0.02015333327734936
Algeria,DZA,1969,18.55912064289133,Africa,0.0
Algeria,DZA,1970,18.564578837320614,Africa,0.005458194429284191
Algeria,DZA,1971,19.075549808123476,Africa,0.5109709708028625
Algeria,DZA,1972,19.060014947055517,Africa,-0.015534861067958872
Algeria,DZA,1973,18.60152661499576,Africa,-0.45848833205975836
Algeria,DZA,1974,18.614962170513994,Africa,0.013435555518235276
Algeria,DZA,1975,18.37018314341616,Africa,-0.2447790270978345
Algeria,DZA,1976,18.48270592088137,Africa,0.11252277746520889
Algeria,DZA,1977,18.4033521711018,Africa,-0.07935374977956755
Algeria,DZA,1978,18.40797064331119,Africa,0.0046184722093904895
Algeria,DZA,1979,18.398313837782464,Africa,-0.00965680552872783
Algeria,DZA,1980,18.40251244888191,Africa,0.0041986110994471915
Algeria,DZA,1981,16.446379537648944,Africa,-1.9561329112329666
Algeria,DZA,1982,16.419508426612474,Africa,-0.026871111036470552
Algeria,DZA,1983,16.49298412085282,Africa,0.07347569424034717
Algeria,DZA,1984,16.630698564914724,Africa,0.1377144440619027
Algeria,DZA,1985,16.395996204455564,Africa,-0.23470236045915982
Algeria,DZA,1986,16.243586621545592,Africa,-0.15240958290997142
Algeria,DZA,1987,16.28179398255057,Africa,0.03820736100497868
Algeria,DZA,1988,16.297748704728477,Africa,0.015954722177905722
Algeria,DZA,1989,16.27381662146162,Africa,-0.023932083266856807
Algeria,DZA,1990,16.238548288226255,Africa,-0.035268333235364935
Algeria,DZA,1991,16.21587578828923,Africa,-0.02267249993702336
Algeria,DZA,1992,16.317902038005826,Africa,0.10202624971659446
Algeria,DZA,1993,16.316642454675993,Africa,-0.001259583329833447
Algeria,DZA,1994,16.643294398213072,Africa,0.3266519435370796
Algeria,DZA,1995,16.647073148202573,Africa,0.0037787499895003407
Algeria,DZA,1996,16.641614953773292,Africa,-0.005458194429280638
Algeria,DZA,1997,16.664287453710315,Africa,0.02267249993702336
Algeria,DZA,1998,16.72138856466281,Africa,0.057101110952494594
Algeria,DZA,1999,16.68150175921805,Africa,-0.03988680544475898
Algeria,DZA,2000,16.80326148110205,Africa,0.12175972188400053
Algeria,DZA,2001,16.840209258777197,Africa,0.03694777767514523
Algeria,DZA,2002,16.73356453685121,Africa,-0.1066447219259885
Algeria,DZA,2003,16.75485149512541,Africa,0.021286958274203016
Algeria,DZA,2004,17.27518536868004,Africa,0.5203338735546303
Algeria,DZA,2005,17.3028962019364,Africa,0.027710833256357148
Algeria,DZA,2006,17.290300368638054,Africa,-0.012595833298345127
Algeria,DZA,2007,17.320110507444138,Africa,0.029810138806084296
Algeria,DZA,2008,17.34404259071099,Africa,0.023932083266853255
Algeria,DZA,2009,17.373852729517075,Africa,0.029810138806084296
Algeria,DZA,2010,17.37133356285741,Africa,-0.002519166659666894
Algeria,DZA,2011,17.377211618396636,Africa,0.005878055539227489
Algeria,DZA,2012,17.381490003106972,Africa,0.004278384710335814
Algeria,DZA,2013,17.395532257929077,Africa,0.014042254822104638
Algeria,DZA,2014,17.395265646124262,Africa,-0.00026661180481468705
Algeria,DZA,2015,17.40592281024679,Africa,0.010657164122527263
Algeria,DZA,2016,17.36553218842855,Africa,-0.040390621818239936
Algeria,DZA,2017,17.355010809319733,Africa,-0.01052137910881612
Algeria,DZA,2018,17.356567989550502,Africa,0.0015571802307690064
Algeria,DZA,2019,17.346981618480605,Africa,-0.009586371069897126
Algeria,DZA,2020,17.335225507402154,Africa,-0.011756111078451426
Algeria,DZA,2021,17.330607035192756,Africa,-0.004618472209397595
Algeria,DZA,2022,17.351348174024032,Africa,0.020741138831276373
Algeria,DZA,2023,17.359031632336023,Africa,0.0076834583119911315
American Samoa,ASM,1961,9.65,Oceania,
American Samoa,ASM,1962,9.65,Oceania,0.0
American Samoa,ASM,1963,9.65,Oceania,0.0
American Samoa,ASM,1964,9.65,Oceania,0.0
American Samoa,ASM,1965,9.65,Oceania,0.0
American Samoa,ASM,1966,9.65,Oceania,0.0
American Samoa,ASM,1967,9.65,Oceania,0.0
American Samoa,ASM,1968,9.65,Oceania,0.0
American Samoa,ASM,1969,9.65,Oceania,0.0
American Samoa,ASM,1970,9.65,Oceania,0.0
American Samoa,ASM,1971,9.65,Oceania,0.0
American Samoa,ASM,1972,9.65,Oceania,0.0
American Samoa,ASM,1973,9.65,Oceania,0.0
American Samoa,ASM,1974,9.65,Oceania,0.0
American Samoa,ASM,1975,9.65,Oceania,0.0
American Samoa,ASM,1976,9.65,Oceania,0.0
American Samoa,ASM,1977,9.65,Oceania,0.0
American Samoa,ASM,1978,9.65,Oceania,0.0
American Samoa,ASM,1979,9.65,Oceania,0.0
American Samoa,ASM,1980,9.65,Oceania,0.0
American Samoa,ASM,1981,9.65,Oceania,0.0
American Samoa,ASM,1982,9.65,Oceania,0.0
American Samoa,ASM,1983,9.65,Oceania,0.0
American Samoa,ASM,1984,9.65,Oceania,0.0
American Samoa,ASM,1985,9.65,Oceania,0.0
American Samoa,ASM,1986,9.65,Oceania,0.0
American Samoa,ASM,1987,9.65,Oceania,0.0
American Samoa,ASM,1988,9.65,Oceania,0.0
American Samoa,ASM,1989,9.65,Oceania,0.0
American Samoa,ASM,1990,9.65,Oceania,0.0
American Samoa,ASM,1991,9.82,Oceania,0.16999999999999993
American Samoa,ASM,1992,9.99,Oceania,0.16999999999999993
American Samoa,ASM,1993,10.16,Oceania,0.16999999999999993
American Samoa,ASM,1994,10.33,Oceania,0.16999999999999993
American Samoa,ASM,1995,10.5,Oceania,0.16999999999999993
American Samoa,ASM,1996,10.67,Oceania,0.16999999999999993
American Samoa,ASM,1997,10.84,Oceania,0.16999999999999993
American Samoa,ASM,1998,11.01,Oceania,0.16999999999999993
American Samoa,ASM,1999,11.18,Oceania,0.16999999999999993
American Samoa,ASM,2000,11.35,Oceania,0.16999999999999993
American Samoa,ASM,2001,11.5,Oceania,0.15000000000000036
American Samoa,ASM,2002,11.65,Oceania,0.15000000000000036
American Samoa,ASM,2003,11.8,Oceania,0.15000000000000036
American Samoa,ASM,2004,11.95,Oceania,0.14999999999999858
American Samoa,ASM,2005,12.1,Oceania,0.15000000000000036
American Samoa,ASM,2006,12.25,Oceania,0.15000000000000036
American Samoa,ASM,2007,12.4,Oceania,0.15000000000000036
American Samoa,ASM,2008,12.55,Oceania,0.15000000000000036
American Samoa,ASM,2009,12.7,Oceania,0.14999999999999858
American Samoa,ASM,2010,12.85,Oceania,0.15000000000000036
American Samoa,ASM,2011,13.0,Oceania,0.15000000000000036
American Samoa,ASM,2012,13.15,Oceania,0.15000000000000036
American Samoa,ASM,2013,13.3,Oceania,0.15000000000000036
American Samoa,ASM,2014,13.45,Oceania,0.14999999999999858
American Samoa,ASM,2015,13.6,Oceania,0.15000000000000036
American Samoa,ASM,2016,13.750000000000002,Oceania,0.15000000000000213
American Samoa,ASM,2017,13.900000000000002,Oceania,0.15000000000000036
American Samoa,ASM,2018,14.05,Oceania,0.14999999999999858
American Samoa,ASM,2019,14.2,Oceania,0.14999999999999858
American Samoa,ASM,2020,14.35,Oceania,0.15000000000000036
American Samoa,ASM,2021,14.499999999999998,Oceania,0.14999999999999858
American Samoa,ASM,2022,14.499999999999998,Oceania,0.0
American Samoa,ASM,2023,14.8,Oceania,0.3000000000000025
Andorra,AND,1961,55.319148936170215,Europe,
Andorra,AND,1962,55.319148936170215,Europe,0.0
Andorra,AND,1963,55.319148936170215,Europe,0.0
Andorra,AND,1964,55.319148936170215,Europe,0.0
Andorra,AND,1965,55.319148936170215,Europe,0.0
Andorra,AND,1966,55.319148936170215,Europe,0.0
Andorra,AND,1967,55.319148936170215,Europe,0.0
Andorra,AND,1968,55.319148936170215,Europe,0.0
Andorra,AND,1969,55.319148936170215,Europe,0.0
Andorra,AND,1970,55.319148936170215,Europe,0.0
Andorra,AND,1971,53.191489361702125,Europe,-2.1276595744680904
Andorra,AND,1972,53.191489361702125,Europe,0.0
Andorra,AND,1973,51.06382978723404,Europe,-2.1276595744680833
Andorra,AND,1974,51.06382978723404,Europe,0.0
Andorra,AND,1975,51.06382978723404,Europe,0.0
Andorra,AND,1976,48.93617021276596,Europe,-2.1276595744680833
Andorra,AND,1977,48.93617021276596,Europe,0.0
Andorra,AND,1978,48.93617021276596,Europe,0.0
Andorra,AND,1979,48.93617021276596,Europe,0.0
Andorra,AND,1980,48.93617021276596,Europe,0.0
Andorra,AND,1981,48.93617021276596,Europe,0.0
Andorra,AND,1982,48.93617021276596,Europe,0.0
Andorra,AND,1983,48.93617021276596,Europe,0.0
Andorra,AND,1984,48.93617021276596,Europe,0.0
Andorra,AND,1985,48.93617021276596,Europe,0.0
Andorra,AND,1986,48.93617021276596,Europe,0.0
Andorra,AND,1987,48.93617021276596,Europe,0.0
Andorra,AND,1988,48.93617021276596,Europe,0.0
Andorra,AND,1989,48.93617021276596,Europe,0.0
Andorra,AND,1990,48.93617021276596,Europe,0.0
Andorra,AND,1991,48.93617021276596,Europe,0.0
Andorra,AND,1992,48.93617021276596,Europe,0.0
Andorra,AND,1993,48.93617021276596,Europe,0.0
Andorra,AND,1994,48.93617021276596,Europe,0.0
Andorra,AND,1995,48.93617021276596,Europe,0.0
Andorra,AND,1996,48.93617021276596,Europe,0.0
Andorra,AND,1997,48.93617021276596,Europe,0.0
Andorra,AND,1998,48.93617021276596,Europe,0.0
Andorra,AND,1999,48.93617021276596,Europe,0.0
Andorra,AND,2000,48.93617021276596,Europe,0.0
Andorra,AND,2001,48.40425531914894,Europe,-0.5319148936170208
Andorra,AND,2002,48.61702127659574,Europe,0.2127659574468055
Andorra,AND,2003,48.63829787234042,Europe,0.021276595744673443
Andorra,AND,2004,48.53191489361702,Europe,-0.10638297872339564
Andorra,AND,2005,46.38297872340426,Europe,-2.148936170212764
Andorra,AND,2006,46.34042553191489,Europe,-0.0425531914893682
Andorra,AND,2007,44.19148936170213,Europe,-2.1489361702127567
Andorra,AND,2008,44.17021276595744,Europe,-0.02127659574469476
Andorra,AND,2009,44.19148936170213,Europe,0.02127659574469476
Andorra,AND,2010,42.06382978723404,Europe,-2.1276595744680904
Andorra,AND,2011,42.06382978723404,Europe,0.0
Andorra,AND,2012,39.91489361702128,Europe,-2.148936170212764
Andorra,AND,2013,40.02127659574468,Europe,0.10638297872340274
Andorra,AND,2014,40.0,Europe,-0.02127659574468055
Andorra,AND,2015,40.02127659574468,Europe,0.02127659574468055
Andorra,AND,2016,40.04255319148936,Europe,0.02127659574468055
Andorra,AND,2017,40.04255319148936,Europe,0.0
Andorra,AND,2018,40.07234042553192,Europe,0.029787234042558453
Andorra,AND,2019,40.00021276595744,Europe,-0.07212765957447687
Andorra,AND,2020,39.95170212765957,Europe,-0.048510638297869946
Andorra,AND,2021,39.9068085106383,Europe,-0.04489361702127326
Andorra,AND,2022,39.9068085106383,Europe,0.0
Andorra,AND,2023,39.87404255319149,Europe,-0.03276595744681288
Angola,AGO,1961,36.237266383251786,Africa,
Angola,AGO,1962,36.2436833239753,Africa,0.0064169407235112885
Angola,AGO,1963,36.24127697120398,Africa,-0.002406352771316733
Angola,AGO,1964,36.247693911927485,Africa,0.006416940723504183
Angola,AGO,1965,36.24528755915617,Africa,-0.002406352771316733
Angola,AGO,1966,36.251704499879686,Africa,0.006416940723518394
Angola,AGO,1967,36.25731932301275,Africa,0.005614823133065272
Angola,AGO,1968,36.26373626373626,Africa,0.0064169407235112885
Angola,AGO,1969,36.27737226277373,Africa,0.013635999037468594
Angola,AGO,1970,36.25972567578407,Africa,-0.01764658698966315
Angola,AGO,1971,36.24127697120398,Africa,-0.01844870458008785
Angola,AGO,1972,36.22363038421433,Africa,-0.017646586989648938
Angola,AGO,1973,36.20518167963424,Africa,-0.018448704580094955
Angola,AGO,1974,36.18753509264458,Africa,-0.017646586989656043
Angola,AGO,1975,36.16988850565493,Africa,-0.017646586989648938
Angola,AGO,1976,35.99101628298709,Africa,-0.17887222266784164
Angola,AGO,1977,35.973369695997434,Africa,-0.017646586989656043
Angola,AGO,1978,35.954920991417346,Africa,-0.01844870458008785
Angola,AGO,1979,35.9292532285233,Africa,-0.025667762894045154
Angola,AGO,1980,35.90679393599102,Africa,-0.022459292532282404
Angola,AGO,1981,35.87711558514478,Africa,-0.02967835084623971
Angola,AGO,1982,35.85866688056469,Africa,-0.01844870458008785
Angola,AGO,1983,35.83700970562285,Africa,-0.021657174941843493
Angola,AGO,1984,35.81455041309056,Africa,-0.02245929253228951
Angola,AGO,1985,35.79690382610091,Africa,-0.017646586989648938
Angola,AGO,1986,35.73032806609449,Africa,-0.06657576000641541
Angola,AGO,1987,35.71268147910484,Africa,-0.017646586989656043
Angola,AGO,1988,35.69503489211519,Africa,-0.017646586989648938
Angola,AGO,1989,35.676586187535094,Africa,-0.018448704580094955
Angola,AGO,1990,35.658939600545445,Africa,-0.017646586989648938
Angola,AGO,1991,35.68059677548729,Africa,0.021657174941843493
Angola,AGO,1992,35.70305606801957,Africa,0.022459292532282404
Angola,AGO,1993,35.70225395042913,Africa,-0.0008021175904389111
Angola,AGO,1994,35.70225395042913,Africa,0.0
Angola,AGO,1995,35.68621159862036,Africa,-0.016042351808771116
Angola,AGO,1996,35.65172054223149,Africa,-0.034491056388873176
Angola,AGO,1997,35.65412689500281,Africa,0.0024063527713238386
Angola,AGO,1998,35.70466030320045,Africa,0.050533408197637186
Angola,AGO,1999,35.74797465308414,Africa,0.04331434988369409
Angola,AGO,2000,35.71268147910484,Africa,-0.03529317397930498
Angola,AGO,2001,35.62605277933745,Africa,-0.08662869976738818
Angola,AGO,2002,35.64450148391754,Africa,0.01844870458008785
Angola,AGO,2003,35.693430656934304,Africa,0.04892917301676647
Angola,AGO,2004,35.541830432341385,Africa,-0.15160022459291866
Angola,AGO,2005,35.43996149835566,Africa,-0.1018689339857275
Angola,AGO,2006,35.403064089195475,Africa,-0.036897409160182804
Angola,AGO,2007,35.48969278896286,Africa,0.08662869976738818
Angola,AGO,2008,35.449586909440924,Africa,-0.04010587952193845
Angola,AGO,2009,35.79850806128179,Africa,0.34892115184086236
Angola,AGO,2010,35.97497393117831,Africa,0.1764658698965249
Angola,AGO,2011,36.34876072832277,Africa,0.3737867971444615
Angola,AGO,2012,36.33833319964707,Africa,-0.010427528675705844
Angola,AGO,2013,36.486724953878245,Africa,0.14839175423117723
Angola,AGO,2014,36.63591882569985,Africa,0.14919387182160193
Angola,AGO,2015,36.72816234860031,Africa,0.09224352290046056
Angola,AGO,2016,36.75623646426566,Africa,0.028074115665354782
Angola,AGO,2017,36.70891152642978,Africa,-0.04732493783588154
Angola,AGO,2018,36.71933905510548,Africa,0.010427528675698738
Angola,AGO,2019,36.7819042271597,Africa,0.06256517205422085
Angola,AGO,2020,36.78832116788321,Africa,0.0064169407235112885
Angola,AGO,2021,36.83083340017647,Africa,0.042512232293262286
Angola,AGO,2022,36.94714045079009,Africa,0.11630705061361368
Angola,AGO,2023,36.947942568380526,Africa,0.0008021175904389111
Antigua and Barbuda,ATG,1961,22.727272727272727,North America,
Antigua and Barbuda,ATG,1962,20.454545454545457,North America,-2.27272727272727
Antigua and Barbuda,ATG,1963,20.454545454545457,North America,0.0
Antigua and Barbuda,ATG,1964,20.454545454545457,North America,0.0
Antigua and Barbuda,ATG,1965,20.454545454545457,North America,0.0
Antigua and Barbuda,ATG,1966,20.454545454545457,North America,0.0
Antigua and Barbuda,ATG,1967,20.454545454545457,North America,0.0
Antigua and Barbuda,ATG,1968,20.454545454545457,North America,0.0
Antigua and Barbuda,ATG,1969,20.454545454545457,North America,0.0
Antigua and Barbuda,ATG,1970,20.454545454545457,North America,0.0
Antigua and Barbuda,ATG,1971,22.727272727272727,North America,2.27272727272727
Antigua and Barbuda,ATG,1972,20.454545454545457,North America,-2.27272727272727
Antigua and Barbuda,ATG,1973,20.454545454545457,North America,0.0
Antigua and Barbuda,ATG,1974,20.454545454545457,North America,0.0
Antigua and Barbuda,ATG,1975,20.454545454545457,North America,0.0
Antigua and Barbuda,ATG,1976,20.454545454545457,North America,0.0
Antigua and Barbuda,ATG,1977,20.454545454545457,North America,0.0
Antigua and Barbuda,ATG,1978,20.454545454545457,North America,0.0
Antigua and Barbuda,ATG,1979,20.454545454545457,North America,0.0
Antigua and Barbuda,ATG,1980,20.454545454545457,North America,0.0
Antigua and Barbuda,ATG,1981,20.454545454545457,North America,0.0
Antigua and Barbuda,ATG,1982,20.454545454545457,North America,0.0
Antigua and Barbuda,ATG,1983,20.454545454545457,North America,0.0
Antigua and Barbuda,ATG,1984,20.454545454545457,North America,0.0
Antigua and Barbuda,ATG,1985,20.454545454545457,North America,0.0
Antigua and Barbuda,ATG,1986,20.454545454545457,North America,0.0
Antigua and Barbuda,ATG,1987,20.454545454545457,North America,0.0
Antigua and Barbuda,ATG,1988,20.454545454545457,North America,0.0
Antigua and Barbuda,ATG,1989,20.454545454545457,North America,0.0
Antigua and Barbuda,ATG,1990,20.454545454545457,North America,0.0
Antigua and Barbuda,ATG,1991,20.454545454545457,North America,0.0
Antigua and Barbuda,ATG,1992,20.454545454545457,North America,0.0
Antigua and Barbuda,ATG,1993,20.454545454545457,North America,0.0
Antigua and Barbuda,ATG,1994,20.454545454545457,North America,0.0
Antigua and Barbuda,ATG,1995,20.454545454545457,North America,0.0
Antigua and Barbuda,ATG,1996,20.454545454545457,North America,0.0
Antigua and Barbuda,ATG,1997,20.454545454545457,North America,0.0
Antigua and Barbuda,ATG,1998,20.454545454545457,North America,0.0
Antigua and Barbuda,ATG,1999,20.454545454545457,North America,0.0
Antigua and Barbuda,ATG,2000,20.454545454545457,North America,0.0
Antigua and Barbuda,ATG,2001,20.454545454545457,North America,0.0
Antigua and Barbuda,ATG,2002,20.454545454545457,North America,0.0
Antigua and Barbuda,ATG,2003,20.454545454545457,North America,0.0
Antigua and Barbuda,ATG,2004,20.454545454545457,North America,0.0
Antigua and Barbuda,ATG,2005,20.454545454545457,North America,0.0
Antigua and Barbuda,ATG,2006,20.454545454545457,North America,0.0
Antigua and Barbuda,ATG,2007,20.454545454545457,North America,0.0
Antigua and Barbuda,ATG,2008,20.454545454545457,North America,0.0
Antigua and Barbuda,ATG,2009,20.454545454545457,North America,0.0
Antigua and Barbuda,ATG,2010,20.454545454545457,North America,0.0
Antigua and Barbuda,ATG,2011,20.454545454545457,North America,0.0
Antigua and Barbuda,ATG,2012,20.454545454545457,North America,0.0
Antigua and Barbuda,ATG,2013,20.454545454545457,North America,0.0
Antigua and Barbuda,ATG,2014,20.454545454545457,North America,0.0
Antigua and Barbuda,ATG,2015,20.454545454545457,North America,0.0
Antigua and Barbuda,ATG,2016,20.454545454545457,North America,0.0
Antigua and Barbuda,ATG,2017,20.454545454545457,North America,0.0
Antigua and Barbuda,ATG,2018,20.454545454545457,North America,0.0
Antigua and Barbuda,ATG,2019,20.454545454545457,North America,0.0
Antigua and Barbuda,ATG,2020,20.454545454545457,North America,0.0
Antigua and Barbuda,ATG,2021,20.454545454545457,North America,0.0
Antigua and Barbuda,ATG,2022,20.454545454545457,North America,0.0
Antigua and Barbuda,ATG,2023,20.454545454545457,North America,0.0
Argentina,ARG,1961,50.36339519638688,South America,
Argentina,ARG,1962,49.85365532815189,South America,-0.5097398682349947
Argentina,ARG,1963,49.28398905246849,South America,-0.5696662756833959
Argentina,ARG,1964,48.70738008323925,South America,-0.5766089692292411
Argentina,ARG,1965,48.153060814341416,South America,-0.5543192688978351
Argentina,ARG,1966,47.84904391801776,South America,-0.3040168963236525
Argentina,ARG,1967,47.39411478830266,South America,-0.45492912971510435
Argentina,ARG,1968,47.2231052841206,South America,-0.1710095041820594
Argentina,ARG,1969,46.54600996093821,South America,-0.6770953231823924
Argentina,ARG,1970,46.54637536586168,South America,0.0003654049234711465
Argentina,ARG,1971,46.54637536586168,South America,0.0
Argentina,ARG,1972,46.54637536586168,South America,0.0
Argentina,ARG,1973,46.54637536586168,South America,0.0
Argentina,ARG,1974,46.54637536586168,South America,0.0
Argentina,ARG,1975,46.54637536586168,South America,0.0
Argentina,ARG,1976,46.54637536586168,South America,0.0
Argentina,ARG,1977,46.54637536586168,South America,0.0
Argentina,ARG,1978,46.54637536586168,South America,0.0
Argentina,ARG,1979,46.54637536586168,South America,0.0
Argentina,ARG,1980,46.54637536586168,South America,0.0
Argentina,ARG,1981,46.54637536586168,South America,0.0
Argentina,ARG,1982,46.54674077078514,South America,0.0003654049234640411
Argentina,ARG,1983,46.54710617570861,South America,0.0003654049234711465
Argentina,ARG,1984,46.54674077078514,South America,-0.0003654049234711465
Argentina,ARG,1985,46.54674077078514,South America,0.0
Argentina,ARG,1986,46.54674077078514,South America,0.0
Argentina,ARG,1987,46.54674077078514,South America,0.0
Argentina,ARG,1988,46.545279151091286,South America,-0.0014616196938561643
Argentina,ARG,1989,46.57816559420321,South America,0.03288644311192712
Argentina,ARG,1990,46.61287906193248,South America,0.03471346772926864
Argentina,ARG,1991,46.64759252966174,South America,0.03471346772926154
Argentina,ARG,1992,46.68230599739101,South America,0.03471346772926864
Argentina,ARG,1993,46.71701946512027,South America,0.03471346772926154
Argentina,ARG,1994,46.752829147619934,South America,0.03580968249966077
Argentina,ARG,1995,46.78827342519613,South America,0.035444277576196725
Argentina,ARG,1996,46.82371770277233,South America,0.035444277576196725
Argentina,ARG,1997,46.85770036065466,South America,0.033982657882333456
Argentina,ARG,1998,46.89241382838392,South America,0.03471346772926154
Argentina,ARG,1999,46.92237703210813,South America,0.029963203724207688
Argentina,ARG,2000,46.95818671460779,South America,0.03580968249966077
Argentina,ARG,2001,46.99326558726053,South America,0.03507887265273979
Argentina,ARG,2002,47.03126769930098,South America,0.03800211204045212
Argentina,ARG,2003,47.17498145570013,South America,0.1437137563991442
Argentina,ARG,2004,47.318695212099286,South America,0.1437137563991584
Argentina,ARG,2005,47.473736521125886,South America,0.15504130902660052
Argentina,ARG,2006,47.55339479444146,South America,0.07965827331557307
Argentina,ARG,2007,47.49109325499052,South America,-0.0623015394509423
Argentina,ARG,2008,46.423562771084775,South America,-1.0675304839057418
Argentina,ARG,2009,45.430209486642624,South America,-0.9933532844421507
Argentina,ARG,2010,46.13891233570481,South America,0.7087028490621847
Argentina,ARG,2011,45.7919603608739,South America,-0.3469519748309082
Argentina,ARG,2012,45.58130442249579,South America,-0.21065593837811036
Argentina,ARG,2013,44.9219312381015,South America,-0.6593731843942905
Argentina,ARG,2014,44.19591773273553,South America,-0.7260135053659695
Argentina,ARG,2015,44.12393606875459,South America,-0.0719816639809423
Argentina,ARG,2016,43.43242365777636,South America,-0.6915124109782269
Argentina,ARG,2017,42.98257610471043,South America,-0.44984755306592916
Argentina,ARG,2018,42.36139277740628,South America,-0.621183327304152
Argentina,ARG,2019,42.605848671205,South America,0.24445589379872246
Argentina,ARG,2020,43.000485988548206,South America,0.3946373173432036
Argentina,ARG,2021,43.10974206066452,South America,0.10925607211631672
Argentina,ARG,2022,43.42764434407989,South America,0.3179022834153642
Argentina,ARG,2023,42.4367915620695,South America,-0.9908527820103856
Armenia,ARM,1992,41.0958904109589,Asia,
Armenia,ARM,1993,41.48226203020723,Asia,0.3863716192483295
Armenia,ARM,1994,42.149631190727085,Asia,0.6673691605198542
Armenia,ARM,1995,43.69511766772041,Asia,1.5454864769933252
Armenia,ARM,1996,45.87284861257464,Asia,2.1777309448542326
Armenia,ARM,1997,46.78609062170706,Asia,0.9132420091324178
Armenia,ARM,1998,46.6455918510713,Asia,-0.14049877063575877
Armenia,ARM,1999,46.4699683877766,Asia,-0.17562346329469847
Armenia,ARM,2000,46.4699683877766,Asia,0.0
Armenia,ARM,2001,46.6455918510713,Asia,0.17562346329469847
Armenia,ARM,2002,48.85844748858448,Asia,2.2128556375131794
Armenia,ARM,2003,50.72005619950826,Asia,1.8616087109237753
Armenia,ARM,2004,52.86266245170354,Asia,2.1426062521952858
Armenia,ARM,2005,56.37513171759747,Asia,3.5124692658939267
Armenia,ARM,2006,61.69301018616087,Asia,5.3178784685634
Armenia,ARM,2007,61.53494906919564,Asia,-0.15806111696522862
Armenia,ARM,2008,61.42606252195293,Asia,-0.10888654724271163
Armenia,ARM,2009,61.33825079030558,Asia,-0.08781173164734923
Armenia,ARM,2010,60.94134176325957,Asia,-0.39690902704600717
Armenia,ARM,2011,59.64524060414471,Asia,-1.296101159114862
Armenia,ARM,2012,59.11485774499473,Asia,-0.5303828591499808
Armenia,ARM,2013,59.11485774499473,Asia,0.0
Armenia,ARM,2014,59.03407095187917,Asia,-0.08078679311555703
Armenia,ARM,2015,58.89357218124341,Asia,-0.14049877063576588
Armenia,ARM,2016,58.89708465050931,Asia,0.003512469265906759
Armenia,ARM,2017,58.87249736564805,Asia,-0.02458728486126205
Armenia,ARM,2018,58.91464699683878,Asia,0.042149631190731895
Armenia,ARM,2019,58.9041095890411,Asia,-0.01053740779768475
Armenia,ARM,2020,59.43808314309719,Asia,0.5339735540560895
Armenia,ARM,2021,59.39690939738818,Asia,-0.04117374570900978
Armenia,ARM,2022,58.61342094138941,Asia,-0.7834884559987714
Armenia,ARM,2023,58.59336213768784,Asia,-0.02005880370156632
Aruba,ABW,1961,11.11111111111111,Other,
Aruba,ABW,1962,11.11111111111111,Other,0.0
Aruba,ABW,1963,11.11111111111111,Other,0.0
Aruba,ABW,1964,11.11111111111111,Other,0.0
Aruba,ABW,1965,11.11111111111111,Other,0.0
Aruba,ABW,1966,11.11111111111111,Other,0.0
Aruba,ABW,1967,11.11111111111111,Other,0.0
Aruba,ABW,1968,11.11111111111111,Other,0.0
Aruba,ABW,1969,11.11111111111111,Other,0.0
Aruba,ABW,1970,11.11111111111111,Other,0.0
Aruba,ABW,1971,11.11111111111111,Other,0.0
Aruba,ABW,1972,11.11111111111111,Other,0.0
Aruba,ABW,1973,11.11111111111111,Other,0.0
Aruba,ABW,1974,11.11111111111111,Other,0.0
Aruba,ABW,1975,11.11111111111111,Other,0.0
Aruba,ABW,1976,11.11111111111111,Other,0.0
Aruba,ABW,1977,11.11111111111111,Other,0.0
Aruba,ABW,1978,11.11111111111111,Other,0.0
Aruba,ABW,1979,11.11111111111111,Other,0.0
Aruba,ABW,1980,11.11111111111111,Other,0.0
Aruba,ABW,1981,11.11111111111111,Other,0.0
Aruba,ABW,1982,11.11111111111111,Other,0.0
Aruba,ABW,1983,11.11111111111111,Other,0.0
Aruba,ABW,1984,11.11111111111111,Other,0.0
Aruba,ABW,1985,11.11111111111111,Other,0.0
Aruba,ABW,1986,11.11111111111111,Other,0.0
Aruba,ABW,1987,11.11111111111111,Other,0.0
Aruba,ABW,1988,11.11111111111111,Other,0.0
Aruba,ABW,1989,11.11111111111111,Other,0.0
Aruba,ABW,1990,11.11111111111111,Other,0.0
Aruba,ABW,1991,11.11111111111111,Other,0.0
Aruba,ABW,1992,11.11111111111111,Other,0.0
Aruba,ABW,1993,11.11111111111111,Other,0.0
Aruba,ABW,1994,11.11111111111111,Other,0.0
Aruba,ABW,1995,11.11111111111111,Other,0.0
Aruba,ABW,1996,11.11111111111111,Other,0.0
Aruba,ABW,1997,11.11111111111111,Other,0.0
Aruba,ABW,1998,11.11111111111111,Other,0.0
Aruba,ABW,1999,11.11111111111111,Other,0.0
Aruba,ABW,2000,11.11111111111111,Other,0.0
Aruba,ABW,2001,11.11111111111111,Other,0.0
Aruba,ABW,2002,11.11111111111111,Other,0.0
Aruba,ABW,2003,11.11111111111111,Other,0.0
Aruba,ABW,2004,11.11111111111111,Other,0.0
Aruba,ABW,2005,11.11111111111111,Other,0.0
Aruba,ABW,2006,11.11111111111111,Other,0.0
Aruba,ABW,2007,11.11111111111111,Other,0.0
Aruba,ABW,2008,11.11111111111111,Other,0.0
Aruba,ABW,2009,11.11111111111111,Other,0.0
Aruba,ABW,2010,11.11111111111111,Other,0.0
Aruba,ABW,2011,11.11111111111111,Other,0.0
Aruba,ABW,2012,11.11111111111111,Other,0.0
Aruba,ABW,2013,11.11111111111111,Other,0.0
Aruba,ABW,2014,11.11111111111111,Other,0.0
Aruba,ABW,2015,11.11111111111111,Other,0.0
Aruba,ABW,2016,11.11111111111111,Other,0.0
Aruba,ABW,2017,11.11111111111111,Other,0.0
Aruba,ABW,2018,11.11111111111111,Other,0.0
Aruba,ABW,2019,11.11111111111111,Other,0.0
Aruba,ABW,2020,11.11111111111111,Other,0.0
Aruba,ABW,2021,11.11111111111111,Other,0.0
Aruba,ABW,2022,11.11111111111111,Other,0.0
Aruba,ABW,2023,11.11111111111111,Other,0.0
Australia,AUS,1961,61.76333187977559,Oceania,
Australia,AUS,1962,62.03779226273382,Oceania,0.2744603829582246
Australia,AUS,1963,62.39922655975424,Oceania,0.3614342970204234
Australia,AUS,1964,62.72910581466489,Oceania,0.32987925491065084
Australia,AUS,1965,63.29604298191948,Oceania,0.5669371672545864
Australia,AUS,1966,63.39618678000078,Oceania,0.10014379808130514
Australia,AUS,1967,63.72838393449878,Oceania,0.33219715449799736
Australia,AUS,1968,66.85101611496557,Oceania,3.1226321804667947
Australia,AUS,1969,66.5019615089231,Oceania,-0.34905460604247196
Australia,AUS,1970,64.2297877588743,Oceania,-2.2721737500488075
Australia,AUS,1971,65.02429828306627,Oceania,0.7945105241919777
Australia,AUS,1972,65.06059383257619,Oceania,0.03629554950991576
Australia,AUS,1973,64.81092901865327,Oceania,-0.2496648139229194
Australia,AUS,1974,65.13114562045222,Oceania,0.32021660179894695
Australia,AUS,1975,65.02570844668915,Oceania,-0.1054371737630646
Australia,AUS,1976,65.18126082032725,Oceania,0.15555237363810193
Australia,AUS,1977,63.97953737812895,Oceania,-1.2017234421983005
Australia,AUS,1978,64.57701469611965,Oceania,0.5974773179906947
Australia,AUS,1979,64.20447001549016,Oceania,-0.3725446806294883
Australia,AUS,1980,64.51687645626961,Oceania,0.3124064407794549
Australia,AUS,1981,64.5073740936959,Oceania,-0.00950236257371273
Australia,AUS,1982,63.88347239758926,Oceania,-0.6239016961066426
Australia,AUS,1983,62.974499824271376,Oceania,-0.9089725733178824
Australia,AUS,1984,63.33493875532067,Oceania,0.3604389310492948
Australia,AUS,1985,63.36526821394634,Oceania,0.030329458625665495
Australia,AUS,1986,60.98967757051924,Oceania,-2.3755906434270955
Australia,AUS,1987,61.31236738997436,Oceania,0.3226898194551211
Australia,AUS,1988,61.44670215950953,Oceania,0.13433476953516532
Australia,AUS,1989,60.80262421410255,Oceania,-0.6440779454069769
Australia,AUS,1990,60.45546255678638,Oceania,-0.3471616573161711
Australia,AUS,1991,60.24003228199888,Oceania,-0.21543027478750076
Australia,AUS,1992,60.6594379287453,Oceania,0.41940564674641934
Australia,AUS,1993,59.89052757637686,Oceania,-0.7689103523684366
Australia,AUS,1994,61.06803951941476,Oceania,1.1775119430378993
Australia,AUS,1995,60.318914908295696,Oceania,-0.7491246111190648
Australia,AUS,1996,60.558686851593926,Oceania,0.23977194329822993
Australia,AUS,1997,60.16856930867058,Oceania,-0.390117542923349
Australia,AUS,1998,60.3830883980058,Oceania,0.21451908933522645
Australia,AUS,1999,59.05692305689703,Oceania,-1.3261653411087764
Australia,AUS,2000,59.28810382307383,Oceania,0.23118076617680572
Australia,AUS,2001,59.31817294299884,Oceania,0.030069119925009602
Australia,AUS,2002,58.185699595173325,Oceania,-1.132473347825517
Australia,AUS,2003,57.20942946773753,Oceania,-0.9762701274357966
Australia,AUS,2004,51.40465745935462,Oceania,-5.804772008382912
Australia,AUS,2005,53.39937258373143,Oceania,1.9947151243768104
Australia,AUS,2006,53.27857542663005,Oceania,-0.12079715710137862
Australia,AUS,2007,51.853676633299926,Oceania,-1.4248987933301223
Australia,AUS,2008,50.67336604923005,Oceania,-1.180310584069879
Australia,AUS,2009,50.018484047746114,Oceania,-0.6548820014839336
Australia,AUS,2010,48.99209872043529,Oceania,-1.0263853273108268
Australia,AUS,2011,51.562813219999214,Oceania,2.570714499563927
Australia,AUS,2012,50.38543144631164,Oceania,-1.1773817736875714
Australia,AUS,2013,48.39371021699231,Oceania,-1.9917212293193316
Australia,AUS,2014,48.73839865665231,Oceania,0.34468843965999696
Australia,AUS,2015,45.31442406570949,Oceania,-3.4239745909428194
Australia,AUS,2016,44.53992579322467,Oceania,-0.77449827248482
Australia,AUS,2017,48.34061793911093,Oceania,3.8006921458862593
Australia,AUS,2018,46.65809501275348,Oceania,-1.68252292635745
Australia,AUS,2019,47.12377242908885,Oceania,0.4656774163353745
Australia,AUS,2020,46.25247984274612,Oceania,-0.871292586342733
Australia,AUS,2021,47.25923749548233,Oceania,1.006757652736212
Australia,AUS,2022,47.25923749548233,Oceania,0.0
Australia,AUS,2023,47.22344432281767,Oceania,-0.0357931726646612
Austria,AUT,1961,43.08531265147843,Europe,
Austria,AUT,1962,42.78962675714978,Europe,-0.2956858943286491
Austria,AUT,1963,42.29035385361124,Europe,-0.4992729035385395
Austria,AUT,1964,42.129180804653416,Europe,-0.1611730489578278
Austria,AUT,1965,41.98012603005332,Europe,-0.14905477460009564
Austria,AUT,1966,41.27484246243335,Europe,-0.705283567619972
Austria,AUT,1967,40.88342220067862,Europe,-0.39142026175472466
Austria,AUT,1968,40.70891904992729,Europe,-0.1745031507513346
Austria,AUT,1969,40.6095492001939,Europe,-0.09936984973339236
Austria,AUT,1970,40.42413960252061,Europe,-0.18540959767328502
Austria,AUT,1971,40.2435773145904,Europe,-0.1805622879302149
Austria,AUT,1972,40.07634512845371,Europe,-0.16723218613668678
Austria,AUT,1973,39.04750363548231,Europe,-1.0288414929714023
Austria,AUT,1974,38.86694134755211,Europe,-0.18056228793020068
Austria,AUT,1975,38.65123606398449,Europe,-0.21570528356761542
Austria,AUT,1976,38.5785264178381,Europe,-0.07270964614639297
Austria,AUT,1977,38.50702859912749,Europe,-0.07149781871061123
Austria,AUT,1978,38.54580707707223,Europe,0.03877847794474576
Austria,AUT,1979,38.0865244789142,Europe,-0.4592825981580333
Austria,AUT,1980,38.06349975763451,Europe,-0.023024721279689686
Austria,AUT,1981,38.23800290838585,Europe,0.1745031507513417
Austria,AUT,1982,38.08410082404266,Europe,-0.1539020843431942
Austria,AUT,1983,36.66868637905962,Europe,-1.4154144449830355
Austria,AUT,1984,36.75714978187106,Europe,0.08846340281143483
Austria,AUT,1985,36.80925836160931,Europe,0.05210857973825256
Austria,AUT,1986,36.67959282598158,Europe,-0.12966553562772987
Austria,AUT,1987,36.69413475521085,Europe,0.014541929229267225
Austria,AUT,1988,36.94013572467281,Europe,0.24600096946196004
Austria,AUT,1989,36.96800775569559,Europe,0.02787203102278113
Austria,AUT,1990,36.64444983034416,Europe,-0.32355792535143024
Austria,AUT,1991,36.80198739699467,Europe,0.157537566650511
Austria,AUT,1992,36.512360639844886,Europe,-0.28962675714978303
Austria,AUT,1993,36.34270479883664,Europe,-0.16965584100824316
Austria,AUT,1994,36.28332525448376,Europe,-0.059379544352879066
Austria,AUT,1995,36.12578768783325,Europe,-0.157537566650511
Austria,AUT,1996,36.031265147842944,Europe,-0.09452253999030802
Austria,AUT,1997,35.925836160930686,Europe,-0.10542898691225844
Austria,AUT,1998,35.86888027144934,Europe,-0.056955889481344
Austria,AUT,1999,35.811924381968005,Europe,-0.0569558894813369
Austria,AUT,2000,35.63015026660204,Europe,-0.18177411536596821
Austria,AUT,2001,35.338099854580705,Europe,-0.2920504120213323
Austria,AUT,2002,35.16965584100824,Europe,-0.16844401357246142
Austria,AUT,2003,34.964008725157534,Europe,-0.20564711585070938
Austria,AUT,2004,34.74793989335919,Europe,-0.21606883179834568
Austria,AUT,2005,34.61948618516723,Europe,-0.12845370819195523
Austria,AUT,2006,34.455889481337856,Europe,-0.16359670382937708
Austria,AUT,2007,34.2959282598158,Europe,-0.15996122152205317
Austria,AUT,2008,34.04507998061076,Europe,-0.2508482792050444
Austria,AUT,2009,33.87057682985943,Europe,-0.1745031507513275
Austria,AUT,2010,33.67910809500727,Europe,-0.1914687348521582
Austria,AUT,2011,33.413717886572954,Europe,-0.2653902084343187
Austria,AUT,2012,33.145904023267086,Europe,-0.267813863305868
Austria,AUT,2013,32.91808046534174,Europe,-0.2278235579253476
Austria,AUT,2014,32.891420261754725,Europe,-0.026660203587013598
Austria,AUT,2015,32.942922927775086,Europe,0.05150266602036169
Austria,AUT,2016,32.35785264178381,Europe,-0.5850702859912786
Austria,AUT,2017,32.16941347552108,Europe,-0.18843916626272517
Austria,AUT,2018,32.147721764420744,Europe,-0.021691711100338296
Austria,AUT,2019,32.12809015996122,Europe,-0.019631604459526386
Austria,AUT,2020,31.539812166747456,Europe,-0.5882779932137616
Austria,AUT,2021,31.537668444013573,Europe,-0.002143722733883635
Austria,AUT,2022,31.47658385845856,Europe,-0.06108458555501173
Austria,AUT,2023,31.474345613184685,Europe,-0.0022382452738760605
Azerbaijan,AZE,1992,53.42898686566446,Asia,
Azerbaijan,AZE,1993,53.55396133001671,Asia,0.12497446435224902
Azerbaijan,AZE,1994,53.90725452732013,Asia,0.35329319730341524
Azerbaijan,AZE,1995,53.94450653111744,Asia,0.03725200379731319
Azerbaijan,AZE,1996,54.390328899143206,Asia,0.445822368025766
Azerbaijan,AZE,1997,55.14137736279847,Asia,0.7510484636552661
Azerbaijan,AZE,1998,56.34838492273624,Asia,1.2070075599377645
Azerbaijan,AZE,1999,56.7365939181428,Asia,0.38820899540656484
Azerbaijan,AZE,2000,57.386356758065496,Asia,0.649762839922694
Azerbaijan,AZE,2001,57.45000242119026,Asia,0.06364566312476683
Azerbaijan,AZE,2002,57.4317945241957,Asia,-0.018207896994560713
Azerbaijan,AZE,2003,57.525528722837926,Asia,0.09373419864222399
Azerbaijan,AZE,2004,57.51524095219664,Asia,-0.010287770641284055
Azerbaijan,AZE,2005,57.56835228647471,Asia,0.053111334278071354
Azerbaijan,AZE,2006,57.552912133789945,Asia,-0.015440152684767838
Azerbaijan,AZE,2007,57.56453545365429,Asia,0.011623319864341397
Azerbaijan,AZE,2008,57.56834932891186,Asia,0.003813875257570487
Azerbaijan,AZE,2009,57.57909515625378,Asia,0.0107458273419212
Azerbaijan,AZE,2010,57.67034456058846,Asia,0.09124940433468254
Azerbaijan,AZE,2011,57.69193544484502,Asia,0.021590884256561083
Azerbaijan,AZE,2012,57.68709622783034,Asia,-0.0048392170146840385
Azerbaijan,AZE,2013,57.70454517959327,Asia,0.01744895176292971
Azerbaijan,AZE,2014,57.70054316925347,Asia,-0.0040020103397964135
Azerbaijan,AZE,2015,57.70175290033026,Asia,0.0012097310767913427
Azerbaijan,AZE,2016,57.73557517842023,Asia,0.033822278089964186
Azerbaijan,AZE,2017,57.79560136459316,Asia,0.06002618617293365
Azerbaijan,AZE,2018,57.82539260047911,Asia,0.029791235885952005
Azerbaijan,AZE,2019,57.82781232608222,Asia,0.002419725603104439
Azerbaijan,AZE,2020,57.83824988505191,Asia,0.010437558969691452
Azerbaijan,AZE,2021,57.84150030248034,Asia,0.0032504174284326837
Azerbaijan,AZE,2022,57.84029038112523,Asia,-0.0012099213551124421
Azerbaijan,AZE,2023,57.82940108892922,Asia,-0.01088929219601198
"Bahamas, The",BHS,1961,0.999000999000999,North America,
"Bahamas, The",BHS,1962,0.999000999000999,North America,0.0
"Bahamas, The",BHS,1963,0.999000999000999,North America,0.0
"Bahamas, The",BHS,1964,0.999000999000999,North America,0.0
"Bahamas, The",BHS,1965,0.999000999000999,North America,0.0
"Bahamas, The",BHS,1966,0.999000999000999,North America,0.0
"Bahamas, The",BHS,1967,0.999000999000999,North America,0.0
"Bahamas, The",BHS,1968,0.999000999000999,North America,0.0
"Bahamas, The",BHS,1969,0.999000999000999,North America,0.0
"Bahamas, The",BHS,1970,0.999000999000999,North America,0.0
"Bahamas, The",BHS,1971,0.999000999000999,North America,0.0
"Bahamas, The",BHS,1972,0.999000999000999,North America,0.0
"Bahamas, The",BHS,1973,0.999000999000999,North America,0.0
"Bahamas, The",BHS,1974,0.999000999000999,North America,0.0
"Bahamas, The",BHS,1975,0.999000999000999,North America,0.0
"Bahamas, The",BHS,1976,1.098901098901099,North America,0.09990009990009996
"Bahamas, The",BHS,1977,1.098901098901099,North America,0.0
"Bahamas, The",BHS,1978,1.098901098901099,North America,0.0
"Bahamas, The",BHS,1979,1.098901098901099,North America,0.0
"Bahamas, The",BHS,1980,1.098901098901099,North America,0.0
"Bahamas, The",BHS,1981,1.098901098901099,North America,0.0
"Bahamas, The",BHS,1982,1.098901098901099,North America,0.0
"Bahamas, The",BHS,1983,1.098901098901099,North America,0.0
"Bahamas, The",BHS,1984,1.098901098901099,North America,0.0
"Bahamas, The",BHS,1985,1.098901098901099,North America,0.0
"Bahamas, The",BHS,1986,1.098901098901099,North America,0.0
"Bahamas, The",BHS,1987,1.098901098901099,North America,0.0
"Bahamas, The",BHS,1988,1.098901098901099,North America,0.0
"Bahamas, The",BHS,1989,1.098901098901099,North America,0.0
"Bahamas, The",BHS,1990,1.098901098901099,North America,0.0
"Bahamas, The",BHS,1991,1.098901098901099,North America,0.0
"Bahamas, The",BHS,1992,1.098901098901099,North America,0.0
"Bahamas, The",BHS,1993,1.098901098901099,North America,0.0
"Bahamas, The",BHS,1994,0.999000999000999,North America,-0.09990009990009996
"Bahamas, The",BHS,1995,0.999000999000999,North America,0.0
"Bahamas, The",BHS,1996,0.999000999000999,North America,0.0
"Bahamas, The",BHS,1997,0.999000999000999,North America,0.0
"Bahamas, The",BHS,1998,0.999000999000999,North America,0.0
"Bahamas, The",BHS,1999,0.999000999000999,North America,0.0
"Bahamas, The",BHS,2000,1.098901098901099,North America,0.09990009990009996
"Bahamas, The",BHS,2001,1.098901098901099,North America,0.0
"Bahamas, The",BHS,2002,1.098901098901099,North America,0.0
"Bahamas, The",BHS,2003,1.098901098901099,North America,0.0
"Bahamas, The",BHS,2004,1.098901098901099,North America,0.0
"Bahamas, The",BHS,2005,1.098901098901099,North America,0.0
"Bahamas, The",BHS,2006,1.098901098901099,North America,0.0
"Bahamas, The",BHS,2007,1.098901098901099,North America,0.0
"Bahamas, The",BHS,2008,1.098901098901099,North America,0.0
"Bahamas, The",BHS,2009,1.098901098901099,North America,0.0
"Bahamas, The",BHS,2010,1.1988011988011988,North America,0.09990009990009985
"Bahamas, The",BHS,2011,1.2987012987012987,North America,0.09990009990009985
"Bahamas, The",BHS,2012,1.2987012987012987,North America,0.0
"Bahamas, The",BHS,2013,1.2987012987012987,North America,0.0
"Bahamas, The",BHS,2014,1.2987012987012987,North America,0.0
"Bahamas, The",BHS,2015,1.2987012987012987,North America,0.0
"Bahamas, The",BHS,2016,1.2987012987012987,North America,0.0
"Bahamas, The",BHS,2017,1.2987012987012987,North America,0.0
"Bahamas, The",BHS,2018,1.2987012987012987,North America,0.0
"Bahamas, The",BHS,2019,1.2987012987012987,North America,0.0
"Bahamas, The",BHS,2020,1.2987012987012987,North America,0.0
"Bahamas, The",BHS,2021,1.2987012987012987,North America,0.0
"Bahamas, The",BHS,2022,1.2987012987012987,North America,0.0
"Bahamas, The",BHS,2023,1.2987012987012987,North America,0.0
Bahrain,BHR,1961,14.492753623188406,Asia,
Bahrain,BHR,1962,14.492753623188406,Asia,0.0
Bahrain,BHR,1963,14.492753623188406,Asia,0.0
Bahrain,BHR,1964,14.492753623188406,Asia,0.0
Bahrain,BHR,1965,14.492753623188406,Asia,0.0
Bahrain,BHR,1966,14.492753623188406,Asia,0.0
Bahrain,BHR,1967,14.492753623188406,Asia,0.0
Bahrain,BHR,1968,14.492753623188406,Asia,0.0
Bahrain,BHR,1969,14.492753623188406,Asia,0.0
Bahrain,BHR,1970,14.492753623188406,Asia,0.0
Bahrain,BHR,1971,14.492753623188406,Asia,0.0
Bahrain,BHR,1972,14.492753623188406,Asia,0.0
Bahrain,BHR,1973,14.492753623188406,Asia,0.0
Bahrain,BHR,1974,14.492753623188406,Asia,0.0
Bahrain,BHR,1975,14.492753623188406,Asia,0.0
Bahrain,BHR,1976,14.492753623188406,Asia,0.0
Bahrain,BHR,1977,14.492753623188406,Asia,0.0
Bahrain,BHR,1978,14.492753623188406,Asia,0.0
Bahrain,BHR,1979,14.492753623188406,Asia,0.0
Bahrain,BHR,1980,14.492753623188406,Asia,0.0
Bahrain,BHR,1981,14.492753623188406,Asia,0.0
Bahrain,BHR,1982,14.492753623188406,Asia,0.0
Bahrain,BHR,1983,14.492753623188406,Asia,0.0
Bahrain,BHR,1984,14.492753623188406,Asia,0.0
Bahrain,BHR,1985,14.492753623188406,Asia,0.0
Bahrain,BHR,1986,14.492753623188406,Asia,0.0
Bahrain,BHR,1987,14.492753623188406,Asia,0.0
Bahrain,BHR,1988,14.492753623188406,Asia,0.0
Bahrain,BHR,1989,14.492753623188406,Asia,0.0
Bahrain,BHR,1990,14.492753623188406,Asia,0.0
Bahrain,BHR,1991,14.492753623188406,Asia,0.0
Bahrain,BHR,1992,14.084507042253522,Asia,-0.4082465809348843
Bahrain,BHR,1993,14.084507042253522,Asia,0.0
Bahrain,BHR,1994,14.084507042253522,Asia,0.0
Bahrain,BHR,1995,14.084507042253522,Asia,0.0
Bahrain,BHR,1996,14.084507042253522,Asia,0.0
Bahrain,BHR,1997,14.084507042253522,Asia,0.0
Bahrain,BHR,1998,14.084507042253522,Asia,0.0
Bahrain,BHR,1999,14.084507042253522,Asia,0.0
Bahrain,BHR,2000,13.943661971830986,Asia,-0.1408450704225359
Bahrain,BHR,2001,13.788732394366196,Asia,-0.15492957746478986
Bahrain,BHR,2002,13.64788732394366,Asia,-0.1408450704225359
Bahrain,BHR,2003,13.305555555555555,Asia,-0.34233176838810486
Bahrain,BHR,2004,12.986301369863012,Asia,-0.31925418569254305
Bahrain,BHR,2005,12.662162162162163,Asia,-0.32413920770084914
Bahrain,BHR,2006,12.527027027027026,Asia,-0.13513513513513686
Bahrain,BHR,2007,12.213333333333331,Asia,-0.31369369369369515
Bahrain,BHR,2008,11.921052631578949,Asia,-0.2922807017543825
Bahrain,BHR,2009,11.776315789473683,Asia,-0.1447368421052655
Bahrain,BHR,2010,11.614173228346456,Asia,-0.16214256112722758
Bahrain,BHR,2011,11.395045632333767,Asia,-0.21912759601268839
Bahrain,BHR,2012,11.22077922077922,Asia,-0.17426641155454803
Bahrain,BHR,2013,11.07792207792208,Asia,-0.1428571428571388
Bahrain,BHR,2014,10.93385214007782,Asia,-0.14406993784426092
Bahrain,BHR,2015,10.69408740359897,Asia,-0.23976473647884866
Bahrain,BHR,2016,10.55198973042362,Asia,-0.1420976731753516
Bahrain,BHR,2017,10.397435897435898,Asia,-0.1545538329877214
Bahrain,BHR,2018,10.411311053984576,Asia,0.013875156548678547
Bahrain,BHR,2019,10.384615384615383,Asia,-0.026695669369193098
Bahrain,BHR,2020,10.318471337579618,Asia,-0.06614404703576504
Bahrain,BHR,2021,10.253164556962028,Asia,-0.06530678061758977
Bahrain,BHR,2022,10.253164556962028,Asia,0.0
Bahrain,BHR,2023,10.125,Asia,-0.12816455696202844
Bangladesh,BGD,1961,72.82784051624799,Asia,
Bangladesh,BGD,1962,72.80479373127449,Asia,-0.0230467849735021
Bangladesh,BGD,1963,72.82784051624799,Asia,0.0230467849735021
Bangladesh,BGD,1964,73.13513098256126,Asia,0.30729046631327606
Bangladesh,BGD,1965,74.03395559652762,Asia,0.8988246139663545
Bangladesh,BGD,1966,74.13382499807943,Asia,0.09986940155181401
Bangladesh,BGD,1967,74.47952677268188,Asia,0.3457017746024462
Bangladesh,BGD,1968,74.27978796957825,Asia,-0.19973880310362802
Bangladesh,BGD,1969,74.32588153952524,Asia,0.04609356994698999
Bangladesh,BGD,1970,74.49489129599755,Asia,0.1690097564723061
Bangladesh,BGD,1971,74.47952677268188,Asia,-0.015364523315668066
Bangladesh,BGD,1972,76.75347622340017,Asia,2.273949450718291
Bangladesh,BGD,1973,76.73811170008452,Asia,-0.015364523315653855
Bangladesh,BGD,1974,76.73811170008452,Asia,0.0
Bangladesh,BGD,1975,76.85334562495198,Asia,0.11523392486746786
Bangladesh,BGD,1976,76.807252055005,Asia,-0.04609356994698999
Bangladesh,BGD,1977,76.75347622340017,Asia,-0.05377583160482402
Bangladesh,BGD,1978,76.72274717676885,Asia,-0.03072904663132192
Bangladesh,BGD,1979,76.69201813013751,Asia,-0.030729046631336132
Bangladesh,BGD,1980,76.72274717676885,Asia,0.030729046631336132
Bangladesh,BGD,1981,76.67665360682184,Asia,-0.0460935699470042
Bangladesh,BGD,1982,76.65360682184836,Asia,-0.023046784973487888
Bangladesh,BGD,1983,76.54605515863871,Asia,-0.10755166320964804
Bangladesh,BGD,1984,77.28355227779058,Asia,0.7374971191518682
Bangladesh,BGD,1985,77.03003764308212,Asia,-0.25351463470845204
Bangladesh,BGD,1986,77.13758930629177,Asia,0.10755166320964804
Bangladesh,BGD,1987,77.70607666897135,Asia,0.5684873626795763
Bangladesh,BGD,1988,80.10294230621496,Asia,2.3968656372436072
Bangladesh,BGD,1989,80.22585849274026,Asia,0.1229161865253019
Bangladesh,BGD,1990,79.78796957824383,Asia,-0.4378889144964262
Bangladesh,BGD,1991,79.28094030882691,Asia,-0.5070292694169183
Bangladesh,BGD,1992,73.3579165706384,Asia,-5.923023738188519
Bangladesh,BGD,1993,72.56664361988169,Asia,-0.7912729507567065
Bangladesh,BGD,1994,71.89060459399246,Asia,-0.6760390258892244
Bangladesh,BGD,1995,72.01352078051778,Asia,0.1229161865253161
Bangladesh,BGD,1996,71.65245448259968,Asia,-0.3610662979181001
Bangladesh,BGD,1997,71.9443804255973,Asia,0.2919259429976222
Bangladesh,BGD,1998,72.47445647998771,Asia,0.5300760543904062
Bangladesh,BGD,1999,72.87393408619498,Asia,0.39947760620727024
Bangladesh,BGD,2000,72.21325958362141,Asia,-0.6606745025735705
Bangladesh,BGD,2001,72.23630636859491,Asia,0.0230467849735021
Bangladesh,BGD,2002,71.85219328570331,Asia,-0.3841130828916022
Bangladesh,BGD,2003,71.66013674425751,Asia,-0.19205654144579398
Bangladesh,BGD,2004,71.62172543596836,Asia,-0.038411308289155954
Bangladesh,BGD,2005,71.52953829607436,Asia,-0.09218713989399419
Bangladesh,BGD,2006,71.29138818468157,Asia,-0.23815011139279818
Bangladesh,BGD,2007,71.18383652147192,Asia,-0.10755166320964804
Bangladesh,BGD,2008,71.0839671199201,Asia,-0.09986940155181401
Bangladesh,BGD,2009,71.03019128831528,Asia,-0.05377583160482402
Bangladesh,BGD,2010,70.99177998002611,Asia,-0.038411308289170165
Bangladesh,BGD,2011,70.1236844126911,Asia,-0.8680955673350041
Bangladesh,BGD,2012,70.06222631942845,Asia,-0.06145809326265805
Bangladesh,BGD,2013,69.97003917953447,Asia,-0.09218713989397997
Bangladesh,BGD,2014,69.90089882461396,Asia,-0.0691403549205063
Bangladesh,BGD,2015,70.38672505185527,Asia,0.4858262272413043
Bangladesh,BGD,2016,70.63232695705615,Asia,0.24560190520088554
Bangladesh,BGD,2017,70.57947299685027,Asia,-0.05285396020587996
Bangladesh,BGD,2018,70.69447645386802,Asia,0.11500345701774961
Bangladesh,BGD,2019,72.19021279864792,Asia,1.4957363447798997
Bangladesh,BGD,2020,72.44372743335637,Asia,0.25351463470845204
Bangladesh,BGD,2021,72.35154029346239,Asia,-0.09218713989397997
Bangladesh,BGD,2022,72.37064332872716,Asia,0.01910303526476298
Bangladesh,BGD,2023,72.311124788429,Asia,-0.05951854029815706
Barbados,BRB,1961,44.18604651162791,North America,
Barbados,BRB,1962,44.18604651162791,North America,0.0
Barbados,BRB,1963,44.18604651162791,North America,0.0
Barbados,BRB,1964,44.18604651162791,North America,0.0
Barbados,BRB,1965,44.18604651162791,North America,0.0
Barbados,BRB,1966,44.18604651162791,North America,0.0
Barbados,BRB,1967,44.18604651162791,North America,0.0
Barbados,BRB,1968,44.18604651162791,North America,0.0
Barbados,BRB,1969,44.18604651162791,North America,0.0
Barbados,BRB,1970,44.18604651162791,North America,0.0
Barbados,BRB,1971,44.18604651162791,North America,0.0
Barbados,BRB,1972,44.18604651162791,North America,0.0
Barbados,BRB,1973,44.18604651162791,North America,0.0
Barbados,BRB,1974,44.18604651162791,North America,0.0
Barbados,BRB,1975,44.18604651162791,North America,0.0
Barbados,BRB,1976,44.18604651162791,North America,0.0
Barbados,BRB,1977,44.18604651162791,North America,0.0
Barbados,BRB,1978,44.18604651162791,North America,0.0
Barbados,BRB,1979,44.18604651162791,North America,0.0
Barbados,BRB,1980,44.18604651162791,North America,0.0
Barbados,BRB,1981,44.18604651162791,North America,0.0
Barbados,BRB,1982,44.18604651162791,North America,0.0
Barbados,BRB,1983,44.18604651162791,North America,0.0
Barbados,BRB,1984,44.18604651162791,North America,0.0
Barbados,BRB,1985,44.18604651162791,North America,0.0
Barbados,BRB,1986,44.18604651162791,North America,0.0
Barbados,BRB,1987,44.18604651162791,North America,0.0
Barbados,BRB,1988,44.18604651162791,North America,0.0
Barbados,BRB,1989,44.18604651162791,North America,0.0
Barbados,BRB,1990,44.18604651162791,North America,0.0
Barbados,BRB,1991,44.18604651162791,North America,0.0
Barbados,BRB,1992,44.18604651162791,North America,0.0
Barbados,BRB,1993,44.18604651162791,North America,0.0
Barbados,BRB,1994,44.18604651162791,North America,0.0
Barbados,BRB,1995,44.18604651162791,North America,0.0
Barbados,BRB,1996,44.18604651162791,North America,0.0
Barbados,BRB,1997,44.18604651162791,North America,0.0
Barbados,BRB,1998,44.18604651162791,North America,0.0
Barbados,BRB,1999,41.86046511627907,North America,-2.3255813953488342
Barbados,BRB,2000,41.86046511627907,North America,0.0
Barbados,BRB,2001,41.86046511627907,North America,0.0
Barbados,BRB,2002,39.53488372093023,North America,-2.3255813953488413
Barbados,BRB,2003,39.53488372093023,North America,0.0
Barbados,BRB,2004,37.2093023255814,North America,-2.3255813953488342
Barbados,BRB,2005,37.2093023255814,North America,0.0
Barbados,BRB,2006,37.2093023255814,North America,0.0
Barbados,BRB,2007,37.2093023255814,North America,0.0
Barbados,BRB,2008,37.2093023255814,North America,0.0
Barbados,BRB,2009,37.2093023255814,North America,0.0
Barbados,BRB,2010,34.88372093023256,North America,-2.3255813953488342
Barbados,BRB,2011,32.55813953488372,North America,-2.3255813953488413
Barbados,BRB,2012,30.23255813953488,North America,-2.3255813953488413
Barbados,BRB,2013,29.069767441860467,North America,-1.1627906976744136
Barbados,BRB,2014,27.906976744186046,North America,-1.1627906976744207
Barbados,BRB,2015,25.58139534883721,North America,-2.325581395348838
Barbados,BRB,2016,23.25581395348837,North America,-2.325581395348838
Barbados,BRB,2017,23.25581395348837,North America,0.0
Barbados,BRB,2018,23.25581395348837,North America,0.0
Barbados,BRB,2019,23.25581395348837,North America,0.0
Barbados,BRB,2020,23.25581395348837,North America,0.0
Barbados,BRB,2021,23.25581395348837,North America,0.0
Barbados,BRB,2022,23.25581395348837,North America,0.0
Barbados,BRB,2023,23.25581395348837,North America,0.0
Belarus,BLR,1992,46.27749743751479,Europe,
Belarus,BLR,1993,46.103345622301525,Europe,-0.17415181521326417
Belarus,BLR,1994,46.06709451000109,Europe,-0.036251112300433874
Belarus,BLR,1995,46.03486010607883,Europe,-0.03223440392225996
Belarus,BLR,1996,46.00845928598894,Europe,-0.026400820089889976
Belarus,BLR,1997,45.87513248379384,Europe,-0.13332680219509996
Belarus,BLR,1998,45.88594333157487,Europe,0.010810847781030475
Belarus,BLR,1999,45.756402987650056,Europe,-0.12954034392481617
Belarus,BLR,2000,45.61050638902035,Europe,-0.1458965986297045
Belarus,BLR,2001,45.00009859793733,Europe,-0.6104077910830199
Belarus,BLR,2002,44.4956096021772,Europe,-0.5044889957601342
Belarus,BLR,2003,44.3039846962421,Europe,-0.1916249059351003
Belarus,BLR,2004,44.163400142987456,Europe,-0.1405845532546408
Belarus,BLR,2005,44.12003963852036,Europe,-0.043360504467095495
Belarus,BLR,2006,44.148957142293895,Europe,0.028917503773534747
Belarus,BLR,2007,43.94261240703594,Europe,-0.20634473525795727
Belarus,BLR,2008,43.94732432405792,Europe,0.0047119170219787065
Belarus,BLR,2009,43.997476564579244,Europe,0.05015224052132794
Belarus,BLR,2010,43.85368305881657,Europe,-0.14379350576267313
Belarus,BLR,2011,43.73860332166971,Europe,-0.11507973714686415
Belarus,BLR,2012,43.35161829284521,Europe,-0.3869850288244976
Belarus,BLR,2013,42.93177203461667,Europe,-0.4198462582285387
Belarus,BLR,2014,42.487917112128216,Europe,-0.4438549224884554
Belarus,BLR,2015,42.24201637615899,Europe,-0.24590073596922224
Belarus,BLR,2016,42.03548978264725,Europe,-0.20652659351174663
Belarus,BLR,2017,41.84483811850947,Europe,-0.1906516641377749
Belarus,BLR,2018,41.64449699477781,Europe,-0.20034112373166124
Belarus,BLR,2019,41.32239548690661,Europe,-0.32210150787120284
Belarus,BLR,2020,40.797122869248206,Europe,-0.5252726176584019
Belarus,BLR,2021,40.27593003202759,Europe,-0.5211928372206174
Belarus,BLR,2022,39.87388541307453,Europe,-0.402044618953056
Belarus,BLR,2023,39.57966923338408,Europe,-0.29421617969045144
Belgium,BEL,2000,45.81149243398279,Europe,
Belgium,BEL,2001,45.7191837272937,Europe,-0.09230870668909574
Belgium,BEL,2002,45.79500873635974,Europe,0.07582500906604395
Belgium,BEL,2003,45.89720766162266,Europe,0.1021989252629183
Belgium,BEL,2004,45.86753700590116,Europe,-0.029670655721496075
Belgium,BEL,2005,45.59390762535852,Europe,-0.2736293805426442
Belgium,BEL,2006,45.495005439620215,Europe,-0.09890218573830367
Belgium,BEL,2007,45.06313256189628,Europe,-0.4318728777239329
Belgium,BEL,2008,45.010384729502526,Europe,-0.0527478323937558
Belgium,BEL,2009,44.95434015758415,Europe,-0.05604457191837753
Belgium,BEL,2010,44.69389773513995,Europe,-0.2604424224441999
Belgium,BEL,2011,44.03454983021792,Europe,-0.6593479049220292
Belgium,BEL,2012,43.912570467807335,Europe,-0.12197936241058471
Belgium,BEL,2013,44.0609237464148,Europe,0.14835327860746617
Belgium,BEL,2014,43.88949329113507,Europe,-0.171430455279733
Belgium,BEL,2015,43.780700886822935,Europe,-0.10879240431213333
Belgium,BEL,2016,44.53235749843405,Europe,0.7516566116111179
Belgium,BEL,2017,43.74773349157683,Europe,-0.7846240068572214
Belgium,BEL,2018,44.40363362083101,Europe,0.655900129254178
Belgium,BEL,2019,44.467764150324655,Europe,0.06413052949364584
Belgium,BEL,2020,44.750091821341904,Europe,0.2823276710172493
Belgium,BEL,2021,44.78487571325507,Europe,0.034783891913164666
Belgium,BEL,2022,44.566144159506784,Europe,-0.21873155374828457
Belgium,BEL,2023,44.37922214206073,Europe,-0.18692201744605086
Belize,BLZ,1961,3.463393248575186,North America,
Belize,BLZ,1962,3.463393248575186,North America,0.0
Belize,BLZ,1963,3.5072336694432265,North America,0.0438404208680403
Belize,BLZ,1964,3.5072336694432265,North America,0.0
Belize,BLZ,1965,3.5072336694432265,North America,0.0
Belize,BLZ,1966,3.5510740903112668,North America,0.0438404208680403
Belize,BLZ,1967,3.5510740903112668,North America,0.0
Belize,BLZ,1968,3.5510740903112668,North America,0.0
Belize,BLZ,1969,3.5949145111793075,North America,0.04384042086804074
Belize,BLZ,1970,3.5949145111793075,North America,0.0
Belize,BLZ,1971,3.638754932047348,North America,0.0438404208680403
Belize,BLZ,1972,3.638754932047348,North America,0.0
Belize,BLZ,1973,3.682595352915388,North America,0.0438404208680403
Belize,BLZ,1974,3.682595352915388,North America,0.0
Belize,BLZ,1975,3.726435773783429,North America,0.04384042086804074
Belize,BLZ,1976,3.726435773783429,North America,0.0
Belize,BLZ,1977,3.7702761946514687,North America,0.04384042086803985
Belize,BLZ,1978,4.077159140727751,North America,0.3068829460762825
Belize,BLZ,1979,4.120999561595792,North America,0.043840420868041186
Belize,BLZ,1980,4.208680403331872,North America,0.0876808417360797
Belize,BLZ,1981,4.252520824199912,North America,0.0438404208680403
Belize,BLZ,1982,4.252520824199912,North America,0.0
Belize,BLZ,1983,4.252520824199912,North America,0.0
Belize,BLZ,1984,4.252520824199912,North America,0.0
Belize,BLZ,1985,4.427882507672074,North America,0.1753616834721612
Belize,BLZ,1986,4.515563349408154,North America,0.0876808417360806
Belize,BLZ,1987,4.910127137220517,North America,0.3945637878123627
Belize,BLZ,1988,5.041648399824639,North America,0.13152126260412178
Belize,BLZ,1989,5.26085050416484,North America,0.2192021043402015
Belize,BLZ,1990,5.523893029373082,North America,0.2630425252082418
Belize,BLZ,1991,5.699254712845243,North America,0.1753616834721612
Belize,BLZ,1992,5.962297238053485,North America,0.2630425252082418
Belize,BLZ,1993,6.269180184129768,North America,0.30688294607628297
Belize,BLZ,1994,6.269180184129768,North America,0.0
Belize,BLZ,1995,6.400701446733889,North America,0.1315212626041209
Belize,BLZ,1996,6.444541867601929,North America,0.0438404208680403
Belize,BLZ,1997,6.488382288469969,North America,0.0438404208680403
Belize,BLZ,1998,6.488382288469969,North America,0.0
Belize,BLZ,1999,6.57606313020605,North America,0.0876808417360806
Belize,BLZ,2000,6.53222270933801,North America,-0.0438404208680403
Belize,BLZ,2001,6.53222270933801,North America,0.0
Belize,BLZ,2002,6.6637439719421305,North America,0.1315212626041209
Belize,BLZ,2003,6.6637439719421305,North America,0.0
Belize,BLZ,2004,6.6637439719421305,North America,0.0
Belize,BLZ,2005,6.6637439719421305,North America,0.0
Belize,BLZ,2006,6.6637439719421305,North America,0.0
Belize,BLZ,2007,6.6637439719421305,North America,0.0
Belize,BLZ,2008,6.6637439719421305,North America,0.0
Belize,BLZ,2009,6.795265234546252,North America,0.13152126260412178
Belize,BLZ,2010,6.882946076282333,North America,0.0876808417360806
Belize,BLZ,2011,6.882946076282333,North America,0.0
Belize,BLZ,2012,7.014467338886453,North America,0.13152126260412
Belize,BLZ,2013,7.014467338886453,North America,0.0
Belize,BLZ,2014,7.014467338886453,North America,0.0
Belize,BLZ,2015,7.452871547566857,North America,0.43840420868040386
Belize,BLZ,2016,7.452871547566857,North America,0.0
Belize,BLZ,2017,7.540552389302937,North America,0.0876808417360806
Belize,BLZ,2018,7.540552389302937,North America,0.0
Belize,BLZ,2019,7.628233231039018,North America,0.0876808417360806
Belize,BLZ,2020,7.89127575624726,North America,0.2630425252082418
Belize,BLZ,2021,7.97895659798334,North America,0.0876808417360806
Belize,BLZ,2022,7.97895659798334,North America,0.0
Belize,BLZ,2023,7.97895659798334,North America,0.0
Benin,BEN,1961,12.544874068818729,Africa,
Benin,BEN,1962,12.727474281660164,Africa,0.1826002128414359
Benin,BEN,1963,12.909764100744944,Africa,0.18228981908477948
Benin,BEN,1964,13.069927279177012,Africa,0.16016317843206807
Benin,BEN,1965,13.26503192621497,Africa,0.19510464703795805
Benin,BEN,1966,13.531039375665127,Africa,0.2660074494501572
Benin,BEN,1967,13.919474991131606,Africa,0.388435615466479
Benin,BEN,1968,14.192621496984748,Africa,0.27314650585314126
Benin,BEN,1969,14.94346399432423,Africa,0.750842497339482
Benin,BEN,1970,15.135446967009578,Africa,0.19198297268534859
Benin,BEN,1971,15.569572543455129,Africa,0.4341255764455507
Benin,BEN,1972,15.845290883291948,Africa,0.2757183398368195
Benin,BEN,1973,16.013790351188366,Africa,0.16849946789641734
Benin,BEN,1974,16.25323696346222,Africa,0.23944661227385566
Benin,BEN,1975,16.608815182688897,Africa,0.35557821922667543
Benin,BEN,1976,16.843827598439162,Africa,0.23501241575026555
Benin,BEN,1977,17.138666193685705,Africa,0.2948385952465422
Benin,BEN,1978,17.326268180205748,Africa,0.18760198652004334
Benin,BEN,1979,17.5,Africa,0.17373181979425212
Benin,BEN,1980,17.774920184462577,Africa,0.2749201844625766
Benin,BEN,1981,18.04540617240156,Africa,0.27048598793898293
Benin,BEN,1982,18.404576090812345,Africa,0.35916991841078527
Benin,BEN,1983,18.39122915927634,Africa,-0.013346931536005968
Benin,BEN,1984,18.55972862717276,Africa,0.1684994678964209
Benin,BEN,1985,18.85291770131252,Africa,0.2931890741397609
Benin,BEN,1986,19.38612983327421,Africa,0.5332121319616903
Benin,BEN,1987,19.47481376374601,Africa,0.08868393047179879
Benin,BEN,1988,19.565094004966294,Africa,0.09028024122028455
Benin,BEN,1989,19.559772969137992,Africa,-0.005321035828302456
Benin,BEN,1990,20.05406172401561,Africa,0.49428875487761914
Benin,BEN,1991,20.116273501241576,Africa,0.06221177722596494
Benin,BEN,1992,20.31009223128769,Africa,0.1938187300461145
Benin,BEN,1993,20.62644554806669,Africa,0.3163533167790007
Benin,BEN,1994,21.169359702022,Africa,0.5429141539553086
Benin,BEN,1995,22.300576445548067,Africa,1.1312167435260676
Benin,BEN,1996,23.987539907768717,Africa,1.6869634622206497
Benin,BEN,1997,25.628494146860582,Africa,1.6409542390918652
Benin,BEN,1998,26.967186945725437,Africa,1.3386927988648551
Benin,BEN,1999,27.545193330968427,Africa,0.5780063852429898
Benin,BEN,2000,28.306810925860237,Africa,0.7616175948918098
Benin,BEN,2001,28.90678432068109,Africa,0.5999733948208537
Benin,BEN,2002,29.862885775097556,Africa,0.9561014544164657
Benin,BEN,2003,30.782165661582123,Africa,0.919279886484567
Benin,BEN,2004,30.67794430649166,Africa,-0.10422135509046271
Benin,BEN,2005,30.804824405817666,Africa,0.12688009932600508
Benin,BEN,2006,29.6144554806669,Africa,-1.1903689251507643
Benin,BEN,2007,29.967222419297624,Africa,0.3527669386307224
Benin,BEN,2008,31.78336289464349,Africa,1.8161404753458648
Benin,BEN,2009,33.17067222419298,Africa,1.3873093295494883
Benin,BEN,2010,30.92536360411493,Africa,-2.2453086200780454
Benin,BEN,2011,32.0979514012061,Africa,1.1725877970911718
Benin,BEN,2012,33.39123802766938,Africa,1.2932866264632779
Benin,BEN,2013,35.30102873359347,Africa,1.9097907059240882
Benin,BEN,2014,35.45496630010642,Africa,0.1539375665129512
Benin,BEN,2015,36.12294253281305,Africa,0.6679762327066285
Benin,BEN,2016,34.38049840368925,Africa,-1.7424441291237969
Benin,BEN,2017,36.30170184462576,Africa,1.9212034409365089
Benin,BEN,2018,39.56020397304008,Africa,3.258502128414321
Benin,BEN,2019,41.071385242993976,Africa,1.5111812699538945
Benin,BEN,2020,39.31401738205037,Africa,-1.757367860943603
Benin,BEN,2021,41.002345689960976,Africa,1.6883283079106022
Benin,BEN,2022,43.06236520042568,Africa,2.0600195104647057
Benin,BEN,2023,41.83001330258957,Africa,-1.2323518978361108
Bermuda,BMU,1961,7.4074074074074066,North America,
Bermuda,BMU,1962,5.555555555555555,North America,-1.8518518518518512
Bermuda,BMU,1963,5.555555555555555,North America,0.0
Bermuda,BMU,1964,7.4074074074074066,North America,1.8518518518518512
Bermuda,BMU,1965,7.4074074074074066,North America,0.0
Bermuda,BMU,1966,7.4074074074074066,North America,0.0
Bermuda,BMU,1967,7.4074074074074066,North America,0.0
Bermuda,BMU,1968,5.555555555555555,North America,-1.8518518518518512
Bermuda,BMU,1969,5.555555555555555,North America,0.0
Bermuda,BMU,1970,5.555555555555555,North America,0.0
Bermuda,BMU,1971,5.555555555555555,North America,0.0
Bermuda,BMU,1972,5.555555555555555,North America,0.0
Bermuda,BMU,1973,5.555555555555555,North America,0.0
Bermuda,BMU,1974,5.555555555555555,North America,0.0
Bermuda,BMU,1975,5.555555555555555,North America,0.0
Bermuda,BMU,1976,5.555555555555555,North America,0.0
Bermuda,BMU,1977,5.555555555555555,North America,0.0
Bermuda,BMU,1978,5.555555555555555,North America,0.0
Bermuda,BMU,1979,5.555555555555555,North America,0.0
Bermuda,BMU,1980,5.555555555555555,North America,0.0
Bermuda,BMU,1981,5.555555555555555,North America,0.0
Bermuda,BMU,1982,5.555555555555555,North America,0.0
Bermuda,BMU,1983,5.555555555555555,North America,0.0
Bermuda,BMU,1984,5.555555555555555,North America,0.0
Bermuda,BMU,1985,5.555555555555555,North America,0.0
Bermuda,BMU,1986,5.555555555555555,North America,0.0
Bermuda,BMU,1987,5.555555555555555,North America,0.0
Bermuda,BMU,1988,5.555555555555555,North America,0.0
Bermuda,BMU,1989,5.555555555555555,North America,0.0
Bermuda,BMU,1990,5.555555555555555,North America,0.0
Bermuda,BMU,1991,5.555555555555555,North America,0.0
Bermuda,BMU,1992,5.555555555555555,North America,0.0
Bermuda,BMU,1993,5.555555555555555,North America,0.0
Bermuda,BMU,1994,5.555555555555555,North America,0.0
Bermuda,BMU,1995,7.4074074074074066,North America,1.8518518518518512
Bermuda,BMU,1996,7.4074074074074066,North America,0.0
Bermuda,BMU,1997,7.4074074074074066,North America,0.0
Bermuda,BMU,1998,7.4074074074074066,North America,0.0
Bermuda,BMU,1999,7.4074074074074066,North America,0.0
Bermuda,BMU,2000,7.4074074074074066,North America,0.0
Bermuda,BMU,2001,7.4074074074074066,North America,0.0
Bermuda,BMU,2002,7.4074074074074066,North America,0.0
Bermuda,BMU,2003,7.4074074074074066,North America,0.0
Bermuda,BMU,2004,7.4074074074074066,North America,0.0
Bermuda,BMU,2005,7.4074074074074066,North America,0.0
Bermuda,BMU,2006,7.4074074074074066,North America,0.0
Bermuda,BMU,2007,7.4074074074074066,North America,0.0
Bermuda,BMU,2008,5.555555555555555,North America,-1.8518518518518512
Bermuda,BMU,2009,5.555555555555555,North America,0.0
Bermuda,BMU,2010,5.555555555555555,North America,0.0
Bermuda,BMU,2011,5.555555555555555,North America,0.0
Bermuda,BMU,2012,5.555555555555555,North America,0.0
Bermuda,BMU,2013,5.555555555555555,North America,0.0
Bermuda,BMU,2014,5.555555555555555,North America,0.0
Bermuda,BMU,2015,5.555555555555555,North America,0.0
Bermuda,BMU,2016,5.555555555555555,North America,0.0
Bermuda,BMU,2017,5.555555555555555,North America,0.0
Bermuda,BMU,2018,5.555555555555555,North America,0.0
Bermuda,BMU,2019,5.555555555555555,North America,0.0
Bermuda,BMU,2020,5.555555555555555,North America,0.0
Bermuda,BMU,2021,5.555555555555555,North America,0.0
Bermuda,BMU,2022,5.555555555555555,North America,0.0
Bermuda,BMU,2023,5.555555555555555,North America,0.0
Bhutan,BTN,1961,7.7263874323138495,Asia,
Bhutan,BTN,1962,7.769192902852986,Asia,0.04280547053913608
Bhutan,BTN,1963,7.769192902852986,Asia,0.0
Bhutan,BTN,1964,7.811998373392119,Asia,0.04280547053913342
Bhutan,BTN,1965,7.833401108661688,Asia,0.02140273526956893
Bhutan,BTN,1966,7.876206579200821,Asia,0.04280547053913342
Bhutan,BTN,1967,7.876206579200821,Asia,0.0
Bhutan,BTN,1968,7.919012049739955,Asia,0.04280547053913342
Bhutan,BTN,1969,7.919012049739955,Asia,0.0
Bhutan,BTN,1970,8.175844872974766,Asia,0.25683282323481116
Bhutan,BTN,1971,8.175844872974766,Asia,0.0
Bhutan,BTN,1972,8.240053078783468,Asia,0.06420820580870235
Bhutan,BTN,1973,8.240053078783468,Asia,0.0
Bhutan,BTN,1974,8.389872225670441,Asia,0.14981914688697273
Bhutan,BTN,1975,8.389872225670441,Asia,0.0
Bhutan,BTN,1976,8.518288637287846,Asia,0.1284164116174047
Bhutan,BTN,1977,8.56109410782698,Asia,0.042805470539134305
Bhutan,BTN,1978,8.56109410782698,Asia,0.0
Bhutan,BTN,1979,8.668107784174818,Asia,0.10701367634783843
Bhutan,BTN,1980,8.839329666331357,Asia,0.171221882156539
Bhutan,BTN,1981,8.839329666331357,Asia,0.0
Bhutan,BTN,1982,8.946343342679194,Asia,0.10701367634783665
Bhutan,BTN,1983,9.203176165914003,Asia,0.2568328232348094
Bhutan,BTN,1984,9.502814459687947,Asia,0.2996382937739437
Bhutan,BTN,1985,9.502814459687947,Asia,0.0
Bhutan,BTN,1986,9.502814459687947,Asia,0.0
Bhutan,BTN,1987,9.952271900348864,Asia,0.4494574406609164
Bhutan,BTN,1988,9.845258224001029,Asia,-0.10701367634783487
Bhutan,BTN,1989,9.674036341844488,Asia,-0.17122188215654077
Bhutan,BTN,1990,9.716841812383622,Asia,0.042805470539134305
Bhutan,BTN,1991,10.786978575861996,Asia,1.0701367634783736
Bhutan,BTN,1992,10.786978575861996,Asia,0.0
Bhutan,BTN,1993,10.808381311131562,Asia,0.021402735269566264
Bhutan,BTN,1994,12.78894472361809,Asia,1.9805634124865286
Bhutan,BTN,1995,14.195979899497488,Asia,1.4070351758793969
Bhutan,BTN,1996,14.321608040201006,Asia,0.1256281407035189
Bhutan,BTN,1997,14.37185929648241,Asia,0.050251256281404366
Bhutan,BTN,1998,14.37185929648241,Asia,0.0
Bhutan,BTN,1999,14.37185929648241,Asia,0.0
Bhutan,BTN,2000,14.522613065326636,Asia,0.15075376884422553
Bhutan,BTN,2001,14.547738693467338,Asia,0.025125628140701295
Bhutan,BTN,2002,14.57286432160804,Asia,0.02512562814070307
Bhutan,BTN,2003,14.648241206030152,Asia,0.07537688442211099
Bhutan,BTN,2004,15.321247737230106,Asia,0.6730065311999542
Bhutan,BTN,2005,15.557362856468243,Asia,0.23611511923813744
Bhutan,BTN,2006,15.137602644489334,Asia,-0.4197602119789092
Bhutan,BTN,2007,14.770312459007792,Asia,-0.3672901854815418
Bhutan,BTN,2008,13.676312406537766,Asia,-1.094000052470026
Bhutan,BTN,2009,13.64220688931448,Asia,-0.0341055172232867
Bhutan,BTN,2010,13.64220688931448,Asia,0.0
Bhutan,BTN,2011,13.631712884015007,Asia,-0.01049400529947242
Bhutan,BTN,2012,13.631712884015007,Asia,0.0
Bhutan,BTN,2013,13.631712884015007,Asia,0.0
Bhutan,BTN,2014,13.789122963507095,Asia,0.15741007949208807
Bhutan,BTN,2015,13.789122963507095,Asia,0.0
Bhutan,BTN,2016,13.60633389261745,Asia,-0.1827890708896458
Bhutan,BTN,2017,13.449035234899329,Asia,-0.1572986577181208
Bhutan,BTN,2018,13.450445726271631,Asia,0.001410491372302758
Bhutan,BTN,2019,13.450445726271631,Asia,0.0
Bhutan,BTN,2020,13.542212899842683,Asia,0.09176717357105169
Bhutan,BTN,2021,13.63398007341374,Asia,0.09176717357105701
Bhutan,BTN,2022,13.725747246984794,Asia,0.09176717357105346
Bhutan,BTN,2023,13.817514420555844,Asia,0.09176717357104991
Bolivia,BOL,1961,27.731930213237334,South America,
Bolivia,BOL,1962,27.63961968060556,South America,-0.09231053263177458
Bolivia,BOL,1963,27.515000461552663,South America,-0.12461921905289586
Bolivia,BOL,1964,27.58054093972122,South America,0.06554047816855757
Bolivia,BOL,1965,27.61469583679498,South America,0.034154897073758406
Bolivia,BOL,1966,27.64792762854242,South America,0.03323179174743984
Bolivia,BOL,1967,27.68208252561617,South America,0.0341548970737513
Bolivia,BOL,1968,27.71531431736361,South America,0.03323179174743984
Bolivia,BOL,1969,27.934090279700914,South America,0.218775962337304
Bolivia,BOL,1970,27.967322071448358,South America,0.033231791747443395
Bolivia,BOL,1971,28.370719099049204,South America,0.40339702760084606
Bolivia,BOL,1972,28.865503553955502,South America,0.4947844549062985
Bolivia,BOL,1973,28.900581556355583,South America,0.03507800240008052
Bolivia,BOL,1974,29.39444290593557,South America,0.49386134957998706
Bolivia,BOL,1975,29.89015046616819,South America,0.49570756023262064
Bolivia,BOL,1976,29.923382257915627,South America,0.03323179174743629
Bolivia,BOL,1977,30.419089818148247,South America,0.49570756023262064
Bolivia,BOL,1978,30.452321609895687,South America,0.03323179174743984
Bolivia,BOL,1979,30.947106064801996,South America,0.4947844549063092
Bolivia,BOL,1980,30.98126096187575,South America,0.03415489707375485
Bolivia,BOL,1981,31.47696852210837,South America,0.4957075602326171
Bolivia,BOL,1982,31.51112341918213,South America,0.03415489707376196
Bolivia,BOL,1983,31.54527831625589,South America,0.034154897073758406
Bolivia,BOL,1984,32.04744761377273,South America,0.5021692975168435
Bolivia,BOL,1985,32.019754453983204,South America,-0.027693159789528465
Bolivia,BOL,1986,32.49607680236315,South America,0.476322348379945
Bolivia,BOL,1987,32.51823133019477,South America,0.022154527831624193
Bolivia,BOL,1988,32.53946275270008,South America,0.021231422505309183
Bolivia,BOL,1989,32.74254592448999,South America,0.2030831717899062
Bolivia,BOL,1990,32.72869934459522,South America,-0.013846579894767785
Bolivia,BOL,1991,33.04347826086956,South America,0.3147789162743422
Bolivia,BOL,1992,33.07578694729069,South America,0.03230868642112483
Bolivia,BOL,1993,33.42841318194406,South America,0.3526262346533713
Bolivia,BOL,1994,33.55580171697591,South America,0.127388535031848
Bolivia,BOL,1995,33.78565494322902,South America,0.22985322625311255
Bolivia,BOL,1996,33.86319579063971,South America,0.07754084741068823
Bolivia,BOL,1997,34.03858580264008,South America,0.17539001200037063
Bolivia,BOL,1998,34.1382811778824,South America,0.09969537524231953
Bolivia,BOL,1999,34.21859134127204,South America,0.08031016338964037
Bolivia,BOL,2000,34.28690113541955,South America,0.0683097941475097
Bolivia,BOL,2001,34.298901504661686,South America,0.012000369242137765
Bolivia,BOL,2002,34.44198283024093,South America,0.1430813255792458
Bolivia,BOL,2003,33.82904089356595,South America,-0.6129419366749786
Bolivia,BOL,2004,33.801347733776424,South America,-0.027693159789528465
Bolivia,BOL,2005,34.11981907135604,South America,0.31847133757961643
Bolivia,BOL,2006,34.285772916089726,South America,0.16595384473368568
Bolivia,BOL,2007,34.41572565309702,South America,0.1299527370072937
Bolivia,BOL,2008,34.53460103387796,South America,0.11887538078094195
Bolivia,BOL,2009,34.65347650696945,South America,0.11887547309148516
Bolivia,BOL,2010,34.772351980060925,South America,0.11887547309147806
Bolivia,BOL,2011,34.896766085110315,South America,0.12441410504938943
Bolivia,BOL,2012,35.02579562448076,South America,0.1290295393704426
Bolivia,BOL,2013,35.15574836148805,South America,0.1299527370072937
Bolivia,BOL,2014,35.282931782516386,South America,0.12718342102833446
Bolivia,BOL,2015,35.28200867719007,South America,-0.0009231053263150102
Bolivia,BOL,2016,35.15462014215822,South America,-0.127388535031848
Bolivia,BOL,2017,35.022616080494785,South America,-0.13200406166343726
Bolivia,BOL,2018,35.263130250161545,South America,0.24051416966675987
Bolivia,BOL,2019,35.544415120465246,South America,0.28128487030370053
Bolivia,BOL,2020,35.564590972029904,South America,0.020175851564658842
Bolivia,BOL,2021,35.68278796270655,South America,0.11819699067664402
Bolivia,BOL,2022,35.83070146773747,South America,0.14791350503092104
Bolivia,BOL,2023,35.83070146773747,South America,0.0
Bosnia and Herzegovina,BIH,1992,42.96875,Europe,
Bosnia and Herzegovina,BIH,1993,42.7734375,Europe,-0.1953125
Bosnia and Herzegovina,BIH,1994,42.578125,Europe,-0.1953125
Bosnia and Herzegovina,BIH,1995,42.48046875,Europe,-0.09765625
Bosnia and Herzegovina,BIH,1996,42.3828125,Europe,-0.09765625
Bosnia and Herzegovina,BIH,1997,42.28515625,Europe,-0.09765625
Bosnia and Herzegovina,BIH,1998,42.1875,Europe,-0.09765625
Bosnia and Herzegovina,BIH,1999,41.11328125,Europe,-1.07421875
Bosnia and Herzegovina,BIH,2000,41.6015625,Europe,0.48828125
Bosnia and Herzegovina,BIH,2001,41.5234375,Europe,-0.078125
Bosnia and Herzegovina,BIH,2002,41.46484375,Europe,-0.05859375
Bosnia and Herzegovina,BIH,2003,42.36328125,Europe,0.8984375
Bosnia and Herzegovina,BIH,2004,42.37109375,Europe,0.0078125
Bosnia and Herzegovina,BIH,2005,42.12890625,Europe,-0.2421875
Bosnia and Herzegovina,BIH,2006,42.16796875,Europe,0.0390625
Bosnia and Herzegovina,BIH,2007,41.97265625,Europe,-0.1953125
Bosnia and Herzegovina,BIH,2008,41.6015625,Europe,-0.37109375
Bosnia and Herzegovina,BIH,2009,41.5625,Europe,-0.0390625
Bosnia and Herzegovina,BIH,2010,41.875,Europe,0.3125
Bosnia and Herzegovina,BIH,2011,42.01171875,Europe,0.13671875
Bosnia and Herzegovina,BIH,2012,42.109375,Europe,0.09765625
Bosnia and Herzegovina,BIH,2013,42.20703125,Europe,0.09765625
Bosnia and Herzegovina,BIH,2014,42.12890625,Europe,-0.078125
Bosnia and Herzegovina,BIH,2015,42.5,Europe,0.37109375
Bosnia and Herzegovina,BIH,2016,43.14453125,Europe,0.64453125
Bosnia and Herzegovina,BIH,2017,43.515625,Europe,0.37109375
Bosnia and Herzegovina,BIH,2018,43.18359375,Europe,-0.33203125
Bosnia and Herzegovina,BIH,2019,43.28125,Europe,0.09765625
Bosnia and Herzegovina,BIH,2020,43.7890625,Europe,0.5078125
Bosnia and Herzegovina,BIH,2021,44.19921875,Europe,0.41015625
Bosnia and Herzegovina,BIH,2022,21.81640625,Europe,-22.3828125
Bosnia and Herzegovina,BIH,2023,21.73828125,Europe,-0.078125
Botswana,BWA,1961,45.87722548656327,Africa,
Botswana,BWA,1962,45.87722548656327,Africa,0.0
Botswana,BWA,1963,45.87722548656327,Africa,0.0
Botswana,BWA,1964,45.87722548656327,Africa,0.0
Botswana,BWA,1965,45.87898999523583,Africa,0.0017645086725579517
Botswana,BWA,1966,45.87898999523583,Africa,0.0
Botswana,BWA,1967,45.87898999523583,Africa,0.0
Botswana,BWA,1968,45.87898999523583,Africa,0.0
Botswana,BWA,1969,45.87898999523583,Africa,0.0
Botswana,BWA,1970,45.87898999523583,Africa,0.0
Botswana,BWA,1971,45.87898999523583,Africa,0.0
Botswana,BWA,1972,45.88075450390839,Africa,0.0017645086725650572
Botswana,BWA,1973,45.88075450390839,Africa,0.0
Botswana,BWA,1974,45.88075450390839,Africa,0.0
Botswana,BWA,1975,45.88075450390839,Africa,0.0
Botswana,BWA,1976,45.88075450390839,Africa,0.0
Botswana,BWA,1977,45.88075450390839,Africa,0.0
Botswana,BWA,1978,45.88075450390839,Africa,0.0
Botswana,BWA,1979,45.88428352125351,Africa,0.0035290173451159035
Botswana,BWA,1980,45.88428352125351,Africa,0.0
Botswana,BWA,1981,45.88428352125351,Africa,0.0
Botswana,BWA,1982,45.887812538598624,Africa,0.0035290173451159035
Botswana,BWA,1983,45.887812538598624,Africa,0.0
Botswana,BWA,1984,45.887812538598624,Africa,0.0
Botswana,BWA,1985,45.89134155594375,Africa,0.003529017345123009
Botswana,BWA,1986,45.89134155594375,Africa,0.0
Botswana,BWA,1987,45.89487057328886,Africa,0.0035290173451159035
Botswana,BWA,1988,45.89487057328886,Africa,0.0
Botswana,BWA,1989,45.90369311665167,Africa,0.00882254336280397
Botswana,BWA,1990,45.91428016868703,Africa,0.010587052035361921
Botswana,BWA,1991,45.70253912797981,Africa,-0.2117410407072171
Botswana,BWA,1992,45.61431369435181,Africa,-0.08822543362800417
Botswana,BWA,1993,45.79076456160782,Africa,0.17645086725601544
Botswana,BWA,1994,45.87016745187303,Africa,0.0794028902652073
Botswana,BWA,1995,45.78194201824502,Africa,-0.08822543362801127
Botswana,BWA,1996,45.78194201824502,Africa,0.0
Botswana,BWA,1997,45.70253912797981,Africa,-0.0794028902652073
Botswana,BWA,1998,45.579023520900606,Africa,-0.12351560707920584
Botswana,BWA,1999,45.596668607626206,Africa,0.017645086725600834
Botswana,BWA,2000,45.79076456160782,Africa,0.19409595398161628
Botswana,BWA,2001,45.5260882607238,Africa,-0.2646763008840196
Botswana,BWA,2002,45.60549115098901,Africa,0.0794028902652073
Botswana,BWA,2003,45.517265717361,Africa,-0.08822543362801127
Botswana,BWA,2004,45.57196548621037,Africa,0.05469976884936756
Botswana,BWA,2005,45.55079138213964,Africa,-0.021174104070723843
Botswana,BWA,2006,45.529617278068926,Africa,-0.021174104070716737
Botswana,BWA,2007,45.49609161329028,Africa,-0.033525664778643716
Botswana,BWA,2008,45.66724895452861,Africa,0.17115734123832738
Botswana,BWA,2009,45.73253577541333,Africa,0.06528682088472237
Botswana,BWA,2010,45.63195878107741,Africa,-0.10057699433592404
Botswana,BWA,2011,45.74665184479382,Africa,0.11469306371640897
Botswana,BWA,2012,45.67783600656397,Africa,-0.06881583822984538
Botswana,BWA,2013,45.66901346320117,Africa,-0.00882254336280397
Botswana,BWA,2014,45.88428352125351,Africa,0.21527005805234012
Botswana,BWA,2015,45.63301748628095,Africa,-0.2512660349725593
Botswana,BWA,2016,45.63301748628095,Africa,0.0
Botswana,BWA,2017,45.63301748628095,Africa,0.0
Botswana,BWA,2018,45.63301748628095,Africa,0.0
Botswana,BWA,2019,45.633723289749966,Africa,0.0007058034690174964
Botswana,BWA,2020,45.633723289749966,Africa,0.0
Botswana,BWA,2021,45.633723289749966,Africa,0.0
Botswana,BWA,2022,45.633723289749966,Africa,0.0
Botswana,BWA,2023,45.633723289749966,Africa,0.0
Brazil,BRA,1961,18.77917814250539,South America,
Brazil,BRA,1962,19.22269787297174,South America,0.44351973046634896
Brazil,BRA,1963,19.666217603438085,South America,0.4435197304663454
Brazil,BRA,1964,20.109737333904437,South America,0.4435197304663525
Brazil,BRA,1965,20.55325706437078,South America,0.44351973046634185
Brazil,BRA,1966,20.996776794837128,South America,0.44351973046634896
Brazil,BRA,1967,21.44029652530348,South America,0.4435197304663525
Brazil,BRA,1968,21.883816255769823,South America,0.44351973046634185
Brazil,BRA,1969,22.32733598623617,South America,0.44351973046634896
Brazil,BRA,1970,22.771573579767747,South America,0.4442375935315752
Brazil,BRA,1971,23.191044897548977,South America,0.41947131778123037
Brazil,BRA,1972,23.610516215330204,South America,0.4194713177812268
Brazil,BRA,1973,24.029987533111434,South America,0.41947131778123037
Brazil,BRA,1974,24.449458850892665,South America,0.41947131778123037
Brazil,BRA,1975,24.869049812518096,South America,0.4195909616254312
Brazil,BRA,1976,25.457817169848795,South America,0.5887673573306991
Brazil,BRA,1977,26.04658452717949,South America,0.5887673573306955
Brazil,BRA,1978,26.63535188451019,South America,0.5887673573306991
Brazil,BRA,1979,27.22411924184089,South America,0.5887673573306991
Brazil,BRA,1980,27.81925260883402,South America,0.5951333669931316
Brazil,BRA,1981,28.04616816660166,South America,0.22691555776764005
Brazil,BRA,1982,28.273108610288894,South America,0.22694044368723354
Brazil,BRA,1983,28.500049053976124,South America,0.22694044368723
Brazil,BRA,1984,28.72698949766336,South America,0.2269404436872371
Brazil,BRA,1985,28.953655598015825,South America,0.22666610035246393
Brazil,BRA,1986,28.783820323660525,South America,-0.16983527435530021
Brazil,BRA,1987,28.61394999365888,South America,-0.1698703300016433
Brazil,BRA,1988,28.444079663657224,South America,-0.16987033000165752
Brazil,BRA,1989,28.274209333655577,South America,-0.16987033000164686
Brazil,BRA,1990,28.104339003653923,South America,-0.16987033000165397
Brazil,BRA,1991,27.934468673652272,South America,-0.16987033000165042
Brazil,BRA,1992,27.764598343650626,South America,-0.16987033000164686
Brazil,BRA,1993,27.594728013648968,South America,-0.16987033000165752
Brazil,BRA,1994,27.42485768364732,South America,-0.16987033000164686
Brazil,BRA,1995,27.25546592902249,South America,-0.1693917546248329
Brazil,BRA,1996,27.267872995666497,South America,0.012407066644009035
Brazil,BRA,1997,27.280280062310517,South America,0.012407066644019693
Brazil,BRA,1998,27.29268712895453,South America,0.012407066644012588
Brazil,BRA,1999,27.305094195598542,South America,0.012407066644012588
Brazil,BRA,2000,27.317501262242555,South America,0.012407066644012588
Brazil,BRA,2001,27.32990832888657,South America,0.01240706664401614
Brazil,BRA,2002,27.342315395530587,South America,0.01240706664401614
Brazil,BRA,2003,27.3547224621746,South America,0.012407066644012588
Brazil,BRA,2004,27.36712952881861,South America,0.012407066644009035
Brazil,BRA,2005,27.37953659546263,South America,0.012407066644019693
Brazil,BRA,2006,27.392577774480927,South America,0.013041179018298266
Brazil,BRA,2007,27.47881705738358,South America,0.08623928290265326
Brazil,BRA,2008,27.56505634028624,South America,0.08623928290266036
Brazil,BRA,2009,27.651295623188894,South America,0.08623928290265326
Brazil,BRA,2010,27.73753490609155,South America,0.08623928290265681
Brazil,BRA,2011,27.823774188994204,South America,0.08623928290265326
Brazil,BRA,2012,27.910013471896853,South America,0.0862392829026497
Brazil,BRA,2013,27.99625275479951,South America,0.08623928290265681
Brazil,BRA,2014,28.082492037702167,South America,0.08623928290265681
Brazil,BRA,2015,28.168707391835984,South America,0.08621535413381665
Brazil,BRA,2016,28.25497060350748,South America,0.08626321167149698
Brazil,BRA,2017,28.34111417133477,South America,0.08614356782728905
Brazil,BRA,2018,28.33821879030502,South America,-0.0028953810297487337
Brazil,BRA,2019,28.33534733804411,South America,-0.002871452260912122
Brazil,BRA,2020,28.3324758857832,South America,-0.002871452260908569
Brazil,BRA,2021,28.32960443352229,South America,-0.002871452260908569
Brazil,BRA,2022,28.326732981261383,South America,-0.002871452260908569
Brazil,BRA,2023,28.326732981261383,South America,0.0
British Virgin Islands,VGB,1961,40.0,Other,
British Virgin Islands,VGB,1962,40.0,Other,0.0
British Virgin Islands,VGB,1963,40.0,Other,0.0
British Virgin Islands,VGB,1964,40.0,Other,0.0
British Virgin Islands,VGB,1965,40.0,Other,0.0
British Virgin Islands,VGB,1966,53.333333333333336,Other,13.333333333333336
British Virgin Islands,VGB,1967,53.333333333333336,Other,0.0
British Virgin Islands,VGB,1968,53.333333333333336,Other,0.0
British Virgin Islands,VGB,1969,53.333333333333336,Other,0.0
British Virgin Islands,VGB,1970,53.333333333333336,Other,0.0
British Virgin Islands,VGB,1971,53.333333333333336,Other,0.0
British Virgin Islands,VGB,1972,53.333333333333336,Other,0.0
British Virgin Islands,VGB,1973,53.333333333333336,Other,0.0
British Virgin Islands,VGB,1974,53.333333333333336,Other,0.0
British Virgin Islands,VGB,1975,53.333333333333336,Other,0.0
British Virgin Islands,VGB,1976,53.333333333333336,Other,0.0
British Virgin Islands,VGB,1977,53.333333333333336,Other,0.0
British Virgin Islands,VGB,1978,53.333333333333336,Other,0.0
British Virgin Islands,VGB,1979,53.333333333333336,Other,0.0
British Virgin Islands,VGB,1980,53.333333333333336,Other,0.0
British Virgin Islands,VGB,1981,53.333333333333336,Other,0.0
British Virgin Islands,VGB,1982,60.0,Other,6.666666666666664
British Virgin Islands,VGB,1983,60.0,Other,0.0
British Virgin Islands,VGB,1984,60.0,Other,0.0
British Virgin Islands,VGB,1985,60.0,Other,0.0
British Virgin Islands,VGB,1986,60.0,Other,0.0
British Virgin Islands,VGB,1987,60.0,Other,0.0
British Virgin Islands,VGB,1988,60.0,Other,0.0
British Virgin Islands,VGB,1989,60.0,Other,0.0
British Virgin Islands,VGB,1990,53.333333333333336,Other,-6.666666666666664
British Virgin Islands,VGB,1991,53.333333333333336,Other,0.0
British Virgin Islands,VGB,1992,53.333333333333336,Other,0.0
British Virgin Islands,VGB,1993,53.333333333333336,Other,0.0
British Virgin Islands,VGB,1994,53.333333333333336,Other,0.0
British Virgin Islands,VGB,1995,53.333333333333336,Other,0.0
British Virgin Islands,VGB,1996,53.333333333333336,Other,0.0
British Virgin Islands,VGB,1997,53.333333333333336,Other,0.0
British Virgin Islands,VGB,1998,53.333333333333336,Other,0.0
British Virgin Islands,VGB,1999,46.66666666666666,Other,-6.6666666666666785
British Virgin Islands,VGB,2000,46.66666666666666,Other,0.0
British Virgin Islands,VGB,2001,46.66666666666666,Other,0.0
British Virgin Islands,VGB,2002,46.66666666666666,Other,0.0
British Virgin Islands,VGB,2003,46.66666666666666,Other,0.0
British Virgin Islands,VGB,2004,46.66666666666666,Other,0.0
British Virgin Islands,VGB,2005,46.66666666666666,Other,0.0
British Virgin Islands,VGB,2006,46.66666666666666,Other,0.0
British Virgin Islands,VGB,2007,46.66666666666666,Other,0.0
British Virgin Islands,VGB,2008,46.66666666666666,Other,0.0
British Virgin Islands,VGB,2009,46.66666666666666,Other,0.0
British Virgin Islands,VGB,2010,46.66666666666666,Other,0.0
British Virgin Islands,VGB,2011,46.66666666666666,Other,0.0
British Virgin Islands,VGB,2012,46.66666666666666,Other,0.0
British Virgin Islands,VGB,2013,46.66666666666666,Other,0.0
British Virgin Islands,VGB,2014,46.66666666666666,Other,0.0
British Virgin Islands,VGB,2015,46.66666666666666,Other,0.0
British Virgin Islands,VGB,2016,46.66666666666666,Other,0.0
British Virgin Islands,VGB,2017,46.66666666666666,Other,0.0
British Virgin Islands,VGB,2018,46.66666666666666,Other,0.0
British Virgin Islands,VGB,2019,46.66666666666666,Other,0.0
British Virgin Islands,VGB,2020,46.66666666666666,Other,0.0
British Virgin Islands,VGB,2021,46.66666666666666,Other,0.0
British Virgin Islands,VGB,2022,46.66666666666666,Other,0.0
British Virgin Islands,VGB,2023,46.66666666666666,Other,0.0
Brunei Darussalam,BRN,1961,3.984819734345351,Asia,
Brunei Darussalam,BRN,1962,3.984819734345351,Asia,0.0
Brunei Darussalam,BRN,1963,3.984819734345351,Asia,0.0
Brunei Darussalam,BRN,1964,4.554079696394687,Asia,0.5692599620493355
Brunei Darussalam,BRN,1965,4.554079696394687,Asia,0.0
Brunei Darussalam,BRN,1966,4.364326375711575,Asia,-0.18975332068311168
Brunei Darussalam,BRN,1967,4.364326375711575,Asia,0.0
Brunei Darussalam,BRN,1968,4.554079696394687,Asia,0.18975332068311168
Brunei Darussalam,BRN,1969,4.554079696394687,Asia,0.0
Brunei Darussalam,BRN,1970,4.554079696394687,Asia,0.0
Brunei Darussalam,BRN,1971,3.6053130929791273,Asia,-0.9487666034155593
Brunei Darussalam,BRN,1972,3.415559772296015,Asia,-0.18975332068311213
Brunei Darussalam,BRN,1973,3.415559772296015,Asia,0.0
Brunei Darussalam,BRN,1974,3.415559772296015,Asia,0.0
Brunei Darussalam,BRN,1975,3.415559772296015,Asia,0.0
Brunei Darussalam,BRN,1976,3.225806451612903,Asia,-0.18975332068311213
Brunei Darussalam,BRN,1977,2.846299810246679,Asia,-0.3795066413662238
Brunei Darussalam,BRN,1978,2.846299810246679,Asia,0.0
Brunei Darussalam,BRN,1979,2.846299810246679,Asia,0.0
Brunei Darussalam,BRN,1980,2.846299810246679,Asia,0.0
Brunei Darussalam,BRN,1981,2.846299810246679,Asia,0.0
Brunei Darussalam,BRN,1982,2.6565464895635675,Asia,-0.18975332068311168
Brunei Darussalam,BRN,1983,2.6565464895635675,Asia,0.0
Brunei Darussalam,BRN,1984,2.4667931688804554,Asia,-0.18975332068311213
Brunei Darussalam,BRN,1985,2.4667931688804554,Asia,0.0
Brunei Darussalam,BRN,1986,2.4667931688804554,Asia,0.0
Brunei Darussalam,BRN,1987,2.4667931688804554,Asia,0.0
Brunei Darussalam,BRN,1988,2.4667931688804554,Asia,0.0
Brunei Darussalam,BRN,1989,2.4667931688804554,Asia,0.0
Brunei Darussalam,BRN,1990,2.4667931688804554,Asia,0.0
Brunei Darussalam,BRN,1991,2.4667931688804554,Asia,0.0
Brunei Darussalam,BRN,1992,2.4667931688804554,Asia,0.0
Brunei Darussalam,BRN,1993,2.4667931688804554,Asia,0.0
Brunei Darussalam,BRN,1994,2.4667931688804554,Asia,0.0
Brunei Darussalam,BRN,1995,2.2770398481973437,Asia,-0.18975332068311168
Brunei Darussalam,BRN,1996,2.2770398481973437,Asia,0.0
Brunei Darussalam,BRN,1997,2.2770398481973437,Asia,0.0
Brunei Darussalam,BRN,1998,2.2770398481973437,Asia,0.0
Brunei Darussalam,BRN,1999,2.2770398481973437,Asia,0.0
Brunei Darussalam,BRN,2000,2.2770398481973437,Asia,0.0
Brunei Darussalam,BRN,2001,2.4667931688804554,Asia,0.18975332068311168
Brunei Darussalam,BRN,2002,2.4667931688804554,Asia,0.0
Brunei Darussalam,BRN,2003,2.4667931688804554,Asia,0.0
Brunei Darussalam,BRN,2004,2.4667931688804554,Asia,0.0
Brunei Darussalam,BRN,2005,2.4667931688804554,Asia,0.0
Brunei Darussalam,BRN,2006,2.333965844402277,Asia,-0.13282732447817835
Brunei Darussalam,BRN,2007,2.3529411764705883,Asia,0.018975332068311257
Brunei Darussalam,BRN,2008,2.3529411764705883,Asia,0.0
Brunei Darussalam,BRN,2009,2.5426944971537004,Asia,0.18975332068311213
Brunei Darussalam,BRN,2010,2.5426944971537004,Asia,0.0
Brunei Darussalam,BRN,2011,2.5426944971537004,Asia,0.0
Brunei Darussalam,BRN,2012,2.5426944971537004,Asia,0.0
Brunei Darussalam,BRN,2013,2.5426944971537004,Asia,0.0
Brunei Darussalam,BRN,2014,2.5426944971537004,Asia,0.0
Brunei Darussalam,BRN,2015,2.5426944971537004,Asia,0.0
Brunei Darussalam,BRN,2016,2.5426944971537004,Asia,0.0
Brunei Darussalam,BRN,2017,2.5426944971537004,Asia,0.0
Brunei Darussalam,BRN,2018,2.5426944971537004,Asia,0.0
Brunei Darussalam,BRN,2019,2.5426944971537004,Asia,0.0
Brunei Darussalam,BRN,2020,2.5426944971537004,Asia,0.0
Brunei Darussalam,BRN,2021,2.5426944971537004,Asia,0.0
Brunei Darussalam,BRN,2022,2.5426944971537004,Asia,0.0
Brunei Darussalam,BRN,2023,2.5426944971537004,Asia,0.0
Bulgaria,BGR,1961,51.27903823555997,Europe,
Bulgaria,BGR,1962,51.38750790924704,Europe,0.10846967368706828
Bulgaria,BGR,1963,51.45982102503842,Europe,0.07231311579138122
Bulgaria,BGR,1964,52.17391304347826,Europe,0.7140920184398354
Bulgaria,BGR,1965,52.36373497243062,Europe,0.18982192895236238
Bulgaria,BGR,1966,52.44508722769592,Europe,0.08135225526530121
Bulgaria,BGR,1967,52.99647473560517,Europe,0.5513875079092472
Bulgaria,BGR,1968,53.15917924613577,Europe,0.16270451053060242
Bulgaria,BGR,1969,54.43369791195878,Europe,1.2745186658230097
Bulgaria,BGR,1970,54.32522823827172,Europe,-0.10846967368706117
Bulgaria,BGR,1971,54.31618909879779,Europe,-0.009039139473927094
Bulgaria,BGR,1972,54.43369791195878,Europe,0.11750881316098827
Bulgaria,BGR,1973,54.072132333001896,Europe,-0.3615655789568848
Bulgaria,BGR,1974,54.578324143541536,Europe,0.5061918105396401
Bulgaria,BGR,1975,53.828075567206,Europe,-0.7502485763355367
Bulgaria,BGR,1976,56.02458645936906,Europe,2.1965108921630616
Bulgaria,BGR,1977,56.09689957516044,Europe,0.07231311579138122
Bulgaria,BGR,1978,56.14209527253006,Europe,0.04519569736961415
Bulgaria,BGR,1979,56.09689957516044,Europe,-0.04519569736961415
Bulgaria,BGR,1980,55.8709210883124,Europe,-0.22597848684804234
Bulgaria,BGR,1981,55.85284280936455,Europe,-0.018078278947847082
Bulgaria,BGR,1982,55.87996022778632,Europe,0.02711741842176707
Bulgaria,BGR,1983,55.83476453041671,Europe,-0.045195697369607046
Bulgaria,BGR,1984,55.7895688330471,Europe,-0.04519569736961415
Bulgaria,BGR,1985,55.762451414625325,Europe,-0.027117418421774175
Bulgaria,BGR,1986,55.735333996203565,Europe,-0.027117418421759965
Bulgaria,BGR,1987,55.735333996203565,Europe,0.0
Bulgaria,BGR,1988,55.69917743830788,Europe,-0.03615655789568706
Bulgaria,BGR,1989,55.753412275151405,Europe,0.054234836843527034
Bulgaria,BGR,1990,55.6720600198861,Europe,-0.08135225526530121
Bulgaria,BGR,1991,55.69013829883394,Europe,0.018078278947839976
Bulgaria,BGR,1992,55.6268643225165,Europe,-0.06327397631744702
Bulgaria,BGR,1993,55.328572719877066,Europe,-0.29829160263943066
Bulgaria,BGR,1994,55.6720600198861,Europe,0.3434873000090377
Bulgaria,BGR,1995,55.71725571725572,Europe,0.04519569736961415
Bulgaria,BGR,1996,55.71725571725572,Europe,0.0
Bulgaria,BGR,1997,56.06978215673868,Europe,0.3525264394829648
Bulgaria,BGR,1998,51.02594233029015,Europe,-5.043839826448533
Bulgaria,BGR,1999,51.33327307240351,Europe,0.30733074211335776
Bulgaria,BGR,2000,50.45647654343306,Europe,-0.8767965289704449
Bulgaria,BGR,2001,49.69718882762361,Europe,-0.7592877158094495
Bulgaria,BGR,2002,48.94301470588236,Europe,-0.7541741217412508
Bulgaria,BGR,2003,48.96570745610003,Europe,0.022692750217665036
Bulgaria,BGR,2004,49.00698786318499,Europe,0.04128040708496172
Bulgaria,BGR,2005,48.46281296023564,Europe,-0.5441749029493508
Bulgaria,BGR,2006,47.77685722176194,Europe,-0.6859557384737016
Bulgaria,BGR,2007,47.10431820274376,Europe,-0.6725390190181741
Bulgaria,BGR,2008,46.96620937298592,Europe,-0.1381088297578401
Bulgaria,BGR,2009,46.33382461311717,Europe,-0.6323847598687493
Bulgaria,BGR,2010,46.53647752394989,Europe,0.2026529108327182
Bulgaria,BGR,2011,46.86809137803979,Europe,0.33161385408990185
Bulgaria,BGR,2012,47.19049373618275,Europe,0.32240235814295914
Bulgaria,BGR,2013,46.01142225497421,Europe,-1.1790714812085454
Bulgaria,BGR,2014,45.84561532792926,Europe,-0.16580692704494737
Bulgaria,BGR,2015,46.16709653647752,Europe,0.32148120854826345
Bulgaria,BGR,2016,46.250921149594696,Europe,0.08382461311717293
Bulgaria,BGR,2017,46.32940309506264,Europe,0.07848194546794218
Bulgaria,BGR,2018,46.33382461311717,Europe,0.004421518054535056
Bulgaria,BGR,2019,46.39830508474576,Europe,0.06448047162858472
Bulgaria,BGR,2020,46.49042004421518,Europe,0.09211495946941994
Bulgaria,BGR,2021,46.49042004421518,Europe,0.0
Bulgaria,BGR,2022,46.26013264554164,Europe,-0.2302873986735392
Bulgaria,BGR,2023,46.08502210759028,Europe,-0.17511053795136178
Burkina Faso,BFA,1961,32.94956140350877,Africa,
Burkina Faso,BFA,1962,32.94956140350877,Africa,0.0
Burkina Faso,BFA,1963,32.94956140350877,Africa,0.0
Burkina Faso,BFA,1964,32.96783625730994,Africa,0.018274853801173663
Burkina Faso,BFA,1965,32.96783625730994,Africa,0.0
Burkina Faso,BFA,1966,32.96783625730994,Africa,0.0
Burkina Faso,BFA,1967,32.96783625730994,Africa,0.0
Burkina Faso,BFA,1968,32.96783625730994,Africa,0.0
Burkina Faso,BFA,1969,32.96783625730994,Africa,0.0
Burkina Faso,BFA,1970,32.96783625730994,Africa,0.0
Burkina Faso,BFA,1971,32.96783625730994,Africa,0.0
Burkina Faso,BFA,1972,32.96783625730994,Africa,0.0
Burkina Faso,BFA,1973,32.96783625730994,Africa,0.0
Burkina Faso,BFA,1974,32.96783625730994,Africa,0.0
Burkina Faso,BFA,1975,33.00438596491228,Africa,0.03654970760234022
Burkina Faso,BFA,1976,33.02266081871345,Africa,0.018274853801166557
Burkina Faso,BFA,1977,33.02266081871345,Africa,0.0
Burkina Faso,BFA,1978,33.02266081871345,Africa,0.0
Burkina Faso,BFA,1979,33.02266081871345,Africa,0.0
Burkina Faso,BFA,1980,33.04093567251462,Africa,0.018274853801173663
Burkina Faso,BFA,1981,33.05921052631579,Africa,0.018274853801166557
Burkina Faso,BFA,1982,33.05921052631579,Africa,0.0
Burkina Faso,BFA,1983,33.07748538011696,Africa,0.018274853801173663
Burkina Faso,BFA,1984,33.55566703216375,Africa,0.47818165204678564
Burkina Faso,BFA,1985,34.01557383040936,Africa,0.459906798245612
Burkina Faso,BFA,1986,34.493755116959065,Africa,0.47818128654970593
Burkina Faso,BFA,1987,34.97193676900585,Africa,0.47818165204678564
Burkina Faso,BFA,1988,35.45011842105264,Africa,0.47818165204679275
Burkina Faso,BFA,1989,35.91002521929825,Africa,0.4599067982456049
Burkina Faso,BFA,1990,36.36993165204679,Africa,0.4599064327485394
Burkina Faso,BFA,1991,36.8298384502924,Africa,0.459906798245612
Burkina Faso,BFA,1992,37.28974524853801,Africa,0.459906798245612
Burkina Faso,BFA,1993,37.74965204678363,Africa,0.4599067982456191
Burkina Faso,BFA,1994,38.20955884502924,Africa,0.459906798245612
Burkina Faso,BFA,1995,38.669465277777775,Africa,0.45990643274853227
Burkina Faso,BFA,1996,39.12937207602339,Africa,0.459906798245612
Burkina Faso,BFA,1997,39.589278874269,Africa,0.459906798245612
Burkina Faso,BFA,1998,40.04918567251462,Africa,0.4599067982456191
Burkina Faso,BFA,1999,40.50909247076023,Africa,0.459906798245612
Burkina Faso,BFA,2000,40.97630884502924,Africa,0.4672163742690074
Burkina Faso,BFA,2001,41.450835526315785,Africa,0.47452668128654807
Burkina Faso,BFA,2002,41.918052266081865,Africa,0.46721673976608
Burkina Faso,BFA,2003,42.38526900584795,Africa,0.46721673976608713
Burkina Faso,BFA,2004,42.90730994152047,Africa,0.5220409356725142
Burkina Faso,BFA,2005,43.42569627192982,Africa,0.5183863304093563
Burkina Faso,BFA,2006,43.92946271929824,Africa,0.5037664473684202
Burkina Faso,BFA,2007,44.40764437134503,Africa,0.47818165204678564
Burkina Faso,BFA,2008,44.91323830409357,Africa,0.505593932748539
Burkina Faso,BFA,2009,45.4371067251462,Africa,0.523868421052633
Burkina Faso,BFA,2010,46.02128252923976,Africa,0.5841758040935616
Burkina Faso,BFA,2011,46.75896710526316,Africa,0.7376845760233977
Burkina Faso,BFA,2012,47.328523026315786,Africa,0.5695559210526255
Burkina Faso,BFA,2013,48.11737682748538,Africa,0.7888538011695942
Burkina Faso,BFA,2014,48.68693274853801,Africa,0.5695559210526326
Burkina Faso,BFA,2015,49.293038377192985,Africa,0.6061056286549729
Burkina Faso,BFA,2016,49.82604459064328,Africa,0.5330062134502924
Burkina Faso,BFA,2017,50.35905080409358,Africa,0.5330062134502995
Burkina Faso,BFA,2018,51.19615058479532,Africa,0.8370997807017417
Burkina Faso,BFA,2019,51.6768903508772,Africa,0.4807397660818822
Burkina Faso,BFA,2020,52.15945796783625,Africa,0.48256761695905226
Burkina Faso,BFA,2021,52.67089985380117,Africa,0.5114418859649135
Burkina Faso,BFA,2022,53.3497394005848,Africa,0.6788395467836352
Burkina Faso,BFA,2023,53.40200548245614,Africa,0.05226608187133763
Burundi,BDI,1961,61.33177570093458,Africa,
Burundi,BDI,1962,61.915887850467286,Africa,0.5841121495327073
Burundi,BDI,1963,62.46105919003115,Africa,0.5451713395638649
Burundi,BDI,1964,62.5,Africa,0.03894080996884952
Burundi,BDI,1965,63.2398753894081,Africa,0.7398753894080983
Burundi,BDI,1966,63.12305295950156,Africa,-0.11682242990654146
Burundi,BDI,1967,64.8753894080997,Africa,1.752336448598136
Burundi,BDI,1968,65.26479750778816,Africa,0.3894080996884668
Burundi,BDI,1969,73.87071651090342,Africa,8.605919003115261
Burundi,BDI,1970,73.20872274143302,Africa,-0.6619937694703992
Burundi,BDI,1971,73.94859813084112,Africa,0.7398753894080983
Burundi,BDI,1972,74.22118380062305,Africa,0.27258566978193244
Burundi,BDI,1973,77.88161993769471,Africa,3.660436137071656
Burundi,BDI,1974,79.04984423676012,Africa,1.1682242990654146
Burundi,BDI,1975,80.21806853582555,Africa,1.1682242990654288
Burundi,BDI,1976,81.5809968847352,Africa,1.362928348909648
Burundi,BDI,1977,83.45015576323988,Africa,1.8691588785046775
Burundi,BDI,1978,82.55451713395638,Africa,-0.8956386292834964
Burundi,BDI,1979,81.77570093457945,Africa,-0.7788161993769336
Burundi,BDI,1980,81.30841121495327,Africa,-0.46728971962618004
Burundi,BDI,1981,80.80218068535827,Africa,-0.5062305295950011
Burundi,BDI,1982,80.21806853582555,Africa,-0.5841121495327144
Burundi,BDI,1983,80.21806853582555,Africa,0.0
Burundi,BDI,1984,80.21806853582555,Africa,0.0
Burundi,BDI,1985,80.21806853582555,Africa,0.0
Burundi,BDI,1986,81.07476635514018,Africa,0.8566978193146326
Burundi,BDI,1987,81.26947040498442,Africa,0.1947040498442334
Burundi,BDI,1988,81.46417445482867,Africa,0.1947040498442476
Burundi,BDI,1989,81.26947040498442,Africa,-0.1947040498442476
Burundi,BDI,1990,81.07476635514018,Africa,-0.1947040498442334
Burundi,BDI,1991,80.88006230529595,Africa,-0.1947040498442334
Burundi,BDI,1992,81.07476635514018,Africa,0.1947040498442334
Burundi,BDI,1993,80.88006230529595,Africa,-0.1947040498442334
Burundi,BDI,1994,80.72429906542055,Africa,-0.15576323987539809
Burundi,BDI,1995,79.32242990654206,Africa,-1.4018691588784975
Burundi,BDI,1996,77.60903426791276,Africa,-1.7133956386292937
Burundi,BDI,1997,76.01246105919003,Africa,-1.596573208722731
Burundi,BDI,1998,74.49376947040498,Africa,-1.518691588785046
Burundi,BDI,1999,73.48130841121495,Africa,-1.0124610591900307
Burundi,BDI,2000,72.702492211838,Africa,-0.7788161993769478
Burundi,BDI,2001,72.07943925233646,Africa,-0.6230529595015497
Burundi,BDI,2002,71.41744548286604,Africa,-0.6619937694704134
Burundi,BDI,2003,71.3785046728972,Africa,-0.03894080996884952
Burundi,BDI,2004,71.96261682242991,Africa,0.5841121495327144
Burundi,BDI,2005,70.83333333333334,Africa,-1.129283489096565
Burundi,BDI,2006,70.95015576323988,Africa,0.11682242990653435
Burundi,BDI,2007,71.06697819314641,Africa,0.11682242990653435
Burundi,BDI,2008,71.18380062305296,Africa,0.11682242990654856
Burundi,BDI,2009,71.3006230529595,Africa,0.11682242990653435
Burundi,BDI,2010,71.3785046728972,Africa,0.07788161993769904
Burundi,BDI,2011,71.69003115264798,Africa,0.31152647975078196
Burundi,BDI,2012,72.42990654205607,Africa,0.7398753894080983
Burundi,BDI,2013,73.48130841121495,Africa,1.0514018691588802
Burundi,BDI,2014,74.53271028037383,Africa,1.0514018691588802
Burundi,BDI,2015,75.58411214953271,Africa,1.0514018691588802
Burundi,BDI,2016,76.63551401869158,Africa,1.051401869158866
Burundi,BDI,2017,77.68691588785047,Africa,1.0514018691588944
Burundi,BDI,2018,78.73831775700934,Africa,1.051401869158866
Burundi,BDI,2019,79.78971962616822,Africa,1.0514018691588802
Burundi,BDI,2020,80.8411214953271,Africa,1.0514018691588802
Burundi,BDI,2021,81.89252336448598,Africa,1.0514018691588802
Burundi,BDI,2022,82.80796339563862,Africa,0.9154400311526416
Burundi,BDI,2023,83.88655763239875,Africa,1.0785942367601251
Cabo Verde,CPV,1961,16.129032258064516,Africa,
Cabo Verde,CPV,1962,16.129032258064516,Africa,0.0
Cabo Verde,CPV,1963,16.129032258064516,Africa,0.0
Cabo Verde,CPV,1964,16.129032258064516,Africa,0.0
Cabo Verde,CPV,1965,16.129032258064516,Africa,0.0
Cabo Verde,CPV,1966,16.129032258064516,Africa,0.0
Cabo Verde,CPV,1967,16.129032258064516,Africa,0.0
Cabo Verde,CPV,1968,16.129032258064516,Africa,0.0
Cabo Verde,CPV,1969,16.129032258064516,Africa,0.0
Cabo Verde,CPV,1970,16.129032258064516,Africa,0.0
Cabo Verde,CPV,1971,16.129032258064516,Africa,0.0
Cabo Verde,CPV,1972,16.129032258064516,Africa,0.0
Cabo Verde,CPV,1973,16.129032258064516,Africa,0.0
Cabo Verde,CPV,1974,16.129032258064516,Africa,0.0
Cabo Verde,CPV,1975,16.129032258064516,Africa,0.0
Cabo Verde,CPV,1976,16.129032258064516,Africa,0.0
Cabo Verde,CPV,1977,16.129032258064516,Africa,0.0
Cabo Verde,CPV,1978,16.129032258064516,Africa,0.0
Cabo Verde,CPV,1979,16.129032258064516,Africa,0.0
Cabo Verde,CPV,1980,16.129032258064516,Africa,0.0
Cabo Verde,CPV,1981,16.129032258064516,Africa,0.0
Cabo Verde,CPV,1982,16.129032258064516,Africa,0.0
Cabo Verde,CPV,1983,16.129032258064516,Africa,0.0
Cabo Verde,CPV,1984,16.129032258064516,Africa,0.0
Cabo Verde,CPV,1985,16.129032258064516,Africa,0.0
Cabo Verde,CPV,1986,16.129032258064516,Africa,0.0
Cabo Verde,CPV,1987,16.129032258064516,Africa,0.0
Cabo Verde,CPV,1988,16.62531017369727,Africa,0.4962779156327528
Cabo Verde,CPV,1989,16.62531017369727,Africa,0.0
Cabo Verde,CPV,1990,16.87344913151365,Africa,0.24813895781637996
Cabo Verde,CPV,1991,16.87344913151365,Africa,0.0
Cabo Verde,CPV,1992,17.121588089330025,Africa,0.2481389578163764
Cabo Verde,CPV,1993,17.121588089330025,Africa,0.0
Cabo Verde,CPV,1994,17.121588089330025,Africa,0.0
Cabo Verde,CPV,1995,17.3697270471464,Africa,0.2481389578163764
Cabo Verde,CPV,1996,17.3697270471464,Africa,0.0
Cabo Verde,CPV,1997,17.866004962779154,Africa,0.4962779156327528
Cabo Verde,CPV,1998,17.866004962779154,Africa,0.0
Cabo Verde,CPV,1999,17.866004962779154,Africa,0.0
Cabo Verde,CPV,2000,17.866004962779154,Africa,0.0
Cabo Verde,CPV,2001,18.36228287841191,Africa,0.49627791563275636
Cabo Verde,CPV,2002,18.610421836228287,Africa,0.2481389578163764
Cabo Verde,CPV,2003,18.610421836228287,Africa,0.0
Cabo Verde,CPV,2004,18.858560794044664,Africa,0.2481389578163764
Cabo Verde,CPV,2005,18.858560794044664,Africa,0.0
Cabo Verde,CPV,2006,18.858560794044664,Africa,0.0
Cabo Verde,CPV,2007,18.858560794044664,Africa,0.0
Cabo Verde,CPV,2008,19.35483870967742,Africa,0.49627791563275636
Cabo Verde,CPV,2009,19.35483870967742,Africa,0.0
Cabo Verde,CPV,2010,19.35483870967742,Africa,0.0
Cabo Verde,CPV,2011,19.6029776674938,Africa,0.24813895781637996
Cabo Verde,CPV,2012,19.6029776674938,Africa,0.0
Cabo Verde,CPV,2013,19.6029776674938,Africa,0.0
Cabo Verde,CPV,2014,19.6029776674938,Africa,0.0
Cabo Verde,CPV,2015,19.6029776674938,Africa,0.0
Cabo Verde,CPV,2016,19.6029776674938,Africa,0.0
Cabo Verde,CPV,2017,19.6029776674938,Africa,0.0
Cabo Verde,CPV,2018,19.6029776674938,Africa,0.0
Cabo Verde,CPV,2019,19.6029776674938,Africa,0.0
Cabo Verde,CPV,2020,19.6029776674938,Africa,0.0
Cabo Verde,CPV,2021,19.6029776674938,Africa,0.0
Cabo Verde,CPV,2022,19.6029776674938,Africa,0.0
Cabo Verde,CPV,2023,19.6029776674938,Africa,0.0
Cambodia,KHM,1961,19.929753002492635,Asia,
Cambodia,KHM,1962,20.01472920915477,Asia,0.08497620666213379
Cambodia,KHM,1963,20.06571493315205,Asia,0.050985723997282406
Cambodia,KHM,1964,20.365964196691596,Asia,0.30024926353954484
Cambodia,KHM,1965,20.547246770904145,Asia,0.181282574212549
Cambodia,KHM,1966,20.547246770904145,Asia,0.0
Cambodia,KHM,1967,20.558576931792437,Asia,0.011330160888292085
Cambodia,KHM,1968,20.26399274869703,Asia,-0.2945841830954059
Cambodia,KHM,1969,19.6974847042828,Asia,-0.5665080444142312
Cambodia,KHM,1970,19.368910038522547,Asia,-0.32857466576025374
Cambodia,KHM,1971,13.879447088148652,Asia,-5.489462950373895
Cambodia,KHM,1972,13.879447088148652,Asia,0.0
Cambodia,KHM,1973,13.879447088148652,Asia,0.0
Cambodia,KHM,1974,14.162701110355766,Asia,0.2832540222071138
Cambodia,KHM,1975,14.162701110355766,Asia,0.0
Cambodia,KHM,1976,14.445955132562885,Asia,0.28325402220711915
Cambodia,KHM,1977,14.445955132562885,Asia,0.0
Cambodia,KHM,1978,14.72920915477,Asia,0.2832540222071156
Cambodia,KHM,1979,14.72920915477,Asia,0.0
Cambodia,KHM,1980,15.012463176977114,Asia,0.2832540222071138
Cambodia,KHM,1981,15.012463176977114,Asia,0.0
Cambodia,KHM,1982,15.182415590301382,Asia,0.16995241332426758
Cambodia,KHM,1983,15.239066394742808,Asia,0.05665080444142667
Cambodia,KHM,1984,15.24473147518695,Asia,0.005665080444140713
Cambodia,KHM,1985,16.938590527985497,Asia,1.6938590527985475
Cambodia,KHM,1986,18.63811466122819,Asia,1.6995241332426936
Cambodia,KHM,1987,20.960797643326533,Asia,2.3226829820983426
Cambodia,KHM,1988,23.51008384319057,Asia,2.5492861998640386
Cambodia,KHM,1989,25.12463176977113,Asia,1.6145479265805598
Cambodia,KHM,1990,25.237933378653977,Asia,0.11330160888284624
Cambodia,KHM,1991,25.549512803081804,Asia,0.31157942442782627
Cambodia,KHM,1992,25.57783820530252,Asia,0.028325402220716
Cambodia,KHM,1993,25.618751416270115,Asia,0.04091321096759515
Cambodia,KHM,1994,25.858548606390208,Asia,0.23979719012009326
Cambodia,KHM,1995,25.850589168366188,Asia,-0.007959438024020216
Cambodia,KHM,1996,25.92150464536596,Asia,0.07091547699977241
Cambodia,KHM,1997,25.91751642873329,Asia,-0.0039882166326705715
Cambodia,KHM,1998,26.22932245637888,Asia,0.3118060276455914
Cambodia,KHM,1999,26.285973260820302,Asia,0.05665080444142134
Cambodia,KHM,2000,27.0224337185588,Asia,0.7364604577384988
Cambodia,KHM,2001,27.70224337185588,Asia,0.6798096532970774
Cambodia,KHM,2002,28.32540222071153,Asia,0.6231588488556525
Cambodia,KHM,2003,28.89191026512577,Asia,0.5665080444142383
Cambodia,KHM,2004,29.62837072286427,Asia,0.7364604577384988
Cambodia,KHM,2005,30.342170858826197,Asia,0.7138001359619288
Cambodia,KHM,2006,30.33650577838205,Asia,-0.005665080444146042
Cambodia,KHM,2007,30.33650577838205,Asia,0.0
Cambodia,KHM,2008,30.33650577838205,Asia,0.0
Cambodia,KHM,2009,30.187695445275324,Asia,-0.1488103331067272
Cambodia,KHM,2010,30.486126217992293,Asia,0.2984307727169693
Cambodia,KHM,2011,30.77949127577612,Asia,0.29336505778382715
Cambodia,KHM,2012,31.150901880806707,Asia,0.37141060503058654
Cambodia,KHM,2013,31.45244278268752,Asia,0.30154090188081284
Cambodia,KHM,2014,31.68260876954452,Asia,0.23016598685699918
Cambodia,KHM,2015,31.99605710401088,Asia,0.31344833446636144
Cambodia,KHM,2016,32.29098119193293,Asia,0.2949240879220483
Cambodia,KHM,2017,32.770359732608206,Asia,0.4793785406752775
Cambodia,KHM,2018,33.188107863131656,Asia,0.4177481305234494
Cambodia,KHM,2019,33.71628030818037,Asia,0.5281724450487175
Cambodia,KHM,2020,34.301391910265124,Asia,0.5851116020847513
Cambodia,KHM,2021,34.69997564015409,Asia,0.3985837298889692
Cambodia,KHM,2022,34.8115777249037,Asia,0.11160208474960598
Cambodia,KHM,2023,34.86482948107863,Asia,0.053251756174930165
Cameroon,CMR,1961,15.887118952423265,Africa,
Cameroon,CMR,1962,16.014046667089758,Africa,0.12692771466649333
Cameroon,CMR,1963,16.119819762645175,Africa,0.10577309555541703
Cameroon,CMR,1964,16.246747477311672,Africa,0.12692771466649688
Cameroon,CMR,1965,16.37367519197817,Africa,0.12692771466649688
Cameroon,CMR,1966,16.500602906644666,Africa,0.12692771466649688
Cameroon,CMR,1967,16.648685240422246,Africa,0.1480823337775803
Cameroon,CMR,1968,16.75445833597766,Africa,0.10577309555541348
Cameroon,CMR,1969,16.860231431533077,Africa,0.10577309555541703
Cameroon,CMR,1970,16.87715512682194,Africa,0.016923695288863172
Cameroon,CMR,1971,16.982928222377357,Africa,0.10577309555541703
Cameroon,CMR,1972,17.12466417042161,Africa,0.1417359480442535
Cameroon,CMR,1973,17.26216919464365,Africa,0.13750502422204036
Cameroon,CMR,1974,17.516024623976644,Africa,0.25385542933299377
Cameroon,CMR,1975,17.7593027437541,Africa,0.24327811977745384
Cameroon,CMR,1976,18.002580863531552,Africa,0.24327811977745384
Cameroon,CMR,1977,18.286052759620063,Africa,0.28347189608851053
Cameroon,CMR,1978,18.34317023121999,Africa,0.05711747159992697
Cameroon,CMR,1979,18.852996551797084,Africa,0.5098263205770941
Cameroon,CMR,1980,18.891074866197037,Africa,0.03807831439995368
Cameroon,CMR,1981,18.95453872353028,Africa,0.06346385733324311
Cameroon,CMR,1982,19.060311819085697,Africa,0.10577309555541703
Cameroon,CMR,1983,19.16608491464111,Africa,0.10577309555541348
Cameroon,CMR,1984,19.271858010196528,Africa,0.10577309555541703
Cameroon,CMR,1985,19.37763110575194,Africa,0.10577309555541348
Cameroon,CMR,1986,19.52571343952952,Africa,0.1480823337775803
Cameroon,CMR,1987,19.483404201307355,Africa,-0.04230923822216681
Cameroon,CMR,1988,19.483404201307355,Africa,0.0
Cameroon,CMR,1989,19.441094963085188,Africa,-0.04230923822216681
Cameroon,CMR,1990,19.398785724863025,Africa,-0.04230923822216326
Cameroon,CMR,1991,19.356476486640855,Africa,-0.042309238222170364
Cameroon,CMR,1992,19.37763110575194,Africa,0.02115461911108696
Cameroon,CMR,1993,19.37763110575194,Africa,0.0
Cameroon,CMR,1994,19.37763110575194,Africa,0.0
Cameroon,CMR,1995,19.37763110575194,Africa,0.0
Cameroon,CMR,1996,19.37763110575194,Africa,0.0
Cameroon,CMR,1997,19.37763110575194,Africa,0.0
Cameroon,CMR,1998,19.37763110575194,Africa,0.0
Cameroon,CMR,1999,19.37763110575194,Africa,0.0
Cameroon,CMR,2000,19.37763110575194,Africa,0.0
Cameroon,CMR,2001,19.37763110575194,Africa,0.0
Cameroon,CMR,2002,19.37763110575194,Africa,0.0
Cameroon,CMR,2003,19.37763110575194,Africa,0.0
Cameroon,CMR,2004,19.483404201307355,Africa,0.10577309555541348
Cameroon,CMR,2005,19.48975058704068,Africa,0.006346385733326798
Cameroon,CMR,2006,19.48975058704068,Africa,0.0
Cameroon,CMR,2007,19.48975058704068,Africa,0.0
Cameroon,CMR,2008,19.59552368259609,Africa,0.10577309555540992
Cameroon,CMR,2009,19.70129677815151,Africa,0.10577309555541703
Cameroon,CMR,2010,20.519980537750417,Africa,0.8186837595989083
Cameroon,CMR,2011,20.625753633305838,Africa,0.10577309555542058
Cameroon,CMR,2012,20.625753633305838,Africa,0.0
Cameroon,CMR,2013,20.625753633305838,Africa,0.0
Cameroon,CMR,2014,20.625753633305838,Africa,0.0
Cameroon,CMR,2015,20.625753633305838,Africa,0.0
Cameroon,CMR,2016,20.625753633305838,Africa,0.0
Cameroon,CMR,2017,20.67014808233377,Africa,0.04439444902793355
Cameroon,CMR,2018,20.71454253136172,Africa,0.04439444902794776
Cameroon,CMR,2019,20.758936980389667,Africa,0.04439444902794776
Cameroon,CMR,2020,20.803331640963805,Africa,0.0443946605741381
Cameroon,CMR,2021,20.84772608999175,Africa,0.044394449027944205
Cameroon,CMR,2022,20.892120539019697,Africa,0.04439444902794776
Cameroon,CMR,2023,20.93651498804764,Africa,0.044394449027944205
Canada,CAN,1961,6.897817098484316,North America,
Canada,CAN,1962,6.9465590106172606,North America,0.048741912132944876
Canada,CAN,1963,6.9953009227502045,North America,0.04874191213294399
Canada,CAN,1964,7.044042834883148,North America,0.0487419121329431
Canada,CAN,1965,7.092784747016092,North America,0.04874191213294399
Canada,CAN,1966,7.105053878216603,North America,0.012269131200511652
Canada,CAN,1967,7.089996308106884,North America,-0.015057570109719087
Canada,CAN,1968,7.074938737997165,North America,-0.015057570109719087
Canada,CAN,1969,7.059881167887445,North America,-0.015057570109719975
Canada,CAN,1970,7.044823597777726,North America,-0.015057570109719087
Canada,CAN,1971,7.029431414998902,North America,-0.01539218277882437
Canada,CAN,1972,7.032442929020845,North America,0.003011514021943107
Canada,CAN,1973,7.03545444304279,North America,0.0030115140219448833
Canada,CAN,1974,7.038465957064734,North America,0.003011514021943995
Canada,CAN,1975,7.041477471086677,North America,0.003011514021943107
Canada,CAN,1976,7.044599407289426,North America,0.0031219362027492537
Canada,CAN,1977,7.002885476583248,North America,-0.04171393070617846
Canada,CAN,1978,6.961058892945138,North America,-0.04182658363810976
Canada,CAN,1979,6.919232309307029,North America,-0.04182658363810887
Canada,CAN,1980,6.877405725668918,North America,-0.04182658363811065
Canada,CAN,1981,6.83613682981265,North America,-0.04126889585626792
Canada,CAN,1982,6.827436900415923,North America,-0.00869992939672759
Canada,CAN,1983,6.818736971019197,North America,-0.008699929396725814
Canada,CAN,1984,6.81003704162247,North America,-0.008699929396726702
Canada,CAN,1985,6.801337112225743,North America,-0.00869992939672759
Canada,CAN,1986,6.79251359921656,North America,-0.008823513009182271
Canada,CAN,1987,6.806579377375053,North America,0.014065778158492748
Canada,CAN,1988,6.820633109477457,North America,0.014053732102404126
Canada,CAN,1989,6.834686841579862,North America,0.014053732102405014
Canada,CAN,1990,6.848740573682267,North America,0.014053732102405014
Canada,CAN,1991,6.863267938864034,North America,0.014527365181766783
Canada,CAN,1992,6.8556559021771015,North America,-0.007612036686932555
Canada,CAN,1993,6.848071348344058,North America,-0.0075845538330439055
Canada,CAN,1994,6.840486794511014,North America,-0.0075845538330439055
Canada,CAN,1995,6.83290224067797,North America,-0.0075845538330439055
Canada,CAN,1996,6.825206149288558,North America,-0.007696091389411741
Canada,CAN,1997,6.827771513085028,North America,0.0025653637964699882
Canada,CAN,1998,6.830448414437868,North America,0.0026769013528396
Canada,CAN,1999,6.833125315790707,North America,0.0026769013528396
Canada,CAN,2000,6.835802217143545,North America,0.002676901352837824
Canada,CAN,2001,6.838162441066344,North America,0.0023602239227988875
Canada,CAN,2002,6.925478412463653,North America,0.08731597139730862
Canada,CAN,2003,6.90930546679025,North America,-0.016172945673402772
Canada,CAN,2004,6.893132521116847,North America,-0.016172945673402772
Canada,CAN,2005,6.876959575443445,North America,-0.016172945673401884
Canada,CAN,2006,6.757391315016637,North America,-0.11956826042680824
Canada,CAN,2007,6.6931456825485,North America,-0.06424563246813708
Canada,CAN,2008,6.628900050080362,North America,-0.06424563246813797
Canada,CAN,2009,6.564654417612226,North America,-0.0642456324681362
Canada,CAN,2010,6.5004087851440895,North America,-0.0642456324681362
Canada,CAN,2011,6.435683541183569,North America,-0.06472524396052037
Canada,CAN,2012,6.443636168952629,North America,0.00795262776906025
Canada,CAN,2013,6.4515553354547786,North America,0.007919166502149189
Canada,CAN,2014,6.459474501956926,North America,0.007919166502147412
Canada,CAN,2015,6.467505206015443,North America,0.008030704058517024
Canada,CAN,2016,6.474755147179383,North America,0.007249941163940399
Canada,CAN,2017,6.454410696897805,North America,-0.02034445028157794
Canada,CAN,2018,6.45681990811536,North America,0.002409211217554663
Canada,CAN,2019,6.434356244262787,North America,-0.022463663852573035
Canada,CAN,2020,6.370735222110313,North America,-0.063621022152474
Canada,CAN,2021,6.484576786100334,North America,0.11384156399002077
Canada,CAN,2022,6.494362078578174,North America,0.009785292477840102
Canada,CAN,2023,6.471378019502315,North America,-0.022984059075858987
Cayman Islands,CYM,1961,11.25,North America,
Cayman Islands,CYM,1962,11.25,North America,0.0
Cayman Islands,CYM,1963,11.25,North America,0.0
Cayman Islands,CYM,1964,11.25,North America,0.0
Cayman Islands,CYM,1965,11.25,North America,0.0
Cayman Islands,CYM,1966,11.25,North America,0.0
Cayman Islands,CYM,1967,11.25,North America,0.0
Cayman Islands,CYM,1968,11.25,North America,0.0
Cayman Islands,CYM,1969,11.25,North America,0.0
Cayman Islands,CYM,1970,11.25,North America,0.0
Cayman Islands,CYM,1971,11.25,North America,0.0
Cayman Islands,CYM,1972,11.25,North America,0.0
Cayman Islands,CYM,1973,11.25,North America,0.0
Cayman Islands,CYM,1974,11.25,North America,0.0
Cayman Islands,CYM,1975,11.25,North America,0.0
Cayman Islands,CYM,1976,11.25,North America,0.0
Cayman Islands,CYM,1977,11.25,North America,0.0
Cayman Islands,CYM,1978,11.25,North America,0.0
Cayman Islands,CYM,1979,11.25,North America,0.0
Cayman Islands,CYM,1980,11.25,North America,0.0
Cayman Islands,CYM,1981,11.25,North America,0.0
Cayman Islands,CYM,1982,11.25,North America,0.0
Cayman Islands,CYM,1983,11.25,North America,0.0
Cayman Islands,CYM,1984,11.25,North America,0.0
Cayman Islands,CYM,1985,11.25,North America,0.0
Cayman Islands,CYM,1986,11.25,North America,0.0
Cayman Islands,CYM,1987,11.25,North America,0.0
Cayman Islands,CYM,1988,11.25,North America,0.0
Cayman Islands,CYM,1989,11.25,North America,0.0
Cayman Islands,CYM,1990,11.25,North America,0.0
Cayman Islands,CYM,1991,11.25,North America,0.0
Cayman Islands,CYM,1992,11.25,North America,0.0
Cayman Islands,CYM,1993,11.25,North America,0.0
Cayman Islands,CYM,1994,11.25,North America,0.0
Cayman Islands,CYM,1995,11.25,North America,0.0
Cayman Islands,CYM,1996,11.25,North America,0.0
Cayman Islands,CYM,1997,11.25,North America,0.0
Cayman Islands,CYM,1998,11.25,North America,0.0
Cayman Islands,CYM,1999,11.25,North America,0.0
Cayman Islands,CYM,2000,11.25,North America,0.0
Cayman Islands,CYM,2001,11.25,North America,0.0
Cayman Islands,CYM,2002,11.25,North America,0.0
Cayman Islands,CYM,2003,11.25,North America,0.0
Cayman Islands,CYM,2004,11.25,North America,0.0
Cayman Islands,CYM,2005,11.25,North America,0.0
Cayman Islands,CYM,2006,11.25,North America,0.0
Cayman Islands,CYM,2007,11.25,North America,0.0
Cayman Islands,CYM,2008,11.25,North America,0.0
Cayman Islands,CYM,2009,11.25,North America,0.0
Cayman Islands,CYM,2010,11.25,North America,0.0
Cayman Islands,CYM,2011,11.25,North America,0.0
Cayman Islands,CYM,2012,11.25,North America,0.0
Cayman Islands,CYM,2013,11.25,North America,0.0
Cayman Islands,CYM,2014,11.25,North America,0.0
Cayman Islands,CYM,2015,11.25,North America,0.0
Cayman Islands,CYM,2016,11.25,North America,0.0
Cayman Islands,CYM,2017,11.25,North America,0.0
Cayman Islands,CYM,2018,11.25,North America,0.0
Cayman Islands,CYM,2019,11.25,North America,0.0
Cayman Islands,CYM,2020,11.25,North America,0.0
Cayman Islands,CYM,2021,11.25,North America,0.0
Cayman Islands,CYM,2022,11.25,North America,0.0
Cayman Islands,CYM,2023,11.25,North America,0.0
Central African Republic,CAF,1961,7.605380590067097,Africa,
Central African Republic,CAF,1962,7.6214324697422065,Africa,0.01605187967510968
Central African Republic,CAF,1963,7.634273973482294,Africa,0.012841503740087745
Central African Republic,CAF,1964,7.6567466050274495,Africa,0.02247263154515533
Central African Republic,CAF,1965,7.672798484702559,Africa,0.01605187967510968
Central African Republic,CAF,1966,7.688850364377668,Africa,0.016051879675108793
Central African Republic,CAF,1967,7.704902244052779,Africa,0.01605187967511057
Central African Republic,CAF,1968,7.720954123727888,Africa,0.01605187967510968
Central African Republic,CAF,1969,7.737006003402999,Africa,0.01605187967511057
Central African Republic,CAF,1970,7.7530578830781085,Africa,0.01605187967510968
Central African Republic,CAF,1971,7.769109762753218,Africa,0.01605187967510968
Central African Republic,CAF,1972,7.785161642428329,Africa,0.01605187967511057
Central African Republic,CAF,1973,7.801213522103438,Africa,0.01605187967510968
Central African Republic,CAF,1974,7.817265401778549,Africa,0.01605187967511057
Central African Republic,CAF,1975,7.870348967864136,Africa,0.053083566085587286
Central African Republic,CAF,1976,7.888214709942535,Africa,0.017865742078398306
Central African Republic,CAF,1977,7.906353333975409,Africa,0.018138624032874695
Central African Republic,CAF,1978,7.924347491091206,Africa,0.01799415711579666
Central African Republic,CAF,1979,7.94464669812835,Africa,0.020299207037144384
Central African Republic,CAF,1980,7.963653728851648,Africa,0.019007030723297902
Central African Republic,CAF,1981,7.937654499341873,Africa,-0.02599922950977529
Central African Republic,CAF,1982,7.9659860669684415,Africa,0.02833156762656852
Central African Republic,CAF,1983,7.937140839192269,Africa,-0.0288452277761726
Central African Republic,CAF,1984,7.945359401585926,Africa,0.008218562393657258
Central African Republic,CAF,1985,7.944381842113711,Africa,-0.000977559472215006
Central African Republic,CAF,1986,7.950855565186683,Africa,0.006473723072971893
Central African Republic,CAF,1987,7.957791582394298,Africa,0.006936017207615386
Central African Republic,CAF,1988,7.959122283219365,Africa,0.0013307008250666996
Central African Republic,CAF,1989,7.9701627660599055,Africa,0.011040482840540378
Central African Republic,CAF,1990,7.954478474429355,Africa,-0.015684291630550184
Central African Republic,CAF,1991,8.034928890173038,Africa,0.08045041574368295
Central African Republic,CAF,1992,7.993033484221003,Africa,-0.04189540595203489
Central African Republic,CAF,1993,7.997528010530034,Africa,0.0044945263090303555
Central African Republic,CAF,1994,7.9898231082859805,Africa,-0.00770490224405318
Central African Republic,CAF,1995,7.974573822594626,Africa,-0.015249285691354864
Central African Republic,CAF,1996,7.983402356415937,Africa,0.008828533821310991
Central African Republic,CAF,1997,7.984044431602941,Africa,0.0006420751870042096
Central African Republic,CAF,1998,7.976179010562137,Africa,-0.007865421040803788
Central African Republic,CAF,1999,7.975215897781631,Africa,-0.0009631127805063144
Central African Republic,CAF,2000,7.980031461684163,Africa,0.00481556390253246
Central African Republic,CAF,2001,7.978747311310154,Africa,-0.0012841503740093074
Central African Republic,CAF,2002,7.980191980480915,Africa,0.001444669170760804
Central African Republic,CAF,2003,7.957398311342258,Africa,-0.022793669138656547
Central African Republic,CAF,2004,7.952101191049472,Africa,-0.005297120292786062
Central African Republic,CAF,2005,7.9487302963177,Africa,-0.0033708947317725446
Central African Republic,CAF,2006,7.940543837683394,Africa,-0.008186458634305893
Central African Republic,CAF,2007,7.946643551959935,Africa,0.006099714276541768
Central African Republic,CAF,2008,7.947927702333943,Africa,0.001284150374007531
Central African Republic,CAF,2009,7.938136055732126,Africa,-0.009791646601817305
Central African Republic,CAF,2010,7.896882724967094,Africa,-0.04125333076503157
Central African Republic,CAF,2011,7.84808501075476,Africa,-0.04879771421233414
Central African Republic,CAF,2012,7.852258499470288,Africa,0.004173488715528251
Central African Republic,CAF,2013,7.861408070885101,Africa,0.009149571414813096
Central African Republic,CAF,2014,7.877780988153712,Africa,0.016372917268610898
Central African Republic,CAF,2015,7.893511830235321,Africa,0.015730842081608465
Central African Republic,CAF,2016,7.892709236251565,Africa,-0.0008025939837557061
Central African Republic,CAF,2017,7.893993386625573,Africa,0.0012841503740084192
Central African Republic,CAF,2018,8.30203216796687,Africa,0.408038781341296
Central African Republic,CAF,2019,8.81890269350541,Africa,0.5168705255385397
Central African Republic,CAF,2020,8.968666730874185,Africa,0.14976403736877586
Central African Republic,CAF,2021,9.005265016533436,Africa,0.03659828565925061
Central African Republic,CAF,2022,9.04218433978619,Africa,0.0369193232527536
Central African Republic,CAF,2023,9.099489550226332,Africa,0.05730521044014303
Central Europe and the Baltics,CEB,1961,64.66702834667028,Other,
Central Europe and the Baltics,CEB,1962,64.62537977430556,Other,-0.041648572364721304
Central Europe and the Baltics,CEB,1963,64.54041150700539,Other,-0.08496826730016949
Central Europe and the Baltics,CEB,1964,64.59195160655915,Other,0.05154009955376182
Central Europe and the Baltics,CEB,1965,64.40294053819444,Other,-0.1890110683647066
Central Europe and the Baltics,CEB,1966,64.44179201649328,Other,0.03885147829883806
Central Europe and the Baltics,CEB,1967,64.33822532078236,Other,-0.10356669571092425
Central Europe and the Baltics,CEB,1968,64.47338080705323,Other,0.13515548627087526
Central Europe and the Baltics,CEB,1969,64.34045439131908,Other,-0.13292641573414699
Central Europe and the Baltics,CEB,1970,64.23688351147523,Other,-0.10357087984385771
Central Europe and the Baltics,CEB,1971,64.16857697055192,Other,-0.06830654092330235
Central Europe and the Baltics,CEB,1972,63.99902337126812,Other,-0.16955359928380176
Central Europe and the Baltics,CEB,1973,63.815905484041615,Other,-0.18311788722650846
Central Europe and the Baltics,CEB,1974,63.76029190347653,Other,-0.055613580565086806
Central Europe and the Baltics,CEB,1975,63.60972830731251,Other,-0.1505635961640195
Central Europe and the Baltics,CEB,1976,63.90173763242496,Other,0.2920093251124527
Central Europe and the Baltics,CEB,1977,63.82626624345514,Other,-0.07547138896982375
Central Europe and the Baltics,CEB,1978,63.73180689879685,Other,-0.09445934465828998
Central Europe and the Baltics,CEB,1979,63.582842724978974,Other,-0.1489641738178733
Central Europe and the Baltics,CEB,1980,63.45754710582362,Other,-0.12529561915535226
Central Europe and the Baltics,CEB,1981,63.26713332248087,Other,-0.1904137833427484
Central Europe and the Baltics,CEB,1982,63.24086006918537,Other,-0.0262732532954999
Central Europe and the Baltics,CEB,1983,63.22815204710096,Other,-0.012708022084410686
Central Europe and the Baltics,CEB,1984,63.29462517296579,Other,0.06647312586482457
Central Europe and the Baltics,CEB,1985,63.27427625688472,Other,-0.020348916081069035
Central Europe and the Baltics,CEB,1986,63.22543885829015,Other,-0.04883739859457137
Central Europe and the Baltics,CEB,1987,63.2702064736685,Other,0.04476761537835472
Central Europe and the Baltics,CEB,1988,63.20187755212785,Other,-0.06832892154065462
Central Europe and the Baltics,CEB,1989,62.78289455810036,Other,-0.4189829940274876
Central Europe and the Baltics,CEB,1990,62.75300893851713,Other,-0.02988561958323288
Central Europe and the Baltics,CEB,1991,62.71239388794566,Other,-0.04061505057146775
Central Europe and the Baltics,CEB,1992,57.25211490031105,Other,-5.460278987634609
Central Europe and the Baltics,CEB,1993,56.55061690183419,Other,-0.7014979984768601
Central Europe and the Baltics,CEB,1994,56.23855776479244,Other,-0.31205913704175003
Central Europe and the Baltics,CEB,1995,55.73911729278263,Other,-0.4994404720098089
Central Europe and the Baltics,CEB,1996,55.269856581427526,Other,-0.46926071135510483
Central Europe and the Baltics,CEB,1997,55.22530014832083,Other,-0.04455643310669899
Central Europe and the Baltics,CEB,1998,54.758842996596464,Other,-0.466457151724363
Central Europe and the Baltics,CEB,1999,54.70586052774704,Other,-0.05298246884942159
Central Europe and the Baltics,CEB,2000,53.4901884125256,Other,-1.2156721152214445
Central Europe and the Baltics,CEB,2001,52.07114407734515,Other,-1.4190443351804447
Central Europe and the Baltics,CEB,2002,50.43443345820127,Other,-1.6367106191438836
Central Europe and the Baltics,CEB,2003,49.5958439712841,Other,-0.8385894869171722
Central Europe and the Baltics,CEB,2004,48.84685687254128,Other,-0.7489870987428162
Central Europe and the Baltics,CEB,2005,48.88277300984935,Other,0.03591613730807097
Central Europe and the Baltics,CEB,2006,48.731612965210445,Other,-0.15116004463890675
Central Europe and the Baltics,CEB,2007,47.769314373615934,Other,-0.9622985915945108
Central Europe and the Baltics,CEB,2008,47.99490954276715,Other,0.22559516915121236
Central Europe and the Baltics,CEB,2009,47.9163379859727,Other,-0.07857155679444361
Central Europe and the Baltics,CEB,2010,47.05221206814478,Other,-0.8641259178279199
Central Europe and the Baltics,CEB,2011,47.21420491953969,Other,0.16199285139490627
Central Europe and the Baltics,CEB,2012,46.8803414197218,Other,-0.33386349981788754
Central Europe and the Baltics,CEB,2013,46.95652213255827,Other,0.07618071283646799
Central Europe and the Baltics,CEB,2014,46.862198091769066,Other,-0.09432404078920342
Central Europe and the Baltics,CEB,2015,46.95507180271642,Other,0.09287371094735164
Central Europe and the Baltics,CEB,2016,46.68313702439355,Other,-0.2719347783228656
Central Europe and the Baltics,CEB,2017,46.63365789216741,Other,-0.0494791322261392
Central Europe and the Baltics,CEB,2018,46.72113212280084,Other,0.08747423063342552
Central Europe and the Baltics,CEB,2019,47.16079080689117,Other,0.4396586840903325
Central Europe and the Baltics,CEB,2020,46.30281025081038,Other,-0.8579805560807898
Central Europe and the Baltics,CEB,2021,46.18887154164888,Other,-0.11393870916150206
Central Europe and the Baltics,CEB,2022,45.48594435237445,Other,-0.7029271892744262
Chad,TCD,1961,38.01587301587301,Africa,
Chad,TCD,1962,38.01587301587301,Africa,0.0
Chad,TCD,1963,38.01587301587301,Africa,0.0
Chad,TCD,1964,38.01587301587301,Africa,0.0
Chad,TCD,1965,38.01587301587301,Africa,0.0
Chad,TCD,1966,38.01587301587301,Africa,0.0
Chad,TCD,1967,38.01587301587301,Africa,0.0
Chad,TCD,1968,38.01587301587301,Africa,0.0
Chad,TCD,1969,38.01587301587301,Africa,0.0
Chad,TCD,1970,38.01587301587301,Africa,0.0
Chad,TCD,1971,38.01587301587301,Africa,0.0
Chad,TCD,1972,38.01587301587301,Africa,0.0
Chad,TCD,1973,38.023809523809526,Africa,0.007936507936513237
Chad,TCD,1974,38.04382343601143,Africa,0.02001391220190385
Chad,TCD,1975,38.11944091486658,Africa,0.07561747885515047
Chad,TCD,1976,38.19885641677255,Africa,0.07941550190597013
Chad,TCD,1977,38.19885641677255,Africa,0.0
Chad,TCD,1978,38.23856416772554,Africa,0.03970775095299217
Chad,TCD,1979,38.23856416772554,Africa,0.0
Chad,TCD,1980,38.23856416772554,Africa,0.0
Chad,TCD,1981,38.23856416772554,Africa,0.0
Chad,TCD,1982,38.23856416772554,Africa,0.0
Chad,TCD,1983,38.23856416772554,Africa,0.0
Chad,TCD,1984,38.23856416772554,Africa,0.0
Chad,TCD,1985,38.24253494282084,Africa,0.0039707750952970855
Chad,TCD,1986,38.282242693773824,Africa,0.039707750952985066
Chad,TCD,1987,38.282242693773824,Africa,0.0
Chad,TCD,1988,38.30209656925032,Africa,0.019853875476492533
Chad,TCD,1989,38.31797966963151,Africa,0.015883100381195447
Chad,TCD,1990,38.3576874205845,Africa,0.039707750952985066
Chad,TCD,1991,38.39739517153748,Africa,0.039707750952985066
Chad,TCD,1992,38.41327827191868,Africa,0.015883100381195447
Chad,TCD,1993,38.43710292249047,Africa,0.02382465057178962
Chad,TCD,1994,38.45298602287166,Africa,0.015883100381195447
Chad,TCD,1995,38.47681067344346,Africa,0.023824650571796724
Chad,TCD,1996,38.46092757306226,Africa,-0.015883100381202553
Chad,TCD,1997,38.61975857687421,Africa,0.15883100381195447
Chad,TCD,1998,38.61975857687421,Africa,0.0
Chad,TCD,1999,38.61975857687421,Africa,0.0
Chad,TCD,2000,38.61975857687421,Africa,0.0
Chad,TCD,2001,38.69917407878018,Africa,0.07941550190597013
Chad,TCD,2002,38.69917407878018,Africa,0.0
Chad,TCD,2003,38.77858958068615,Africa,0.07941550190597013
Chad,TCD,2004,38.77858958068615,Africa,0.0
Chad,TCD,2005,38.85800508259212,Africa,0.07941550190597013
Chad,TCD,2006,38.85800508259212,Africa,0.0
Chad,TCD,2007,38.85879923761118,Africa,0.000794155019057996
Chad,TCD,2008,38.85879923761118,Africa,0.0
Chad,TCD,2009,38.94139135959339,Africa,0.08259212198220922
Chad,TCD,2010,39.10022236340534,Africa,0.15883100381194737
Chad,TCD,2011,39.17963786531131,Africa,0.07941550190597013
Chad,TCD,2012,39.45759212198221,Africa,0.27795425667090257
Chad,TCD,2013,39.73634053367217,Africa,0.27874841168996056
Chad,TCD,2014,39.89517153748412,Africa,0.15883100381194737
Chad,TCD,2015,39.895965692503175,Africa,0.000794155019057996
Chad,TCD,2016,39.9761753494282,Africa,0.08020965692502813
Chad,TCD,2017,39.9761753494282,Africa,0.0
Chad,TCD,2018,39.9761753494282,Africa,0.0
Chad,TCD,2019,39.9761753494282,Africa,0.0
Chad,TCD,2020,39.9761753494282,Africa,0.0
Chad,TCD,2021,39.9761753494282,Africa,0.0
Chad,TCD,2022,39.9761753494282,Africa,0.0
Chad,TCD,2023,39.97561944091487,Africa,-0.0005559085133342023
Channel Islands,CHI,1961,45.45454545454545,Other,
Channel Islands,CHI,1962,45.45454545454545,Other,0.0
Channel Islands,CHI,1963,45.45454545454545,Other,0.0
Channel Islands,CHI,1964,45.45454545454545,Other,0.0
Channel Islands,CHI,1965,45.45454545454545,Other,0.0
Channel Islands,CHI,1966,45.45454545454545,Other,0.0
Channel Islands,CHI,1967,45.45454545454545,Other,0.0
Channel Islands,CHI,1968,45.45454545454545,Other,0.0
Channel Islands,CHI,1969,44.94949494949495,Other,-0.5050505050505052
Channel Islands,CHI,1970,44.94949494949495,Other,0.0
Channel Islands,CHI,1971,44.94949494949495,Other,0.0
Channel Islands,CHI,1972,44.94949494949495,Other,0.0
Channel Islands,CHI,1973,44.44444444444444,Other,-0.5050505050505052
Channel Islands,CHI,1974,44.44444444444444,Other,0.0
Channel Islands,CHI,1975,44.44444444444444,Other,0.0
Channel Islands,CHI,1976,44.44444444444444,Other,0.0
Channel Islands,CHI,1977,44.44444444444444,Other,0.0
Channel Islands,CHI,1978,43.93939393939394,Other,-0.5050505050505052
Channel Islands,CHI,1979,43.93939393939394,Other,0.0
Channel Islands,CHI,1980,43.93939393939394,Other,0.0
Channel Islands,CHI,1981,43.93939393939394,Other,0.0
Channel Islands,CHI,1982,43.93939393939394,Other,0.0
Channel Islands,CHI,1983,43.43434343434344,Other,-0.5050505050504981
Channel Islands,CHI,1984,43.43434343434344,Other,0.0
Channel Islands,CHI,1985,43.43434343434344,Other,0.0
Channel Islands,CHI,1986,43.43434343434344,Other,0.0
Channel Islands,CHI,1987,43.43434343434344,Other,0.0
Channel Islands,CHI,1988,42.92929292929293,Other,-0.5050505050505123
Channel Islands,CHI,1989,42.92929292929293,Other,0.0
Channel Islands,CHI,1990,42.92929292929293,Other,0.0
Channel Islands,CHI,1991,42.92929292929293,Other,0.0
Channel Islands,CHI,1992,42.92929292929293,Other,0.0
Channel Islands,CHI,1993,42.42424242424242,Other,-0.5050505050505052
Channel Islands,CHI,1994,42.42424242424242,Other,0.0
Channel Islands,CHI,1995,42.42424242424242,Other,0.0
Channel Islands,CHI,1996,42.42424242424242,Other,0.0
Channel Islands,CHI,1997,40.909090909090914,Other,-1.5151515151515085
Channel Islands,CHI,1998,40.4040404040404,Other,-0.5050505050505123
Channel Islands,CHI,1999,39.8989898989899,Other,-0.5050505050504981
Channel Islands,CHI,2000,39.8989898989899,Other,0.0
Channel Islands,CHI,2001,37.87878787878788,Other,-2.0202020202020208
Channel Islands,CHI,2002,37.37373737373738,Other,-0.5050505050505052
Channel Islands,CHI,2003,37.37373737373738,Other,0.0
Channel Islands,CHI,2004,37.87878787878788,Other,0.5050505050505052
Channel Islands,CHI,2005,38.38383838383838,Other,0.5050505050504981
Channel Islands,CHI,2006,42.42424242424242,Other,4.0404040404040416
Channel Islands,CHI,2007,41.41414141414141,Other,-1.0101010101010104
Channel Islands,CHI,2008,40.909090909090914,Other,-0.5050505050504981
Channel Islands,CHI,2009,44.44444444444444,Other,3.5353535353535293
Channel Islands,CHI,2010,46.01010101010101,Other,1.5656565656565675
Channel Islands,CHI,2011,48.535353535353536,Other,2.525252525252526
Channel Islands,CHI,2012,48.28282828282829,Other,-0.2525252525252455
Channel Islands,CHI,2013,47.77777777777778,Other,-0.5050505050505123
Channel Islands,CHI,2014,48.08080808080808,Other,0.30303030303030454
Channel Islands,CHI,2015,46.76767676767677,Other,-1.313131313131315
Channel Islands,CHI,2016,46.91919191919192,Other,0.15151515151514872
Channel Islands,CHI,2017,46.56565656565657,Other,-0.3535353535353494
Channel Islands,CHI,2018,43.28282828282829,Other,-3.2828282828282767
Channel Islands,CHI,2019,43.28282828282829,Other,0.0
Channel Islands,CHI,2020,43.28282828282829,Other,0.0
Channel Islands,CHI,2021,43.28282828282829,Other,0.0
Chile,CHL,1961,18.003260115233775,South America,
Chile,CHL,1962,18.231898559846783,South America,0.22863844461300786
Chile,CHL,1963,18.460537004459795,South America,0.22863844461301142
Chile,CHL,1964,18.691865313127074,South America,0.23132830866727971
Chile,CHL,1965,18.921848689767216,South America,0.229983376640142
Chile,CHL,1966,19.149142202353094,South America,0.22729351258587727
Chile,CHL,1967,19.44502724832287,South America,0.2958850459697757
Chile,CHL,1968,19.740912294292645,South America,0.2958850459697757
Chile,CHL,1969,19.969550738905657,South America,0.22863844461301142
Chile,CHL,1970,20.308473609743764,South America,0.33892287083810757
Chile,CHL,1971,20.6447066165276,South America,0.3362330067838357
Chile,CHL,1972,20.98093962331144,South America,0.33623300678383927
Chile,CHL,1973,21.30103344576965,South America,0.3200938224582117
Chile,CHL,1974,21.85514544094941,South America,0.5541119951797597
Chile,CHL,1975,22.25862504909002,South America,0.4034796081406107
Chile,CHL,1976,23.132830866728,South America,0.8742058176379786
Chile,CHL,1977,22.99833766401446,South America,-0.13449320271353926
Chile,CHL,1978,22.863844461300925,South America,-0.1344932027135357
Chile,CHL,1979,22.72935125858739,South America,-0.1344932027135357
Chile,CHL,1980,22.66210465723062,South America,-0.06724660135676785
Chile,CHL,1981,22.52761145451709,South America,-0.13449320271353216
Chile,CHL,1982,22.325871650446786,South America,-0.20173980407030356
Chile,CHL,1983,22.25862504909002,South America,-0.0672466013567643
Chile,CHL,1984,22.19137844773325,South America,-0.06724660135677141
Chile,CHL,1985,22.15372035097346,South America,-0.03765809675978815
Chile,CHL,1986,22.10530279799659,South America,-0.048417552976872
Chile,CHL,1987,21.73813635458864,South America,-0.36716644340794957
Chile,CHL,1988,21.72603196634442,South America,-0.012104388244221553
Chile,CHL,1989,21.74620594675145,South America,0.02017398040703
Chile,CHL,1990,21.383074299424905,South America,-0.36313164732654357
Chile,CHL,1991,21.23513177644002,South America,-0.1479425229848843
Chile,CHL,1992,20.92176261411748,South America,-0.313369162322541
Chile,CHL,1993,20.81551298397379,South America,-0.10624963014369015
Chile,CHL,1994,20.779199819241136,South America,-0.036313164732654
Chile,CHL,1995,20.617807975984896,South America,-0.16139184325624
Chile,CHL,1996,20.48600463732563,South America,-0.13180333865926386
Chile,CHL,1997,20.47255531705428,South America,-0.01344932027135215
Chile,CHL,1998,20.46852052097287,South America,-0.004034796081409553
Chile,CHL,1999,20.25467632865835,South America,-0.21384419231452156
Chile,CHL,2000,20.32192293001512,South America,0.06724660135677141
Chile,CHL,2001,20.37572021110053,South America,0.0537972810854086
Chile,CHL,2002,20.9338670023617,South America,0.5581467912611728
Chile,CHL,2003,20.745576518562757,South America,-0.1882904837989443
Chile,CHL,2004,21.43149185240178,South America,0.6859153338390236
Chile,CHL,2005,21.364245251045013,South America,-0.06724660135676785
Chile,CHL,2006,21.249926028738507,South America,-0.11431922230650571
Chile,CHL,2007,21.158470650893303,South America,-0.09145537784520386
Chile,CHL,2008,20.73612783309932,South America,-0.4223428177939823
Chile,CHL,2009,20.31378636023735,South America,-0.42234147286196944
Chile,CHL,2010,19.79527955757116,South America,-0.5185068026661916
Chile,CHL,2011,19.391093456636703,South America,-0.4041861009344565
Chile,CHL,2012,18.87931265903821,South America,-0.5117807975984938
Chile,CHL,2013,18.44822912799987,South America,-0.43108353103833963
Chile,CHL,2014,18.000314986423575,South America,-0.4479141415762946
Chile,CHL,2015,17.565187709095465,South America,-0.4351272773281103
Chile,CHL,2016,17.025862754173332,South America,-0.5393249549221331
Chile,CHL,2017,16.57546350415842,South America,-0.450399250014911
Chile,CHL,2018,16.01607672484957,South America,-0.5593867793088521
Chile,CHL,2019,15.43534696502696,South America,-0.5807297598226082
Chile,CHL,2020,14.902628945638345,South America,-0.5327180193886161
Chile,CHL,2021,14.56318702310526,South America,-0.33944192253308536
Chile,CHL,2022,14.31993271045913,South America,-0.24325431264612973
Chile,CHL,2023,14.401024975188188,South America,0.08109226472905817
China,CHN,1961,36.4657950097196,Asia,
China,CHN,1962,36.75871435038479,Asia,0.2929193406651933
China,CHN,1963,37.06228530343781,Asia,0.3035709530530184
China,CHN,1964,37.36585625649083,Asia,0.3035709530530184
China,CHN,1965,37.77061752722818,Asia,0.40476127073735313
China,CHN,1966,38.15407557318989,Asia,0.38345804596171007
China,CHN,1967,38.5375336191516,Asia,0.38345804596171007
China,CHN,1968,38.920991665113306,Asia,0.38345804596170296
China,CHN,1969,39.41096583495327,Asia,0.4899741698399609
China,CHN,1970,39.90094000479323,Asia,0.4899741698399609
China,CHN,1971,40.3962399808271,Asia,0.4952999760338699
China,CHN,1972,40.88834447314462,Asia,0.49210449231752307
China,CHN,1973,41.48589992810162,Asia,0.5975554549569964
China,CHN,1974,42.19103666817565,Asia,0.7051367400740318
China,CHN,1975,42.68207599925439,Asia,0.49103933107873843
China,CHN,1976,43.30981101909301,Asia,0.6277350198386245
China,CHN,1977,43.93754604958325,Asia,0.6277350304902356
China,CHN,1978,44.57380235933214,Asia,0.6362563097488945
China,CHN,1979,45.06031475514606,Asia,0.4865123958139179
China,CHN,1980,45.5467206348361,Asia,0.48640587969003946
China,CHN,1981,46.11178867201022,Asia,0.5650680371741217
China,CHN,1982,47.13530210635635,Asia,1.0235134343461283
China,CHN,1983,48.24413495592895,Asia,1.1088328495726003
China,CHN,1984,49.48068063803158,Asia,1.23654568210263
China,CHN,1985,50.73863606103374,Asia,1.2579554230021586
China,CHN,1986,51.38934306180598,Asia,0.6507070007722433
China,CHN,1987,51.954943679599495,Asia,0.565600617793514
China,CHN,1988,52.55239261843262,Asia,0.597448938833125
China,CHN,1989,53.20320613532874,Asia,0.6508135168961218
China,CHN,1990,53.86456474848881,Asia,0.6613586131600684
China,CHN,1991,54.47010891273667,Asia,0.6055441642478598
China,CHN,1992,54.78273373631934,Asia,0.3126248235826665
China,CHN,1993,55.19910526455942,Asia,0.4163715282400844
China,CHN,1994,55.690144595638166,Asia,0.49103933107874553
China,CHN,1995,55.69020391468476,Asia,5.931904659206566e-05
China,CHN,1996,55.69441737153862,Asia,0.00421345685386143
China,CHN,1997,55.69444400062632,Asia,2.662908769934802e-05
China,CHN,1998,55.69447062971401,Asia,2.6629087692242592e-05
China,CHN,1999,55.69449725880171,Asia,2.662908769934802e-05
China,CHN,2000,55.69458321172704,Asia,8.595292533186694e-05
China,CHN,2001,55.757871864491534,Asia,0.06328865276449136
China,CHN,2002,55.82113206589726,Asia,0.06326020140572552
China,CHN,2003,55.8843892938216,Asia,0.06325722792433908
China,CHN,2004,55.94764475133046,Asia,0.06325545750885908
China,CHN,2005,56.010903183926885,Asia,0.06325843259642738
China,CHN,2006,56.07415984476021,Asia,0.06325666083332493
China,CHN,2007,56.13741769624517,Asia,0.06325785148496266
China,CHN,2008,56.200671974685534,Asia,0.06325427844036113
China,CHN,2009,56.26392504386618,Asia,0.06325306918064655
China,CHN,2010,56.18347308129312,Asia,-0.08045196257305776
China,CHN,2011,56.10366021811824,Asia,-0.07981286317487957
China,CHN,2012,56.02352780524426,Asia,-0.08013241287398642
China,CHN,2013,55.943395392370284,Asia,-0.08013241287397221
China,CHN,2014,55.86326297949631,Asia,-0.08013241287397221
China,CHN,2015,55.78313056662233,Asia,-0.08013241287397932
China,CHN,2016,55.703057345329945,Asia,-0.08007322129238759
China,CHN,2017,55.622850362316136,Asia,-0.08020698301380946
China,CHN,2018,55.54274989588005,Asia,-0.08010046643608604
China,CHN,2019,55.46264942944396,Asia,-0.08010046643609314
China,CHN,2020,55.45263687113944,Asia,-0.010012558304516972
China,CHN,2021,55.44262431283493,Asia,-0.010012558304509867
China,CHN,2022,55.43261175453041,Asia,-0.010012558304516972
China,CHN,2023,55.43261175453041,Asia,0.0
Colombia,COL,1961,36.02523659305994,South America,
Colombia,COL,1962,36.92834610184768,South America,0.9031095087877432
Colombia,COL,1963,37.39792699414151,South America,0.46958089229382693
Colombia,COL,1964,37.85038305543038,South America,0.4524560612888706
Colombia,COL,1965,38.76340694006309,South America,0.9130238846327146
Colombia,COL,1966,38.77422262280306,South America,0.010815682739966803
Colombia,COL,1967,38.77692654348805,South America,0.002703920684993477
Colombia,COL,1968,38.77872915727805,South America,0.00180261378999802
Colombia,COL,1969,38.78323569175304,South America,0.004506534474991497
Colombia,COL,1970,38.78323569175304,South America,0.0
Colombia,COL,1971,40.60748084722848,South America,1.8242451554754382
Colombia,COL,1972,40.620099143758445,South America,0.012618296529964823
Colombia,COL,1973,40.634520054078415,South America,0.014420910319969948
Colombia,COL,1974,40.64803965750338,South America,0.013519603424967386
Colombia,COL,1975,40.66246056782335,South America,0.014420910319969948
Colombia,COL,1976,40.67598017124831,South America,0.01351960342496028
Colombia,COL,1977,40.84272194682289,South America,0.1667417755745788
Colombia,COL,1978,40.79405137449301,South America,-0.04867057232988259
Colombia,COL,1979,40.80847228481298,South America,0.014420910319969948
Colombia,COL,1980,40.821991888237946,South America,0.013519603424967386
Colombia,COL,1981,40.83641279855791,South America,0.014420910319962843
Colombia,COL,1982,40.84993240198288,South America,0.013519603424974491
Colombia,COL,1983,40.86435331230284,South America,0.014420910319955738
Colombia,COL,1984,40.8796755295178,South America,0.0153222172149583
Colombia,COL,1985,40.896800360522754,South America,0.01712483100495632
Colombia,COL,1986,40.91482649842271,South America,0.018026137899958883
Colombia,COL,1987,40.9202343397927,South America,0.005407841369986954
Colombia,COL,1988,40.813880126182966,South America,-0.10635421360973396
Colombia,COL,1989,40.72374943668319,South America,-0.0901306894997731
Colombia,COL,1990,40.63361874718341,South America,-0.0901306894997802
Colombia,COL,1991,40.45425867507886,South America,-0.17936007210455074
Colombia,COL,1992,40.54348805768364,South America,0.08922938260477764
Colombia,COL,1993,40.47138350608382,South America,-0.07210455159982132
Colombia,COL,1994,40.43713384407391,South America,-0.034249662009905535
Colombia,COL,1995,40.1198738170347,South America,-0.31726002703921097
Colombia,COL,1996,40.48670572329878,South America,0.3668319062640819
Colombia,COL,1997,40.63271744028842,South America,0.14601171698963356
Colombia,COL,1998,41.04821991888238,South America,0.4155024785939645
Colombia,COL,1999,41.1608832807571,South America,0.11266336187471637
Colombia,COL,2000,40.43172600270392,South America,-0.7291572780531794
Colombia,COL,2001,37.62505633168094,South America,-2.8066696710229806
Colombia,COL,2002,37.50067598017125,South America,-0.12438035150968574
Colombia,COL,2003,37.90085624155024,South America,0.4001802613789849
Colombia,COL,2004,38.20730058584948,South America,0.30644434429924416
Colombia,COL,2005,38.35691753041911,South America,0.1496169445696296
Colombia,COL,2006,38.01171698963497,South America,-0.3452005407841412
Colombia,COL,2007,38.247859396124376,South America,0.23614240648940665
Colombia,COL,2008,38.40829202343398,South America,0.1604326273096035
Colombia,COL,2009,38.34159531320415,South America,-0.06669671022982726
Colombia,COL,2010,38.30824695808923,South America,-0.03334835511492429
Colombia,COL,2011,37.60342496620099,South America,-0.7048219918882381
Colombia,COL,2012,38.411536728255975,South America,0.8081117620549847
Colombia,COL,2013,40.39260928346102,South America,1.9810725552050457
Colombia,COL,2014,40.37854889589905,South America,-0.014060387561968923
Colombia,COL,2015,40.36448850833709,South America,-0.014060387561961818
Colombia,COL,2016,40.35042812077512,South America,-0.014060387561968923
Colombia,COL,2017,39.19513294276701,South America,-1.1552951780081102
Colombia,COL,2018,39.70076611086075,South America,0.5056331680937376
Colombia,COL,2019,39.97656602073006,South America,0.27579990986931335
Colombia,COL,2020,39.8467278954484,South America,-0.12983812528165828
Colombia,COL,2021,38.76911518702118,South America,-1.0776127084272247
Colombia,COL,2022,37.6412798557909,South America,-1.1278353312302798
Colombia,COL,2023,36.48760703019378,South America,-1.1536728255971198
Comoros,COM,1961,51.04782375067168,Africa,
Comoros,COM,1962,51.04782375067168,Africa,0.0
Comoros,COM,1963,51.04782375067168,Africa,0.0
Comoros,COM,1964,51.04782375067168,Africa,0.0
Comoros,COM,1965,51.04782375067168,Africa,0.0
Comoros,COM,1966,51.04782375067168,Africa,0.0
Comoros,COM,1967,51.04782375067168,Africa,0.0
Comoros,COM,1968,51.04782375067168,Africa,0.0
Comoros,COM,1969,51.04782375067168,Africa,0.0
Comoros,COM,1970,51.04782375067168,Africa,0.0
Comoros,COM,1971,51.04782375067168,Africa,0.0
Comoros,COM,1972,51.04782375067168,Africa,0.0
Comoros,COM,1973,51.04782375067168,Africa,0.0
Comoros,COM,1974,51.04782375067168,Africa,0.0
Comoros,COM,1975,51.04782375067168,Africa,0.0
Comoros,COM,1976,51.04782375067168,Africa,0.0
Comoros,COM,1977,51.04782375067168,Africa,0.0
Comoros,COM,1978,53.73455131649651,Africa,2.6867275658248246
Comoros,COM,1979,53.73455131649651,Africa,0.0
Comoros,COM,1980,53.73455131649651,Africa,0.0
Comoros,COM,1981,53.73455131649651,Africa,0.0
Comoros,COM,1982,53.73455131649651,Africa,0.0
Comoros,COM,1983,53.73455131649651,Africa,0.0
Comoros,COM,1984,59.10800644814616,Africa,5.373455131649656
Comoros,COM,1985,59.10800644814616,Africa,0.0
Comoros,COM,1986,59.10800644814616,Africa,0.0
Comoros,COM,1987,60.72004298764105,Africa,1.6120365394948877
Comoros,COM,1988,61.25738850080602,Africa,0.537345513164972
Comoros,COM,1989,61.25738850080602,Africa,0.0
Comoros,COM,1990,61.25738850080602,Africa,0.0
Comoros,COM,1991,61.79473401397099,Africa,0.5373455131649649
Comoros,COM,1992,61.79473401397099,Africa,0.0
Comoros,COM,1993,63.40677055346588,Africa,1.6120365394948948
Comoros,COM,1994,64.4814615797958,Africa,1.0746910263299227
Comoros,COM,1995,65.55615260612574,Africa,1.0746910263299299
Comoros,COM,1996,66.63084363245567,Africa,1.0746910263299299
Comoros,COM,1997,67.70553465878561,Africa,1.074691026329944
Comoros,COM,1998,67.70553465878561,Africa,0.0
Comoros,COM,1999,68.24288017195056,Africa,0.5373455131649507
Comoros,COM,2000,68.78022568511552,Africa,0.5373455131649649
Comoros,COM,2001,69.85491671144545,Africa,1.0746910263299299
Comoros,COM,2002,70.39226222461042,Africa,0.5373455131649649
Comoros,COM,2003,70.92960773777538,Africa,0.5373455131649649
Comoros,COM,2004,71.46695325094036,Africa,0.5373455131649791
Comoros,COM,2005,71.46695325094036,Africa,0.0
Comoros,COM,2006,71.46695325094036,Africa,0.0
Comoros,COM,2007,71.46695325094036,Africa,0.0
Comoros,COM,2008,71.46695325094036,Africa,0.0
Comoros,COM,2009,71.46695325094036,Africa,0.0
Comoros,COM,2010,71.46695325094036,Africa,0.0
Comoros,COM,2011,71.46695325094036,Africa,0.0
Comoros,COM,2012,71.46695325094036,Africa,0.0
Comoros,COM,2013,71.46695325094036,Africa,0.0
Comoros,COM,2014,71.46695325094036,Africa,0.0
Comoros,COM,2015,71.46695325094036,Africa,0.0
Comoros,COM,2016,71.46695325094036,Africa,0.0
Comoros,COM,2017,71.46695325094036,Africa,0.0
Comoros,COM,2018,71.46695325094036,Africa,0.0
Comoros,COM,2019,71.46695325094036,Africa,0.0
Comoros,COM,2020,71.46695325094036,Africa,0.0
Comoros,COM,2021,71.46695325094036,Africa,0.0
Comoros,COM,2022,71.46695325094036,Africa,0.0
Comoros,COM,2023,71.46695325094036,Africa,0.0
"Congo, Dem. Rep.",COD,1961,11.049601905560088,Africa,
"Congo, Dem. Rep.",COD,1962,11.058423943009638,Africa,0.008822037449549569
"Congo, Dem. Rep.",COD,1963,11.07165699918396,Africa,0.013233056174321689
"Congo, Dem. Rep.",COD,1964,11.084890055358285,Africa,0.013233056174325242
"Congo, Dem. Rep.",COD,1965,11.093712092807834,Africa,0.008822037449549569
"Congo, Dem. Rep.",COD,1966,11.102534130257382,Africa,0.008822037449547793
"Congo, Dem. Rep.",COD,1967,11.115767186431706,Africa,0.013233056174323465
"Congo, Dem. Rep.",COD,1968,11.13782228005558,Africa,0.02205509362387481
"Congo, Dem. Rep.",COD,1969,11.159877373679452,Africa,0.022055093623871258
"Congo, Dem. Rep.",COD,1970,11.181932467303325,Africa,0.022055093623873034
"Congo, Dem. Rep.",COD,1971,11.203987560927196,Africa,0.022055093623871258
"Congo, Dem. Rep.",COD,1972,11.226042654551067,Africa,0.022055093623871258
"Congo, Dem. Rep.",COD,1973,11.248097748174942,Africa,0.02205509362387481
"Congo, Dem. Rep.",COD,1974,11.270152841798811,Africa,0.02205509362386948
"Congo, Dem. Rep.",COD,1975,11.270152841798811,Africa,0.0
"Congo, Dem. Rep.",COD,1976,11.292207935422686,Africa,0.02205509362387481
"Congo, Dem. Rep.",COD,1977,11.30544099159701,Africa,0.013233056174323465
"Congo, Dem. Rep.",COD,1978,11.314263029046558,Africa,0.008822037449547793
"Congo, Dem. Rep.",COD,1979,11.314263029046558,Africa,0.0
"Congo, Dem. Rep.",COD,1980,11.33631812267043,Africa,0.022055093623873034
"Congo, Dem. Rep.",COD,1981,11.358373216294302,Africa,0.022055093623871258
"Congo, Dem. Rep.",COD,1982,11.367195253743851,Africa,0.008822037449549569
"Congo, Dem. Rep.",COD,1983,11.380428309918177,Africa,0.013233056174325242
"Congo, Dem. Rep.",COD,1984,11.402483403542048,Africa,0.022055093623871258
"Congo, Dem. Rep.",COD,1985,11.42453849716592,Africa,0.022055093623871258
"Congo, Dem. Rep.",COD,1986,11.446593590789792,Africa,0.022055093623873034
"Congo, Dem. Rep.",COD,1987,11.446593590789792,Africa,0.0
"Congo, Dem. Rep.",COD,1988,11.446593590789792,Africa,0.0
"Congo, Dem. Rep.",COD,1989,11.446593590789792,Africa,0.0
"Congo, Dem. Rep.",COD,1990,11.451004609514568,Africa,0.004411018724775673
"Congo, Dem. Rep.",COD,1991,11.459826646964116,Africa,0.008822037449547793
"Congo, Dem. Rep.",COD,1992,11.468648684413663,Africa,0.008822037449547793
"Congo, Dem. Rep.",COD,1993,11.468648684413663,Africa,0.0
"Congo, Dem. Rep.",COD,1994,11.468648684413663,Africa,0.0
"Congo, Dem. Rep.",COD,1995,11.380428309918177,Africa,-0.08822037449548681
"Congo, Dem. Rep.",COD,1996,11.380428309918177,Africa,0.0
"Congo, Dem. Rep.",COD,1997,11.33631812267043,Africa,-0.04411018724774607
"Congo, Dem. Rep.",COD,1998,11.33631812267043,Africa,0.0
"Congo, Dem. Rep.",COD,1999,11.292207935422686,Africa,-0.04411018724774429
"Congo, Dem. Rep.",COD,2000,11.292207935422686,Africa,0.0
"Congo, Dem. Rep.",COD,2001,11.270152841798811,Africa,-0.02205509362387481
"Congo, Dem. Rep.",COD,2002,11.270152841798811,Africa,0.0
"Congo, Dem. Rep.",COD,2003,11.270152841798811,Africa,0.0
"Congo, Dem. Rep.",COD,2004,11.270152841798811,Africa,0.0
"Congo, Dem. Rep.",COD,2005,11.270152841798811,Africa,0.0
"Congo, Dem. Rep.",COD,2006,11.286032509208002,Africa,0.015879667409191
"Congo, Dem. Rep.",COD,2007,11.314263029046558,Africa,0.028230519838555068
"Congo, Dem. Rep.",COD,2008,11.33631812267043,Africa,0.022055093623873034
"Congo, Dem. Rep.",COD,2009,11.859906045301162,Africa,0.5235879226307318
"Congo, Dem. Rep.",COD,2010,12.540085132661387,Africa,0.6801790873602247
"Congo, Dem. Rep.",COD,2011,13.072495092741669,Africa,0.5324099600802814
"Congo, Dem. Rep.",COD,2012,13.62387243333848,Africa,0.5513773405968116
"Congo, Dem. Rep.",COD,2013,13.863831851966212,Africa,0.2399594186277323
"Congo, Dem. Rep.",COD,2014,14.22509428552524,Africa,0.3612624335590269
"Congo, Dem. Rep.",COD,2015,14.31375576189321,Africa,0.08866147636797095
"Congo, Dem. Rep.",COD,2016,14.411680377583204,Africa,0.097924615689994
"Congo, Dem. Rep.",COD,2017,14.684149004212523,Africa,0.27246862662931903
"Congo, Dem. Rep.",COD,2018,14.82755122295494,Africa,0.1434022187424162
"Congo, Dem. Rep.",COD,2019,14.925519948832184,Africa,0.09796872587724437
"Congo, Dem. Rep.",COD,2020,14.943428684854767,Africa,0.017908736022583582
"Congo, Dem. Rep.",COD,2021,14.945053395381665,Africa,0.0016247105268973883
"Congo, Dem. Rep.",COD,2022,15.303625857391763,Africa,0.3585724620100983
"Congo, Dem. Rep.",COD,2023,15.480763018019012,Africa,0.1771371606272485
"Congo, Rep.",COG,1961,30.88667642752562,Africa,
"Congo, Rep.",COG,1962,30.888286969253294,Africa,0.0016105417276719436
"Congo, Rep.",COG,1963,30.894436310395317,Africa,0.006149341142023701
"Congo, Rep.",COG,1964,30.880087847730604,Africa,-0.01434846266471368
"Congo, Rep.",COG,1965,30.873645680819912,Africa,-0.006442166910691327
"Congo, Rep.",COG,1966,30.87262079062957,Africa,-0.0010248901903437968
"Congo, Rep.",COG,1967,30.872913616398247,Africa,0.00029282576867828425
"Congo, Rep.",COG,1968,30.87320644216691,Africa,0.0002928257686640734
"Congo, Rep.",COG,1969,30.88081991215227,Africa,0.007613469985358279
"Congo, Rep.",COG,1970,30.885651537335285,Africa,0.004831625183015831
"Congo, Rep.",COG,1971,30.89341142020498,Africa,0.0077598828696956446
"Congo, Rep.",COG,1972,30.89588286969253,Africa,0.0024714494875510695
"Congo, Rep.",COG,1973,30.907124450951684,Africa,0.011241581259152866
"Congo, Rep.",COG,1974,30.911054172767205,Africa,0.003929721815520537
"Congo, Rep.",COG,1975,30.916951683748167,Africa,0.0058975109809615844
"Congo, Rep.",COG,1976,30.930972181551976,Africa,0.014020497803809207
"Congo, Rep.",COG,1977,30.92809370424597,Africa,-0.0028784773060053226
"Congo, Rep.",COG,1978,30.79936749633968,Africa,-0.12872620790628986
"Congo, Rep.",COG,1979,30.800439238653,Africa,0.0010717423133179693
"Congo, Rep.",COG,1980,30.810907759882877,Africa,0.010468521229878291
"Congo, Rep.",COG,1981,30.82269399707174,Africa,0.011786237188864845
"Congo, Rep.",COG,1982,30.896339677891653,Africa,0.07364568081991152
"Congo, Rep.",COG,1983,30.9090775988287,Africa,0.012737920937045288
"Congo, Rep.",COG,1984,30.91566617862372,Africa,0.006588579795021587
"Congo, Rep.",COG,1985,30.93367496339678,Africa,0.018008784773059006
"Congo, Rep.",COG,1986,30.928225475841877,Africa,-0.005449487554901822
"Congo, Rep.",COG,1987,30.85133821376281,Africa,-0.07688726207906882
"Congo, Rep.",COG,1988,30.85822840409956,Africa,0.00689019033675109
"Congo, Rep.",COG,1989,30.86340263543192,Africa,0.005174231332361501
"Congo, Rep.",COG,1990,30.7974729136164,Africa,-0.0659297218155217
"Congo, Rep.",COG,1991,30.80513909224012,Africa,0.007666178623718878
"Congo, Rep.",COG,1992,30.803994143484623,Africa,-0.001144948755495534
"Congo, Rep.",COG,1993,30.81931478770132,Africa,0.015320644216696877
"Congo, Rep.",COG,1994,30.78731771595901,Africa,-0.03199707174231037
"Congo, Rep.",COG,1995,30.798497803806736,Africa,0.011180087847726838
"Congo, Rep.",COG,1996,30.811121522693995,Africa,0.012623718887258661
"Congo, Rep.",COG,1997,30.84923279648609,Africa,0.03811127379209367
"Congo, Rep.",COG,1998,30.850884333821377,Africa,0.0016515373352881113
"Congo, Rep.",COG,1999,30.874568081991217,Africa,0.023683748169840868
"Congo, Rep.",COG,2000,30.86366617862372,Africa,-0.010901903367496857
"Congo, Rep.",COG,2001,30.864989751098097,Africa,0.0013235724743765331
"Congo, Rep.",COG,2002,30.863335285505123,Africa,-0.0016544655929742191
"Congo, Rep.",COG,2003,30.864313323572475,Africa,0.0009780380673518607
"Congo, Rep.",COG,2004,30.87344363103953,Africa,0.009130307467057008
"Congo, Rep.",COG,2005,30.880392386530016,Africa,0.006948755490483904
"Congo, Rep.",COG,2006,30.889519765739387,Africa,0.0091273792093709
"Congo, Rep.",COG,2007,30.891423133235723,Africa,0.001903367496336017
"Congo, Rep.",COG,2008,30.893048316251832,Africa,0.0016251830161095882
"Congo, Rep.",COG,2009,30.93181551976574,Africa,0.03876720351390617
"Congo, Rep.",COG,2010,30.96750805270864,Africa,0.0356925329429032
"Congo, Rep.",COG,2011,31.029619326500736,Africa,0.06211127379209458
"Congo, Rep.",COG,2012,31.045411420204974,Africa,0.015792093704238397
"Congo, Rep.",COG,2013,31.129733528550517,Africa,0.08432210834554255
"Congo, Rep.",COG,2014,31.13152562225476,Africa,0.0017920937042426033
"Congo, Rep.",COG,2015,31.10814348462665,Africa,-0.023382137628111366
"Congo, Rep.",COG,2016,31.11407613469985,Africa,0.005932650073201984
"Congo, Rep.",COG,2017,31.11747584187409,Africa,0.003399707174239097
"Congo, Rep.",COG,2018,31.131762811127377,Africa,0.014286969253287651
"Congo, Rep.",COG,2019,31.208784773060028,Africa,0.0770219619326511
"Congo, Rep.",COG,2020,31.164568081991217,Africa,-0.04421669106881154
"Congo, Rep.",COG,2021,31.25212298682284,Africa,0.08755490483162376
"Congo, Rep.",COG,2022,31.18975109809664,Africa,-0.06237188872620081
"Congo, Rep.",COG,2023,31.1900439238653,Africa,0.0002928257686605207
Costa Rica,CRI,1961,27.32079905992949,North America,
Costa Rica,CRI,1962,27.61457109283196,North America,0.2937720329024671
Costa Rica,CRI,1963,27.810419114766944,North America,0.19584802193498518
Costa Rica,CRI,1964,29.0834312573443,North America,1.2730121425773575
Costa Rica,CRI,1965,30.454367410889148,North America,1.3709361535448465
Costa Rica,CRI,1966,32.02115158636898,North America,1.5667841754798317
Costa Rica,CRI,1967,32.04073638856247,North America,0.019584802193492123
Costa Rica,CRI,1968,33.607520564042304,North America,1.5667841754798317
Costa Rica,CRI,1969,35.05679592636115,North America,1.4492753623188435
Costa Rica,CRI,1970,36.349392871132,North America,1.2925969447708496
Costa Rica,CRI,1971,36.95652173913043,North America,0.6071288679984335
Costa Rica,CRI,1972,36.95652173913043,North America,0.0
Costa Rica,CRI,1973,40.10967489228359,North America,3.1531531531531627
Costa Rica,CRI,1974,40.10967489228359,North America,0.0
Costa Rica,CRI,1975,41.55895025460243,North America,1.4492753623188364
Costa Rica,CRI,1976,43.18448883666275,North America,1.6255385820603223
Costa Rica,CRI,1977,44.790442616529575,North America,1.605953779866823
Costa Rica,CRI,1978,46.22013317665491,North America,1.4296905601253371
Costa Rica,CRI,1979,47.845671758715234,North America,1.6255385820603223
Costa Rica,CRI,1980,49.275362318840585,North America,1.4296905601253513
Costa Rica,CRI,1981,50.9009009009009,North America,1.6255385820603152
Costa Rica,CRI,1982,52.46768507638073,North America,1.5667841754798317
Costa Rica,CRI,1983,52.526439482961216,North America,0.058754406580483476
Costa Rica,CRI,1984,53.81903642773208,North America,1.2925969447708638
Costa Rica,CRI,1985,52.50685468076773,North America,-1.3121817469643489
Costa Rica,CRI,1986,51.155503329416376,North America,-1.3513513513513544
Costa Rica,CRI,1987,49.72581276929103,North America,-1.4296905601253442
Costa Rica,CRI,1988,48.2373678025852,North America,-1.4884449667058348
Costa Rica,CRI,1989,46.57265961613788,North America,-1.6647081864473208
Costa Rica,CRI,1990,43.05914610262436,North America,-3.513513513513516
Costa Rica,CRI,1991,43.157422640031335,North America,0.09827653740697428
Costa Rica,CRI,1992,42.30317273795535,North America,-0.8542499020759848
Costa Rica,CRI,1993,41.38268703486095,North America,-0.9204857030943998
Costa Rica,CRI,1994,41.03016059537799,North America,-0.3525264394829577
Costa Rica,CRI,1995,40.10967489228359,North America,-0.9204857030943998
Costa Rica,CRI,1996,39.0716803760282,North America,-1.0379945162553952
Costa Rica,CRI,1997,38.249118683901294,North America,-0.8225616921269037
Costa Rica,CRI,1998,37.50489620054837,North America,-0.744222483352921
Costa Rica,CRI,1999,36.97610654132394,North America,-0.5287896592244365
Costa Rica,CRI,2000,36.03603603603604,North America,-0.940070505287899
Costa Rica,CRI,2001,35.89894242068155,North America,-0.1370936153544875
Costa Rica,CRI,2002,35.76184880532707,North America,-0.1370936153544804
Costa Rica,CRI,2003,35.82060321190756,North America,0.05875440658049058
Costa Rica,CRI,2004,35.68350959655307,North America,-0.1370936153544875
Costa Rica,CRI,2005,35.350567959263614,North America,-0.33294163728945847
Costa Rica,CRI,2006,35.54641598119859,North America,0.19584802193497808
Costa Rica,CRI,2007,35.25264394829612,North America,-0.2937720329024742
Costa Rica,CRI,2008,35.11555033294164,North America,-0.1370936153544804
Costa Rica,CRI,2009,35.566000783392084,North America,0.45045045045044674
Costa Rica,CRI,2010,35.62475518997258,North America,0.05875440658049769
Costa Rica,CRI,2011,35.62475518997258,North America,0.0
Costa Rica,CRI,2012,35.487661574618095,North America,-0.1370936153544875
Costa Rica,CRI,2013,35.27222875048962,North America,-0.2154328241284773
Costa Rica,CRI,2014,34.95887191539365,North America,-0.31335683509596635
Costa Rica,CRI,2015,34.45336662749706,North America,-0.5055052878965896
Costa Rica,CRI,2016,34.13107716412064,North America,-0.3222894633764213
Costa Rica,CRI,2017,33.80878770074422,North America,-0.3222894633764213
Costa Rica,CRI,2018,33.71964943204074,North America,-0.08913826870347918
Costa Rica,CRI,2019,33.630513121817465,North America,-0.0891363102232745
Costa Rica,CRI,2020,33.541374853113986,North America,-0.08913826870347918
Costa Rica,CRI,2021,33.34268703486095,North America,-0.19868781825303472
Costa Rica,CRI,2022,33.14399921660792,North America,-0.19868781825303472
Costa Rica,CRI,2023,33.14399921660792,North America,0.0
Croatia,HRV,1992,42.99767483455554,Europe,
Croatia,HRV,1993,40.636737614022536,Europe,-2.3609372205330033
Croatia,HRV,1994,41.35217313539617,Europe,0.7154355213736352
Croatia,HRV,1995,41.70989089608299,Europe,0.3577177606868176
Croatia,HRV,1996,34.565916398713824,Europe,-7.143974497369165
Croatia,HRV,1997,34.67309753483387,Europe,0.10718113612004743
Croatia,HRV,1998,36.63029869433017,Europe,1.9572011594963001
Croatia,HRV,1999,36.34412448578072,Europe,-0.2861742085494541
Croatia,HRV,2000,20.90785520103019,Europe,-15.436269284750527
Croatia,HRV,2001,21.0688224352554,Europe,0.16096723422520753
Croatia,HRV,2002,21.122478179997135,Europe,0.053655744741735845
Croatia,HRV,2003,21.370881280823387,Europe,0.24840310082625194
Croatia,HRV,2004,21.0135086841541,Europe,-0.3573725966692862
Croatia,HRV,2005,21.638910728325357,Europe,0.6254020441712562
Croatia,HRV,2006,21.97841469516117,Europe,0.33950396683581374
Croatia,HRV,2007,21.47809305982417,Europe,-0.5003216353369986
Croatia,HRV,2008,23.03445071831892,Europe,1.556357658494747
Croatia,HRV,2009,23.22207133157029,Europe,0.18762061325137225
Croatia,HRV,2010,23.833178471874778,Europe,0.6111071403044868
Croatia,HRV,2011,23.695590022157106,Europe,-0.13758844971767203
Croatia,HRV,2012,23.78314630834108,Europe,0.08755628618397537
Croatia,HRV,2013,28.00550353798871,Europe,4.222357229647628
Croatia,HRV,2014,26.954828103781004,Europe,-1.0506754342077045
Croatia,HRV,2015,27.46765778000143,Europe,0.5128296762204272
Croatia,HRV,2016,27.62490172253592,Europe,0.15724394253448892
Croatia,HRV,2017,26.74933886069616,Europe,-0.8755628618397608
Croatia,HRV,2018,26.517046672861127,Europe,-0.23229218783503214
Croatia,HRV,2019,26.874419269530414,Europe,0.3573725966692862
Croatia,HRV,2020,26.894210150107217,Europe,0.019790880576803005
Croatia,HRV,2021,26.375982844889208,Europe,-0.5182273052180086
Croatia,HRV,2022,25.875625446747677,Europe,-0.5003573981415315
Croatia,HRV,2023,26.55468191565404,Europe,0.6790564689063636
Cuba,CUB,1961,33.05400372439479,North America,
Cuba,CUB,1962,35.42830540037244,North America,2.374301675977648
Cuba,CUB,1963,37.597765363128495,North America,2.169459962756058
Cuba,CUB,1964,44.273743016759774,North America,6.6759776536312785
Cuba,CUB,1965,42.3463687150838,North America,-1.9273743016759752
Cuba,CUB,1966,41.9925512104283,North America,-0.35381750465549544
Cuba,CUB,1967,43.026070763500925,North America,1.0335195530726224
Cuba,CUB,1968,44.01303538175046,North America,0.9869646182495373
Cuba,CUB,1969,44.1806331471136,North America,0.16759776536314064
Cuba,CUB,1970,46.75977653631285,North America,2.5791433891992455
Cuba,CUB,1971,47.23463687150838,North America,0.4748603351955296
Cuba,CUB,1972,51.96461824953445,North America,4.729981378026075
Cuba,CUB,1973,54.478584729981385,North America,2.513966480446932
Cuba,CUB,1974,52.43016759776536,North America,-2.0484171322160236
Cuba,CUB,1975,54.096834264432026,North America,1.6666666666666643
Cuba,CUB,1976,55.837988826815646,North America,1.7411545623836204
Cuba,CUB,1977,56.21973929236499,North America,0.3817504655493451
Cuba,CUB,1978,55.38175046554935,North America,-0.8379888268156392
Cuba,CUB,1979,54.58100558659218,North America,-0.8007448789571754
Cuba,CUB,1980,55.27932960893855,North America,0.6983240223463767
Cuba,CUB,1981,55.288640595903175,North America,0.009310986964621293
Cuba,CUB,1982,56.638733705772815,North America,1.3500931098696398
Cuba,CUB,1983,57.53258845437617,North America,0.8938547486033528
Cuba,CUB,1984,57.188081936685286,North America,-0.34450651769088125
Cuba,CUB,1985,57.93296089385475,North America,0.7448789571694618
Cuba,CUB,1986,60.06517690875233,North America,2.1322160148975797
Cuba,CUB,1987,62.62569832402235,North America,2.560521415270024
Cuba,CUB,1988,63.20297951582868,North America,0.5772811918063283
Cuba,CUB,1989,63.05400372439478,North America,-0.14897579143389805
Cuba,CUB,1990,62.76536312849162,North America,-0.2886405959031606
Cuba,CUB,1991,62.89571694599627,North America,0.13035381750464836
Cuba,CUB,1992,63.08193668528864,North America,0.186219739292369
Cuba,CUB,1993,62.662942271880816,North America,-0.4189944134078232
Cuba,CUB,1994,62.25325884543762,North America,-0.4096834264431948
Cuba,CUB,1995,62.23463687150838,North America,-0.018621973929242586
Cuba,CUB,1996,61.59217877094972,North America,-0.642458100558656
Cuba,CUB,1997,62.26256983240224,North America,0.6703910614525199
Cuba,CUB,1998,62.141527001862194,North America,-0.12104283054004839
Cuba,CUB,1999,62.01117318435754,North America,-0.13035381750465547
Cuba,CUB,2000,61.02420856610801,North America,-0.9869646182495302
Cuba,CUB,2001,61.97392923649907,North America,0.9497206703910592
Cuba,CUB,2002,62.54347213083936,North America,0.5695428943402945
Cuba,CUB,2003,62.38721804511278,North America,-0.15625408572658017
Cuba,CUB,2004,61.347617705102905,North America,-1.0396003400098763
Cuba,CUB,2005,62.354378053363405,North America,1.0067603482604994
Cuba,CUB,2006,62.29446584609602,North America,-0.059912207267387885
Cuba,CUB,2007,62.194663660278096,North America,-0.09980218581792144
Cuba,CUB,2008,61.69673055242391,North America,-0.49793310785418754
Cuba,CUB,2009,61.19691845170989,North America,-0.49981210071401705
Cuba,CUB,2010,60.70274332957535,North America,-0.49417512213454273
Cuba,CUB,2011,59.96275605214153,North America,-0.7399872774338192
Cuba,CUB,2012,60.06244784292398,North America,0.09969179078245105
Cuba,CUB,2013,60.854922279792746,North America,0.7924744368687655
Cuba,CUB,2014,60.362238031147854,North America,-0.4926842486448919
Cuba,CUB,2015,59.945244956772335,North America,-0.4169930743755188
Cuba,CUB,2016,59.84909650134564,North America,-0.09614845542669315
Cuba,CUB,2017,60.69364161849711,North America,0.8445451171514691
Cuba,CUB,2018,60.69364161849711,North America,0.0
Cuba,CUB,2019,61.66666666666667,North America,0.9730250481695606
Cuba,CUB,2020,61.66666666666667,North America,0.0
Cuba,CUB,2021,61.66666666666667,North America,0.0
Cuba,CUB,2022,61.66666666666667,North America,0.0
Cuba,CUB,2023,61.66666666666667,North America,0.0
Cyprus,CYP,1961,43.722943722943725,Europe,
Cyprus,CYP,1962,43.50649350649351,Europe,-0.21645021645021245
Cyprus,CYP,1963,43.83116883116883,Europe,0.3246753246753187
Cyprus,CYP,1964,43.61471861471862,Europe,-0.21645021645021245
Cyprus,CYP,1965,43.50649350649351,Europe,-0.10822510822510623
Cyprus,CYP,1966,43.290043290043286,Europe,-0.21645021645022666
Cyprus,CYP,1967,43.3982683982684,Europe,0.10822510822511333
Cyprus,CYP,1968,43.3982683982684,Europe,0.0
Cyprus,CYP,1969,43.18181818181818,Europe,-0.21645021645021956
Cyprus,CYP,1970,43.073593073593074,Europe,-0.10822510822510623
Cyprus,CYP,1971,42.85714285714285,Europe,-0.21645021645022666
Cyprus,CYP,1972,42.64069264069264,Europe,-0.21645021645020535
Cyprus,CYP,1973,42.66233766233766,Europe,0.021645021645021245
Cyprus,CYP,1974,31.060606060606062,Europe,-11.6017316017316
Cyprus,CYP,1975,19.51298701298701,Europe,-11.547619047619051
Cyprus,CYP,1976,19.253246753246756,Europe,-0.25974025974025494
Cyprus,CYP,1977,19.05844155844156,Europe,-0.19480519480519476
Cyprus,CYP,1978,18.863636363636363,Europe,-0.1948051948051983
Cyprus,CYP,1979,18.66883116883117,Europe,-0.19480519480519476
Cyprus,CYP,1980,18.560606060606062,Europe,-0.10822510822510623
Cyprus,CYP,1981,19.036796536796537,Europe,0.4761904761904745
Cyprus,CYP,1982,19.696969696969692,Europe,0.6601731601731551
Cyprus,CYP,1983,19.805194805194805,Europe,0.10822510822511333
Cyprus,CYP,1984,19.696969696969692,Europe,-0.10822510822511333
Cyprus,CYP,1985,17.61904761904762,Europe,-2.0779220779220715
Cyprus,CYP,1986,17.662337662337663,Europe,0.04329004329004249
Cyprus,CYP,1987,17.575757575757574,Europe,-0.08658008658008853
Cyprus,CYP,1988,17.467532467532468,Europe,-0.10822510822510623
Cyprus,CYP,1989,17.467532467532468,Europe,0.0
Cyprus,CYP,1990,17.38095238095238,Europe,-0.08658008658008853
Cyprus,CYP,1991,17.22943722943723,Europe,-0.15151515151514872
Cyprus,CYP,1992,17.272727272727273,Europe,0.04329004329004249
Cyprus,CYP,1993,17.175324675324674,Europe,-0.09740259740259916
Cyprus,CYP,1994,15.51948051948052,Europe,-1.6558441558441537
Cyprus,CYP,1995,15.487012987012989,Europe,-0.03246753246753187
Cyprus,CYP,1996,15.497835497835496,Europe,0.01082251082250707
Cyprus,CYP,1997,15.38961038961039,Europe,-0.10822510822510623
Cyprus,CYP,1998,15.606060606060607,Europe,0.21645021645021778
Cyprus,CYP,1999,15.606060606060607,Europe,0.0
Cyprus,CYP,2000,15.313852813852812,Europe,-0.2922077922077957
Cyprus,CYP,2001,15.151515151515152,Europe,-0.16233766233765934
Cyprus,CYP,2002,15.151515151515152,Europe,0.0
Cyprus,CYP,2003,16.666666666666664,Europe,1.515151515151512
Cyprus,CYP,2004,16.883116883116884,Europe,0.21645021645021956
Cyprus,CYP,2005,18.073593073593077,Europe,1.1904761904761934
Cyprus,CYP,2006,16.99134199134199,Europe,-1.0822510822510871
Cyprus,CYP,2007,15.930735930735931,Europe,-1.0606060606060588
Cyprus,CYP,2008,12.51082251082251,Europe,-3.4199134199134207
Cyprus,CYP,2009,13.80952380952381,Europe,1.2987012987012996
Cyprus,CYP,2010,12.391774891774892,Europe,-1.4177489177489182
Cyprus,CYP,2011,12.586580086580089,Europe,0.19480519480519654
Cyprus,CYP,2012,12.651515151515152,Europe,0.06493506493506374
Cyprus,CYP,2013,11.778138528138529,Europe,-0.8733766233766236
Cyprus,CYP,2014,11.794372294372296,Europe,0.01623376623376771
Cyprus,CYP,2015,13.70995670995671,Europe,1.915584415584414
Cyprus,CYP,2016,11.83874458874459,Europe,-1.871212121212121
Cyprus,CYP,2017,13.140692640692642,Europe,1.3019480519480524
Cyprus,CYP,2018,14.334080086580087,Europe,1.1933874458874456
Cyprus,CYP,2019,13.563679653679651,Europe,-0.7704004329004359
Cyprus,CYP,2020,13.814718614718617,Europe,0.25103896103896517
Cyprus,CYP,2021,13.16085497835498,Europe,-0.6538636363636368
Cyprus,CYP,2022,13.316049783549785,Europe,0.15519480519480489
Cyprus,CYP,2023,13.960638528138528,Europe,0.6445887445887433
Czechia,CZE,1993,55.41607350847677,Europe,
Czechia,CZE,1994,55.441956774945,Europe,0.02588326646822736
Czechia,CZE,1995,55.39019024200854,Europe,-0.05176653293645472
Czechia,CZE,1996,55.39019024200854,Europe,0.0
Czechia,CZE,1997,55.39019024200854,Europe,0.0
Czechia,CZE,1998,55.441956774945,Europe,0.05176653293645472
Czechia,CZE,1999,55.41607350847677,Europe,-0.02588326646822736
Czechia,CZE,2000,55.39019024200854,Europe,-0.02588326646822736
Czechia,CZE,2001,55.36430697554031,Europe,-0.025883266468234467
Czechia,CZE,2002,47.26362106897891,Europe,-8.100685906561402
Czechia,CZE,2003,47.47534618868901,Europe,0.21172511971010266
Czechia,CZE,2004,47.00220036241263,Europe,-0.47314582627637947
Czechia,CZE,2005,46.66696867719389,Europe,-0.33523168521873714
Czechia,CZE,2006,46.16116504854369,Europe,-0.5058036286502059
Czechia,CZE,2007,46.55922330097088,Europe,0.39805825242719095
Czechia,CZE,2008,46.240419471776285,Europe,-0.31880382919459294
Czechia,CZE,2009,45.907172449508025,Europe,-0.3332470222682602
Czechia,CZE,2010,45.628900686261815,Europe,-0.2782717632462095
Czechia,CZE,2011,45.37148776382235,Europe,-0.2574129224394639
Czechia,CZE,2012,45.65440890845526,Europe,0.2829211446329083
Czechia,CZE,2013,45.5969955969956,Europe,-0.057413311459662
Czechia,CZE,2014,45.53224553224553,Europe,-0.06475006475006495
Czechia,CZE,2015,45.2532055433234,Europe,-0.2790399889221291
Czechia,CZE,2016,45.17549540214998,Europe,-0.07771014117342645
Czechia,CZE,2017,45.60290117860381,Europe,0.42740577645383127
Czechia,CZE,2018,45.62880455899495,Europe,0.02590338039114215
Czechia,CZE,2019,45.6399997409511,Europe,0.011195181956146882
Czechia,CZE,2020,45.64686659188977,Europe,0.006866850938671121
Czechia,CZE,2021,45.73056051142403,Europe,0.0836939195342623
Czechia,CZE,2022,45.74762027493747,Europe,0.017059763513437076
Czechia,CZE,2023,45.80195940483088,Europe,0.05433912989341394
Côte d’Ivoire,CIV,1961,49.47788679245283,Africa,
Côte d’Ivoire,CIV,1962,49.86076100628931,Africa,0.38287421383648024
Côte d’Ivoire,CIV,1963,50.04694968553459,Africa,0.1861886792452836
Côte d’Ivoire,CIV,1964,50.31009748427672,Africa,0.2631477987421249
Côte d’Ivoire,CIV,1965,50.49259119496855,Africa,0.18249371069182985
Côte d’Ivoire,CIV,1966,50.65833962264151,Africa,0.16574842767296616
Côte d’Ivoire,CIV,1967,50.83285534591195,Africa,0.17451572327043863
Côte d’Ivoire,CIV,1968,50.93551886792452,Africa,0.10266352201256979
Côte d’Ivoire,CIV,1969,51.02044968553459,Africa,0.08493081761006493
Côte d’Ivoire,CIV,1970,51.10588364779874,Africa,0.08543396226415467
Côte d’Ivoire,CIV,1971,51.2895786163522,Africa,0.18369496855346057
Côte d’Ivoire,CIV,1972,51.28930817610063,Africa,-0.0002704402515689708
Côte d’Ivoire,CIV,1973,51.91260691823899,Africa,0.6232987421383598
Côte d’Ivoire,CIV,1974,52.4069213836478,Africa,0.49431446540880586
Côte d’Ivoire,CIV,1975,52.83450943396226,Africa,0.427588050314462
Côte d’Ivoire,CIV,1976,53.143512578616345,Africa,0.30900314465408485
Côte d’Ivoire,CIV,1977,53.88370125786164,Africa,0.7401886792452927
Côte d’Ivoire,CIV,1978,54.25586163522013,Africa,0.3721603773584903
Côte d’Ivoire,CIV,1979,54.37183333333333,Africa,0.1159716981131993
Côte d’Ivoire,CIV,1980,54.4679182389937,Africa,0.0960849056603692
Côte d’Ivoire,CIV,1981,54.898415094339626,Africa,0.43049685534592896
Côte d’Ivoire,CIV,1982,55.309399371069176,Africa,0.4109842767295504
Côte d’Ivoire,CIV,1983,55.295597484276726,Africa,-0.013801886792450091
Côte d’Ivoire,CIV,1984,56.29245283018868,Africa,0.9968553459119533
Côte d’Ivoire,CIV,1985,57.26576729559748,Africa,0.973314465408798
Côte d’Ivoire,CIV,1986,57.60220754716981,Africa,0.33644025157233415
Côte d’Ivoire,CIV,1987,57.91638364779874,Africa,0.3141761006289272
Côte d’Ivoire,CIV,1988,59.15861006289308,Africa,1.2422264150943434
Côte d’Ivoire,CIV,1989,58.26861320754717,Africa,-0.8899968553459132
Côte d’Ivoire,CIV,1990,59.92860377358491,Africa,1.6599905660377416
Côte d’Ivoire,CIV,1991,58.585663522012574,Africa,-1.3429402515723368
Côte d’Ivoire,CIV,1992,58.63146226415095,Africa,0.04579874213837343
Côte d’Ivoire,CIV,1993,61.32704402515723,Africa,2.695581761006281
Côte d’Ivoire,CIV,1994,59.76745283018868,Africa,-1.5595911949685473
Côte d’Ivoire,CIV,1995,62.1001572327044,Africa,2.3327044025157164
Côte d’Ivoire,CIV,1996,62.05820440251573,Africa,-0.04195283018867002
Côte d’Ivoire,CIV,1997,61.30820125786164,Africa,-0.7500031446540874
Côte d’Ivoire,CIV,1998,61.60218553459119,Africa,0.2939842767295531
Côte d’Ivoire,CIV,1999,61.88793081761006,Africa,0.28574528301886915
Côte d’Ivoire,CIV,2000,62.12457232704403,Africa,0.23664150943396578
Côte d’Ivoire,CIV,2001,60.58416981132076,Africa,-1.5404025157232653
Côte d’Ivoire,CIV,2002,60.959943396226414,Africa,0.3757735849056516
Côte d’Ivoire,CIV,2003,61.084908805031446,Africa,0.12496540880503204
Côte d’Ivoire,CIV,2004,63.403606918239,Africa,2.318698113207553
Côte d’Ivoire,CIV,2005,64.16558805031447,Africa,0.7619811320754692
Côte d’Ivoire,CIV,2006,65.03640251572327,Africa,0.8708144654087988
Côte d’Ivoire,CIV,2007,66.06060062893081,Africa,1.0241981132075466
Côte d’Ivoire,CIV,2008,65.79551257861635,Africa,-0.2650880503144606
Côte d’Ivoire,CIV,2009,65.69812578616352,Africa,-0.09738679245283777
Côte d’Ivoire,CIV,2010,65.73580817610063,Africa,0.03768238993711748
Côte d’Ivoire,CIV,2011,66.20017924528302,Africa,0.46437106918239124
Côte d’Ivoire,CIV,2012,68.96385849056603,Africa,2.763679245283001
Côte d’Ivoire,CIV,2013,70.88688050314465,Africa,1.9230220125786275
Côte d’Ivoire,CIV,2014,72.59172012578617,Africa,1.704839622641515
Côte d’Ivoire,CIV,2015,76.93681194968553,Africa,4.3450918238993665
Côte d’Ivoire,CIV,2016,75.42663647798742,Africa,-1.510175471698119
Côte d’Ivoire,CIV,2017,77.70448081761006,Africa,2.2778443396226464
Côte d’Ivoire,CIV,2018,81.34207389937107,Africa,3.637593081761011
Côte d’Ivoire,CIV,2019,81.5248,Africa,0.18272610062892625
Côte d’Ivoire,CIV,2020,82.62582295597484,Africa,1.101022955974841
Côte d’Ivoire,CIV,2021,84.39286729559748,Africa,1.7670443396226432
Côte d’Ivoire,CIV,2022,84.15681257861635,Africa,-0.2360547169811298
Côte d’Ivoire,CIV,2023,86.47581635220126,Africa,2.3190037735849103
Denmark,DNK,1961,79.0,Europe,
Denmark,DNK,1962,78.525,Europe,-0.4749999999999943
Denmark,DNK,1963,77.2,Europe,-1.3250000000000028
Denmark,DNK,1964,76.7,Europe,-0.5
Denmark,DNK,1965,75.825,Europe,-0.875
Denmark,DNK,1966,75.675,Europe,-0.15000000000000568
Denmark,DNK,1967,75.575,Europe,-0.09999999999999432
Denmark,DNK,1968,75.425,Europe,-0.15000000000000568
Denmark,DNK,1969,74.775,Europe,-0.6499999999999915
Denmark,DNK,1970,74.375,Europe,-0.4000000000000057
Denmark,DNK,1971,73.775,Europe,-0.5999999999999943
Denmark,DNK,1972,73.9,Europe,0.125
Denmark,DNK,1973,74.65,Europe,0.75
Denmark,DNK,1974,73.3,Europe,-1.3500000000000085
Denmark,DNK,1975,73.425,Europe,0.125
Denmark,DNK,1976,73.32499999999999,Europe,-0.10000000000000853
Denmark,DNK,1977,73.175,Europe,-0.14999999999999147
Denmark,DNK,1978,73.02499999999999,Europe,-0.15000000000000568
Denmark,DNK,1979,73.0,Europe,-0.024999999999991473
Denmark,DNK,1980,72.625,Europe,-0.375
Denmark,DNK,1981,72.425,Europe,-0.20000000000000284
Denmark,DNK,1982,72.175,Europe,-0.25
Denmark,DNK,1983,71.15,Europe,-1.0249999999999915
Denmark,DNK,1984,71.375,Europe,0.22499999999999432
Denmark,DNK,1985,70.85000000000001,Europe,-0.5249999999999915
Denmark,DNK,1986,70.475,Europe,-0.3750000000000142
Denmark,DNK,1987,69.95,Europe,-0.5249999999999915
Denmark,DNK,1988,69.675,Europe,-0.2750000000000057
Denmark,DNK,1989,69.35,Europe,-0.32500000000000284
Denmark,DNK,1990,69.69999999999999,Europe,0.3499999999999943
Denmark,DNK,1991,69.25,Europe,-0.44999999999998863
Denmark,DNK,1992,68.89999999999999,Europe,-0.3500000000000085
Denmark,DNK,1993,68.475,Europe,-0.42499999999999716
Denmark,DNK,1994,67.27499999999999,Europe,-1.2000000000000028
Denmark,DNK,1995,68.15,Europe,0.8750000000000142
Denmark,DNK,1996,67.9,Europe,-0.25
Denmark,DNK,1997,67.2,Europe,-0.7000000000000028
Denmark,DNK,1998,66.8,Europe,-0.4000000000000057
Denmark,DNK,1999,66.10000000000001,Europe,-0.6999999999999886
Denmark,DNK,2000,66.175,Europe,0.07499999999998863
Denmark,DNK,2001,66.9,Europe,0.7250000000000085
Denmark,DNK,2002,66.625,Europe,-0.2750000000000057
Denmark,DNK,2003,66.45,Europe,-0.17499999999999716
Denmark,DNK,2004,66.14999999999999,Europe,-0.30000000000001137
Denmark,DNK,2005,67.675,Europe,1.5250000000000057
Denmark,DNK,2006,67.75,Europe,0.07500000000000284
Denmark,DNK,2007,66.57499999999999,Europe,-1.1750000000000114
Denmark,DNK,2008,66.7,Europe,0.1250000000000142
Denmark,DNK,2009,65.85,Europe,-0.8500000000000085
Denmark,DNK,2010,65.64999999999999,Europe,-0.20000000000000284
Denmark,DNK,2011,67.25,Europe,1.6000000000000085
Denmark,DNK,2012,65.60000000000001,Europe,-1.6499999999999915
Denmark,DNK,2013,65.7,Europe,0.09999999999999432
Denmark,DNK,2014,66.315775,Europe,0.6157749999999993
Denmark,DNK,2015,65.847475,Europe,-0.4682999999999993
Denmark,DNK,2016,65.62750000000001,Europe,-0.21997499999999093
Denmark,DNK,2017,65.7825,Europe,0.15499999999998693
Denmark,DNK,2018,65.8125,Europe,0.030000000000001137
Denmark,DNK,2019,65.649125,Europe,-0.16337500000000205
Denmark,DNK,2020,65.499675,Europe,-0.14945000000000164
Denmark,DNK,2021,65.45,Europe,-0.049674999999993474
Denmark,DNK,2022,65.60000000000001,Europe,0.15000000000000568
Denmark,DNK,2023,65.525,Europe,-0.07500000000000284
Djibouti,DJI,1961,56.12597066436583,Africa,
Djibouti,DJI,1962,56.12597066436583,Africa,0.0
Djibouti,DJI,1963,56.12597066436583,Africa,0.0
Djibouti,DJI,1964,56.12597066436583,Africa,0.0
Djibouti,DJI,1965,56.12597066436583,Africa,0.0
Djibouti,DJI,1966,56.12597066436583,Africa,0.0
Djibouti,DJI,1967,56.12597066436583,Africa,0.0
Djibouti,DJI,1968,56.12597066436583,Africa,0.0
Djibouti,DJI,1969,56.12597066436583,Africa,0.0
Djibouti,DJI,1970,56.12597066436583,Africa,0.0
Djibouti,DJI,1971,56.12597066436583,Africa,0.0
Djibouti,DJI,1972,56.12597066436583,Africa,0.0
Djibouti,DJI,1973,56.12597066436583,Africa,0.0
Djibouti,DJI,1974,56.12597066436583,Africa,0.0
Djibouti,DJI,1975,56.12597066436583,Africa,0.0
Djibouti,DJI,1976,56.12597066436583,Africa,0.0
Djibouti,DJI,1977,56.12597066436583,Africa,0.0
Djibouti,DJI,1978,56.12597066436583,Africa,0.0
Djibouti,DJI,1979,56.12597066436583,Africa,0.0
Djibouti,DJI,1980,56.12597066436583,Africa,0.0
Djibouti,DJI,1981,56.12597066436583,Africa,0.0
Djibouti,DJI,1982,56.12597066436583,Africa,0.0
Djibouti,DJI,1983,56.12597066436583,Africa,0.0
Djibouti,DJI,1984,56.12597066436583,Africa,0.0
Djibouti,DJI,1985,56.12597066436583,Africa,0.0
Djibouti,DJI,1986,56.12597066436583,Africa,0.0
Djibouti,DJI,1987,56.12597066436583,Africa,0.0
Djibouti,DJI,1988,56.12597066436583,Africa,0.0
Djibouti,DJI,1989,56.12597066436583,Africa,0.0
Djibouti,DJI,1990,56.03968938740294,Africa,-0.08628127696289312
Djibouti,DJI,1991,57.65746333045729,Africa,1.6177739430543525
Djibouti,DJI,1992,59.167385677308026,Africa,1.5099223468507361
Djibouti,DJI,1993,60.46160483175152,Africa,1.2942191544434962
Djibouti,DJI,1994,60.46160483175152,Africa,0.0
Djibouti,DJI,1995,62.62295081967213,Africa,2.1613459879206047
Djibouti,DJI,1996,63.917169974115616,Africa,1.2942191544434891
Djibouti,DJI,1997,64.77998274374461,Africa,0.8628127696289951
Djibouti,DJI,1998,64.77998274374461,Africa,0.0
Djibouti,DJI,1999,66.93701466781708,Africa,2.15703192407247
Djibouti,DJI,2000,69.09404659188955,Africa,2.15703192407247
Djibouti,DJI,2001,72.54529767040552,Africa,3.4512510785159662
Djibouti,DJI,2002,73.40811044003452,Africa,0.8628127696290022
Djibouti,DJI,2003,73.41242450388266,Africa,0.004314063848141814
Djibouti,DJI,2004,73.41242450388266,Africa,0.0
Djibouti,DJI,2005,73.41242450388266,Africa,0.0
Djibouti,DJI,2006,73.4253666954271,Africa,0.012942191544439652
Djibouti,DJI,2007,73.43399482312338,Africa,0.008628127696283627
Djibouti,DJI,2008,73.42105263157895,Africa,-0.012942191544439652
Djibouti,DJI,2009,73.4253666954271,Africa,0.0043140638481560245
Djibouti,DJI,2010,73.43830888697153,Africa,0.012942191544425441
Djibouti,DJI,2011,73.45987920621225,Africa,0.02157031924072328
Djibouti,DJI,2012,73.45987920621225,Africa,0.0
Djibouti,DJI,2013,73.45987920621225,Africa,0.0
Djibouti,DJI,2014,73.45987920621225,Africa,0.0
Djibouti,DJI,2015,73.45987920621225,Africa,0.0
Djibouti,DJI,2016,73.45987920621225,Africa,0.0
Djibouti,DJI,2017,73.45987920621225,Africa,0.0
Djibouti,DJI,2018,73.45987920621225,Africa,0.0
Djibouti,DJI,2019,73.45987920621225,Africa,0.0
Djibouti,DJI,2020,73.50301984469371,Africa,0.04314063848146077
Djibouti,DJI,2021,73.50301984469371,Africa,0.0
Djibouti,DJI,2022,73.50301984469371,Africa,0.0
Djibouti,DJI,2023,73.50733390854185,Africa,0.004314063848141814
Dominica,DMA,1961,22.666666666666664,North America,
Dominica,DMA,1962,24.0,North America,1.3333333333333357
Dominica,DMA,1963,24.0,North America,0.0
Dominica,DMA,1964,24.0,North America,0.0
Dominica,DMA,1965,24.0,North America,0.0
Dominica,DMA,1966,25.333333333333336,North America,1.3333333333333357
Dominica,DMA,1967,25.333333333333336,North America,0.0
Dominica,DMA,1968,25.333333333333336,North America,0.0
Dominica,DMA,1969,25.333333333333336,North America,0.0
Dominica,DMA,1970,25.333333333333336,North America,0.0
Dominica,DMA,1971,25.333333333333336,North America,0.0
Dominica,DMA,1972,25.333333333333336,North America,0.0
Dominica,DMA,1973,25.333333333333336,North America,0.0
Dominica,DMA,1974,25.333333333333336,North America,0.0
Dominica,DMA,1975,25.333333333333336,North America,0.0
Dominica,DMA,1976,25.333333333333336,North America,0.0
Dominica,DMA,1977,25.333333333333336,North America,0.0
Dominica,DMA,1978,25.333333333333336,North America,0.0
Dominica,DMA,1979,25.333333333333336,North America,0.0
Dominica,DMA,1980,25.333333333333336,North America,0.0
Dominica,DMA,1981,25.333333333333336,North America,0.0
Dominica,DMA,1982,25.333333333333336,North America,0.0
Dominica,DMA,1983,25.333333333333336,North America,0.0
Dominica,DMA,1984,25.333333333333336,North America,0.0
Dominica,DMA,1985,25.333333333333336,North America,0.0
Dominica,DMA,1986,25.333333333333336,North America,0.0
Dominica,DMA,1987,25.333333333333336,North America,0.0
Dominica,DMA,1988,24.0,North America,-1.3333333333333357
Dominica,DMA,1989,24.0,North America,0.0
Dominica,DMA,1990,24.0,North America,0.0
Dominica,DMA,1991,24.0,North America,0.0
Dominica,DMA,1992,24.0,North America,0.0
Dominica,DMA,1993,24.0,North America,0.0
Dominica,DMA,1994,24.0,North America,0.0
Dominica,DMA,1995,22.666666666666664,North America,-1.3333333333333357
Dominica,DMA,1996,22.666666666666664,North America,0.0
Dominica,DMA,1997,22.666666666666664,North America,0.0
Dominica,DMA,1998,22.666666666666664,North America,0.0
Dominica,DMA,1999,25.333333333333336,North America,2.6666666666666714
Dominica,DMA,2000,28.000000000000004,North America,2.666666666666668
Dominica,DMA,2001,29.33333333333333,North America,1.333333333333325
Dominica,DMA,2002,29.33333333333333,North America,0.0
Dominica,DMA,2003,29.33333333333333,North America,0.0
Dominica,DMA,2004,29.33333333333333,North America,0.0
Dominica,DMA,2005,29.33333333333333,North America,0.0
Dominica,DMA,2006,29.33333333333333,North America,0.0
Dominica,DMA,2007,29.33333333333333,North America,0.0
Dominica,DMA,2008,29.33333333333333,North America,0.0
Dominica,DMA,2009,30.666666666666664,North America,1.3333333333333357
Dominica,DMA,2010,33.33333333333333,North America,2.6666666666666643
Dominica,DMA,2011,33.33333333333333,North America,0.0
Dominica,DMA,2012,33.33333333333333,North America,0.0
Dominica,DMA,2013,33.33333333333333,North America,0.0
Dominica,DMA,2014,33.33333333333333,North America,0.0
Dominica,DMA,2015,33.33333333333333,North America,0.0
Dominica,DMA,2016,33.33333333333333,North America,0.0
Dominica,DMA,2017,33.33333333333333,North America,0.0
Dominica,DMA,2018,33.33333333333333,North America,0.0
Dominica,DMA,2019,33.33333333333333,North America,0.0
Dominica,DMA,2020,33.33333333333333,North America,0.0
Dominica,DMA,2021,33.33333333333333,North America,0.0
Dominica,DMA,2022,33.33333333333333,North America,0.0
Dominica,DMA,2023,33.33333333333333,North America,0.0
Dominican Republic,DOM,1961,45.33222935210102,North America,
Dominican Republic,DOM,1962,45.64272407369075,North America,0.310494721589734
Dominican Republic,DOM,1963,45.953218795280485,North America,0.310494721589734
Dominican Republic,DOM,1964,46.26371351687021,North America,0.3104947215897269
Dominican Republic,DOM,1965,46.574208238459946,North America,0.310494721589734
Dominican Republic,DOM,1966,46.88470296004968,North America,0.310494721589734
Dominican Republic,DOM,1967,47.19519768163941,North America,0.3104947215897269
Dominican Republic,DOM,1968,47.40219416269923,North America,0.20699648105982504
Dominican Republic,DOM,1969,48.230180086938525,North America,0.8279859242392931
Dominican Republic,DOM,1970,48.333678327468434,North America,0.10349824052990897
Dominican Republic,DOM,1971,48.51997516042228,North America,0.18629683295384325
Dominican Republic,DOM,1972,49.05816601117781,North America,0.5381908507555337
Dominican Republic,DOM,1973,49.78265369488719,North America,0.724487683709377
Dominican Republic,DOM,1974,50.19664665700682,North America,0.4139929621196359
Dominican Republic,DOM,1975,50.81763610018629,North America,0.620989443179468
Dominican Republic,DOM,1976,51.95611674601531,North America,1.13848064582902
Dominican Republic,DOM,1977,52.57710618919479,North America,0.6209894431794751
Dominican Republic,DOM,1978,53.09459739184433,North America,0.5174912026495448
Dominican Republic,DOM,1979,53.61208859449389,North America,0.5174912026495591
Dominican Republic,DOM,1980,54.23307803767335,North America,0.6209894431794609
Dominican Republic,DOM,1981,54.33657627820328,North America,0.10349824052993029
Dominican Republic,DOM,1982,54.440074518733184,North America,0.10349824052990186
Dominican Republic,DOM,1983,54.440074518733184,North America,0.0
Dominican Republic,DOM,1984,54.440074518733184,North America,0.0
Dominican Republic,DOM,1985,54.440074518733184,North America,0.0
Dominican Republic,DOM,1986,54.584972055475056,North America,0.14489753674187256
Dominican Republic,DOM,1987,54.584972055475056,North America,0.0
Dominican Republic,DOM,1988,54.584972055475056,North America,0.0
Dominican Republic,DOM,1989,54.37969985510246,North America,-0.20527220037259752
Dominican Republic,DOM,1990,54.17442972469468,North America,-0.20527013040777575
Dominican Republic,DOM,1991,53.969157524322085,North America,-0.20527220037259752
Dominican Republic,DOM,1992,53.76388532394949,North America,-0.20527220037259752
Dominican Republic,DOM,1993,53.55861519354171,North America,-0.20527013040777575
Dominican Republic,DOM,1994,53.35334299316912,North America,-0.20527220037259042
Dominican Republic,DOM,1995,53.14807079279652,North America,-0.20527220037260463
Dominican Republic,DOM,1996,52.94280066238875,North America,-0.20527013040776865
Dominican Republic,DOM,1997,52.73752846201615,North America,-0.20527220037259752
Dominican Republic,DOM,1998,52.53225626164355,North America,-0.20527220037259752
Dominican Republic,DOM,1999,52.26488718691783,North America,-0.26736907472572113
Dominican Republic,DOM,2000,52.05961498654524,North America,-0.20527220037259042
Dominican Republic,DOM,2001,52.05961498654524,North America,0.0
Dominican Republic,DOM,2002,52.05961498654524,North America,0.0
Dominican Republic,DOM,2003,49.03083005588905,North America,-3.028784930656194
Dominican Republic,DOM,2004,48.08282343200166,North America,-0.9480066238873874
Dominican Republic,DOM,2005,48.29080521631132,North America,0.2079817843096592
Dominican Republic,DOM,2006,47.62306561788449,North America,-0.6677395984268273
Dominican Republic,DOM,2007,47.89579176154006,North America,0.2727261436555679
Dominican Republic,DOM,2008,46.98299316911612,North America,-0.9127985924239397
Dominican Republic,DOM,2009,48.12260194576692,North America,1.139608776650796
Dominican Republic,DOM,2010,47.56293314013661,North America,-0.5596688056303094
Dominican Republic,DOM,2011,48.01612709583937,North America,0.45319395570276555
Dominican Republic,DOM,2012,47.67402194162699,North America,-0.3421051542123834
Dominican Republic,DOM,2013,50.07521010142827,North America,2.401188159801279
Dominican Republic,DOM,2014,50.27032912440489,North America,0.19511902297661976
Dominican Republic,DOM,2015,50.096485199751605,North America,-0.17384392465328347
Dominican Republic,DOM,2016,51.82594493893604,North America,1.7294597391844349
Dominican Republic,DOM,2017,52.38640861105361,North America,0.5604636721175709
Dominican Republic,DOM,2018,53.36602980749328,North America,0.9796211964396662
Dominican Republic,DOM,2019,53.701218431794494,North America,0.33518862430121743
Dominican Republic,DOM,2020,52.32439216382748,North America,-1.3768262679670116
Dominican Republic,DOM,2021,52.41072973537088,North America,0.08633757154339605
Dominican Republic,DOM,2022,54.69412436444485,North America,2.2833946290739746
Dominican Republic,DOM,2023,55.353080894194406,North America,0.6589565297495525
Early-demographic dividend,EAR,1961,35.04712436291467,Other,
Early-demographic dividend,EAR,1962,35.02740924792838,Other,-0.019715114986290416
Early-demographic dividend,EAR,1963,34.9860040964551,Other,-0.04140515147328472
Early-demographic dividend,EAR,1964,34.94995310461342,Other,-0.036050991841676705
Early-demographic dividend,EAR,1965,34.92927508989075,Other,-0.020678014722669502
Early-demographic dividend,EAR,1966,34.92862631530268,Other,-0.0006487745880718876
Early-demographic dividend,EAR,1967,34.92087872631966,Other,-0.007747588983022524
Early-demographic dividend,EAR,1968,34.93603161207034,Other,0.015152885750680412
Early-demographic dividend,EAR,1969,34.8774270818696,Other,-0.05860453020073919
Early-demographic dividend,EAR,1970,34.903651386218016,Other,0.026224304348417604
Early-demographic dividend,EAR,1971,34.93219767699982,Other,0.028546290781804373
Early-demographic dividend,EAR,1972,35.085615521384014,Other,0.1534178443841938
Early-demographic dividend,EAR,1973,35.17409036237349,Other,0.08847484098947689
Early-demographic dividend,EAR,1974,35.21657229792529,Other,0.042481935551798244
Early-demographic dividend,EAR,1975,35.250963937336515,Other,0.03439163941122558
Early-demographic dividend,EAR,1976,35.28669138346849,Other,0.035727446131971874
Early-demographic dividend,EAR,1977,35.36306183809518,Other,0.07637045462669079
Early-demographic dividend,EAR,1978,35.45646972521981,Other,0.09340788712463421
Early-demographic dividend,EAR,1979,35.582057881578066,Other,0.12558815635825482
Early-demographic dividend,EAR,1980,35.600284162977616,Other,0.018226281399549293
Early-demographic dividend,EAR,1981,35.519035162911145,Other,-0.08124900006647096
Early-demographic dividend,EAR,1982,35.625984228649486,Other,0.10694906573834118
Early-demographic dividend,EAR,1983,35.680444940447586,Other,0.05446071179810019
Early-demographic dividend,EAR,1984,36.03195398748119,Other,0.351509047033602
Early-demographic dividend,EAR,1985,36.33415907615488,Other,0.3022050886736949
Early-demographic dividend,EAR,1986,36.602983354256736,Other,0.26882427810185305
Early-demographic dividend,EAR,1987,37.01621301383359,Other,0.41322965957685653
Early-demographic dividend,EAR,1988,37.25423366730541,Other,0.23802065347181411
Early-demographic dividend,EAR,1989,37.54864308901865,Other,0.29440942171324025
Early-demographic dividend,EAR,1990,37.77043944857311,Other,0.2217963595544603
Early-demographic dividend,EAR,1991,37.79940151183102,Other,0.028962063257914394
Early-demographic dividend,EAR,1992,38.70362634162053,Other,0.9042248297895057
Early-demographic dividend,EAR,1993,38.77549532964108,Other,0.07186898802055453
Early-demographic dividend,EAR,1994,39.0562967974913,Other,0.28080146785021753
Early-demographic dividend,EAR,1995,39.34377406997932,Other,0.2874772724880188
Early-demographic dividend,EAR,1996,39.59294520952216,Other,0.2491711395428453
Early-demographic dividend,EAR,1997,39.85137037212363,Other,0.2584251626014691
Early-demographic dividend,EAR,1998,40.18014133375463,Other,0.32877096163099395
Early-demographic dividend,EAR,1999,40.45330835402624,Other,0.27316702027161455
Early-demographic dividend,EAR,2000,40.3827663440071,Other,-0.07054201001913896
Early-demographic dividend,EAR,2001,40.46568974974048,Other,0.08292340573337498
Early-demographic dividend,EAR,2002,40.50329310631382,Other,0.03760335657334224
Early-demographic dividend,EAR,2003,40.50433597205497,Other,0.0010428657411480913
Early-demographic dividend,EAR,2004,40.45009129695439,Other,-0.054244675100576956
Early-demographic dividend,EAR,2005,39.98301886428267,Other,-0.4670724326717206
Early-demographic dividend,EAR,2006,40.0200568266676,Other,0.037037962384928846
Early-demographic dividend,EAR,2007,40.071121966497095,Other,0.051065139829496786
Early-demographic dividend,EAR,2008,39.82495914118949,Other,-0.24616282530760714
Early-demographic dividend,EAR,2009,39.77094772187823,Other,-0.054011419311258635
Early-demographic dividend,EAR,2010,39.7780201284523,Other,0.007072406574067713
Early-demographic dividend,EAR,2011,39.76659878149846,Other,-0.011421346953838452
Early-demographic dividend,EAR,2012,39.74545100028767,Other,-0.021147781210785865
Early-demographic dividend,EAR,2013,39.68684658505844,Other,-0.0586044152292331
Early-demographic dividend,EAR,2014,39.578428800023175,Other,-0.10841778503526456
Early-demographic dividend,EAR,2015,39.609522739982026,Other,0.03109393995885057
Early-demographic dividend,EAR,2016,39.55596917326633,Other,-0.05355356671569922
Early-demographic dividend,EAR,2017,39.57972995158803,Other,0.023760778321701537
Early-demographic dividend,EAR,2018,39.55791098249074,Other,-0.021818969097289198
Early-demographic dividend,EAR,2019,39.7348309082041,Other,0.17691992571336357
Early-demographic dividend,EAR,2020,39.85109353306813,Other,0.11626262486402794
Early-demographic dividend,EAR,2021,39.86973189113138,Other,0.018638358063249427
Early-demographic dividend,EAR,2022,39.892602057567984,Other,0.022870166436604222
Eastern & Southern Africa,AFE,1961,40.48845242072931,Other,
Eastern & Southern Africa,AFE,1962,40.41908049772993,Other,-0.06937192299938033
Eastern & Southern Africa,AFE,1963,40.4455406683479,Other,0.026460170617973233
Eastern & Southern Africa,AFE,1964,40.41381084023586,Other,-0.0317298281120415
Eastern & Southern Africa,AFE,1965,40.3505782221657,Other,-0.06323261807015967
Eastern & Southern Africa,AFE,1966,40.35759534967021,Other,0.0070171275045112225
Eastern & Southern Africa,AFE,1967,40.358099170849705,Other,0.0005038211794925473
Eastern & Southern Africa,AFE,1968,40.37770829459456,Other,0.019609123744857015
Eastern & Southern Africa,AFE,1969,40.41631620072123,Other,0.03860790612667131
Eastern & Southern Africa,AFE,1970,40.507015937737705,Other,0.09069973701647172
Eastern & Southern Africa,AFE,1971,40.626908568493306,Other,0.11989263075560075
Eastern & Southern Africa,AFE,1972,40.64909144628866,Other,0.022182877795351885
Eastern & Southern Africa,AFE,1973,40.67083438977716,Other,0.021742943488504807
Eastern & Southern Africa,AFE,1974,40.68978683434688,Other,0.018952444569720228
Eastern & Southern Africa,AFE,1975,40.74386599043446,Other,0.05407915608757463
Eastern & Southern Africa,AFE,1976,40.73973542650572,Other,-0.004130563928740116
Eastern & Southern Africa,AFE,1977,40.769013722067406,Other,0.029278295561688594
Eastern & Southern Africa,AFE,1978,40.86254641104587,Other,0.09353268897846334
Eastern & Southern Africa,AFE,1979,40.83305018986245,Other,-0.029496221183421767
Eastern & Southern Africa,AFE,1980,40.841332652402144,Other,0.008282462539696667
Eastern & Southern Africa,AFE,1981,40.983600813043374,Other,0.1422681606412297
Eastern & Southern Africa,AFE,1982,41.02783900219665,Other,0.04423818915327615
Eastern & Southern Africa,AFE,1983,41.09557393224512,Other,0.06773493004846642
Eastern & Southern Africa,AFE,1984,41.14191715239048,Other,0.046343220145359965
Eastern & Southern Africa,AFE,1985,41.35132236722856,Other,0.20940521483808539
Eastern & Southern Africa,AFE,1986,41.44747866328977,Other,0.0961562960612099
Eastern & Southern Africa,AFE,1987,41.49214354608738,Other,0.04466488279760483
Eastern & Southern Africa,AFE,1988,41.56416116797606,Other,0.07201762188868344
Eastern & Southern Africa,AFE,1989,41.68178144326105,Other,0.11762027528499175
Eastern & Southern Africa,AFE,1990,41.64867643399125,Other,-0.03310500926980353
Eastern & Southern Africa,AFE,1991,41.77689644999721,Other,0.12822001600596167
Eastern & Southern Africa,AFE,1992,41.89719197906083,Other,0.12029552906361829
Eastern & Southern Africa,AFE,1993,41.34045179040231,Other,-0.5567401886585159
Eastern & Southern Africa,AFE,1994,41.47394503645614,Other,0.13349324605383117
Eastern & Southern Africa,AFE,1995,41.56811349591259,Other,0.0941684594564478
Eastern & Southern Africa,AFE,1996,41.63545123733448,Other,0.06733774142188764
Eastern & Southern Africa,AFE,1997,41.77722772561375,Other,0.14177648827926959
Eastern & Southern Africa,AFE,1998,41.92826939134087,Other,0.15104166572712074
Eastern & Southern Africa,AFE,1999,42.14242352433183,Other,0.21415413299096286
Eastern & Southern Africa,AFE,2000,42.32975592612785,Other,0.18733240179602006
Eastern & Southern Africa,AFE,2001,42.39118597665996,Other,0.0614300505321097
Eastern & Southern Africa,AFE,2002,42.454933090273215,Other,0.06374711361325325
Eastern & Southern Africa,AFE,2003,42.64706557137646,Other,0.19213248110324344
Eastern & Southern Africa,AFE,2004,42.3226026050792,Other,-0.32446296629726135
Eastern & Southern Africa,AFE,2005,42.419528001177184,Other,0.096925396097987
Eastern & Southern Africa,AFE,2006,42.55024244293722,Other,0.1307144417600341
Eastern & Southern Africa,AFE,2007,42.70441806300144,Other,0.15417562006422258
Eastern & Southern Africa,AFE,2008,42.82018448940652,Other,0.11576642640508084
Eastern & Southern Africa,AFE,2009,43.08573376256943,Other,0.265549273162911
Eastern & Southern Africa,AFE,2010,43.302092582411134,Other,0.2163588198417017
Eastern & Southern Africa,AFE,2011,43.562526357227966,Other,0.26043377481683194
Eastern & Southern Africa,AFE,2012,45.77870426717416,Other,2.2161779099461967
Eastern & Southern Africa,AFE,2013,45.88105278091861,Other,0.10234851374444531
Eastern & Southern Africa,AFE,2014,45.97804446900209,Other,0.09699168808348446
Eastern & Southern Africa,AFE,2015,46.05061791011406,Other,0.07257344111197028
Eastern & Southern Africa,AFE,2016,46.161669441718566,Other,0.11105153160450243
Eastern & Southern Africa,AFE,2017,46.24605943926017,Other,0.08438999754160648
Eastern & Southern Africa,AFE,2018,46.369558172823446,Other,0.12349873356327379
Eastern & Southern Africa,AFE,2019,46.41917895068787,Other,0.0496207778644262
Eastern & Southern Africa,AFE,2020,46.45697554958256,Other,0.037796598894686895
Eastern & Southern Africa,AFE,2021,46.51056622419132,Other,0.05359067460876332
Eastern & Southern Africa,AFE,2022,46.541210005602046,Other,0.030643781410724102
Ecuador,ECU,1961,17.013437364542696,South America,
Ecuador,ECU,1962,17.013437364542696,South America,0.0
Ecuador,ECU,1963,17.049559312238117,South America,0.03612194769542043
Ecuador,ECU,1964,17.049559312238117,South America,0.0
Ecuador,ECU,1965,17.085681259933537,South America,0.03612194769542043
Ecuador,ECU,1966,17.085681259933537,South America,0.0
Ecuador,ECU,1967,17.121803207628954,South America,0.03612194769541688
Ecuador,ECU,1968,17.103742233781247,South America,-0.018060973847706663
Ecuador,ECU,1969,17.320473919953763,South America,0.21673168617251548
Ecuador,ECU,1970,17.53720560612628,South America,0.21673168617251903
Ecuador,ECU,1971,17.7539372922988,South America,0.21673168617251903
Ecuador,ECU,1972,17.97066897847132,South America,0.21673168617251903
Ecuador,ECU,1973,18.18740066464384,South America,0.21673168617251903
Ecuador,ECU,1974,18.66782256899292,South America,0.4804219043490825
Ecuador,ECU,1975,19.45166883398353,South America,0.7838462649906077
Ecuador,ECU,1976,20.065741944805666,South America,0.6140731108221367
Ecuador,ECU,1977,21.077156480277417,South America,1.0114145354717508
Ecuador,ECU,1978,21.691229591099557,South America,0.6140731108221402
Ecuador,ECU,1979,22.359485623464817,South America,0.6682560323652602
Ecuador,ECU,1980,23.399797717092905,South America,1.0403120936280885
Ecuador,ECU,1981,24.4148244473342,South America,1.0150267302412956
Ecuador,ECU,1982,25.140875596012137,South America,0.7260511486779357
Ecuador,ECU,1983,25.628521889900306,South America,0.4876462938881687
Ecuador,ECU,1984,26.20647305302702,South America,0.5779511631267127
Ecuador,ECU,1985,26.802485190001445,South America,0.5960121369744265
Ecuador,ECU,1986,27.38043635312816,South America,0.5779511631267162
Ecuador,ECU,1987,27.889755815633578,South America,0.5093194625054167
Ecuador,ECU,1988,27.907816789481288,South America,0.018060973847710216
Ecuador,ECU,1989,28.00534604825892,South America,0.09752925877763374
Ecuador,ECU,1990,28.34128016182633,South America,0.3359341135674079
Ecuador,ECU,1991,28.58690940615518,South America,0.2456292443288497
Ecuador,ECU,1992,28.72778500216732,South America,0.1408755960121404
Ecuador,ECU,1993,28.80725328709724,South America,0.07946828492991997
Ecuador,ECU,1994,29.363531281606704,South America,0.5562779945094647
Ecuador,ECU,1995,29.28767519144632,South America,-0.07585609016038575
Ecuador,ECU,1996,28.850599624331743,South America,-0.43707556711457585
Ecuador,ECU,1997,28.94090449357029,South America,0.09030486923854752
Ecuador,ECU,1998,32.3200193267837,South America,3.3791148332134107
Ecuador,ECU,1999,32.51328716379449,South America,0.19326783701078654
Ecuador,ECU,2000,32.47704944435497,South America,-0.03623771943951937
Ecuador,ECU,2001,31.34562731518763,South America,-1.131422129167337
Ecuador,ECU,2002,30.15783540022548,South America,-1.1877919149621512
Ecuador,ECU,2003,29.19149621517153,South America,-0.9663391850539504
Ecuador,ECU,2004,30.30681269125463,South America,1.1153164760831018
Ecuador,ECU,2005,30.198099532936062,South America,-0.10871315831856876
Ecuador,ECU,2006,29.97262038975681,South America,-0.22547914317925333
Ecuador,ECU,2007,29.843775165082945,South America,-0.1288452246738636
Ecuador,ECU,2008,29.97664680302786,South America,0.1328716379449162
Ecuador,ECU,2009,30.33660814946046,South America,0.35996134643259836
Ecuador,ECU,2010,30.188838782412624,South America,-0.14776936704783594
Ecuador,ECU,2011,29.578434530520216,South America,-0.6104042518924082
Ecuador,ECU,2012,30.225881784506363,South America,0.6474472539861473
Ecuador,ECU,2013,30.250442905459817,South America,0.024561120953453752
Ecuador,ECU,2014,22.044612659043324,South America,-8.205830246416493
Ecuador,ECU,2015,23.30890642615558,South America,1.2642937671122567
Ecuador,ECU,2016,22.209695603156707,South America,-1.0992108229988737
Ecuador,ECU,2017,22.507650185215013,South America,0.29795458205830627
Ecuador,ECU,2018,21.935899500724755,South America,-0.571750684490258
Ecuador,ECU,2019,21.46078273473989,South America,-0.47511676598486474
Ecuador,ECU,2020,21.823159929135127,South America,0.3623771943952363
Ecuador,ECU,2021,22.024480592688032,South America,0.2013206635529059
Ecuador,ECU,2022,21.53325817361894,South America,-0.4912224190690928
Ecuador,ECU,2023,21.541311000161052,South America,0.008052826542112257
"Egypt, Arab Rep.",EGY,1961,2.57973780702195,Africa,
"Egypt, Arab Rep.",EGY,1962,2.5164498468029537,Africa,-0.06328796021899619
"Egypt, Arab Rep.",EGY,1963,2.5013812848460497,Africa,-0.01506856195690398
"Egypt, Arab Rep.",EGY,1964,2.5174544176000806,Africa,0.016073132754030883
"Egypt, Arab Rep.",EGY,1965,2.6842131699231504,Africa,0.1667587523230698
"Egypt, Arab Rep.",EGY,1966,2.7927068160128585,Africa,0.10849364608970813
"Egypt, Arab Rep.",EGY,1967,2.813802802752524,Africa,0.021095986739665396
"Egypt, Arab Rep.",EGY,1968,2.813802802752524,Africa,0.0
"Egypt, Arab Rep.",EGY,1969,2.8479582098548395,Africa,0.03415540710231557
"Egypt, Arab Rep.",EGY,1970,2.855994776231855,Africa,0.008036566377015664
"Egypt, Arab Rep.",EGY,1971,2.8650359134059973,Africa,0.009041137174142122
"Egypt, Arab Rep.",EGY,1972,2.868049625797378,Africa,0.0030137123913807073
"Egypt, Arab Rep.",EGY,1973,2.868049625797378,Africa,0.0
"Egypt, Arab Rep.",EGY,1974,2.855994776231855,Africa,-0.01205484956552283
"Egypt, Arab Rep.",EGY,1975,2.83791250188357,Africa,-0.018082274348285132
"Egypt, Arab Rep.",EGY,1976,2.742478276156512,Africa,-0.09543422572705795
"Egypt, Arab Rep.",EGY,1977,2.647044050429454,Africa,-0.09543422572705795
"Egypt, Arab Rep.",EGY,1978,2.551609824702396,Africa,-0.09543422572705795
"Egypt, Arab Rep.",EGY,1979,2.458184740569592,Africa,-0.09342508413280415
"Egypt, Arab Rep.",EGY,1980,2.4561755989753378,Africa,-0.002009141594254249
"Egypt, Arab Rep.",EGY,1981,2.4792807273092574,Africa,0.023105128333919644
"Egypt, Arab Rep.",EGY,1982,2.456416695966648,Africa,-0.022864031342609614
"Egypt, Arab Rep.",EGY,1983,2.4458687025968158,Africa,-0.010547993369832032
"Egypt, Arab Rep.",EGY,1984,2.469496207745241,Africa,0.023627505148425154
"Egypt, Arab Rep.",EGY,1985,2.508413280425938,Africa,0.03891707268069711
"Egypt, Arab Rep.",EGY,1986,2.578733236224823,Africa,0.07031995579888495
"Egypt, Arab Rep.",EGY,1987,2.5586418202822845,Africa,-0.020091415942538493
"Egypt, Arab Rep.",EGY,1988,2.5927972273846,Africa,0.03415540710231557
"Egypt, Arab Rep.",EGY,1989,2.5827515194133306,Africa,-0.010045707971269469
"Egypt, Arab Rep.",EGY,1990,2.660103470792104,Africa,0.07735195137877326
"Egypt, Arab Rep.",EGY,1991,2.6550806168064693,Africa,-0.005022853985634512
"Egypt, Arab Rep.",EGY,1992,3.0099753880154703,Africa,0.3548947712090009
"Egypt, Arab Rep.",EGY,1993,3.0289617760811693,Africa,0.018986388065699078
"Egypt, Arab Rep.",EGY,1994,3.0264302576724096,Africa,-0.0025315184087597586
"Egypt, Arab Rep.",EGY,1995,3.298005926967703,Africa,0.2715756692952933
"Egypt, Arab Rep.",EGY,1996,3.1909789542418,Africa,-0.10702697272590278
"Egypt, Arab Rep.",EGY,1997,3.2597518710131097,Africa,0.06877291677130959
"Egypt, Arab Rep.",EGY,1998,3.2745190617308757,Africa,0.014767190717765999
"Egypt, Arab Rep.",EGY,1999,3.4989200863930883,Africa,0.22440102466221257
"Egypt, Arab Rep.",EGY,2000,3.3060424933447186,Africa,-0.1928775930483697
"Egypt, Arab Rep.",EGY,2001,3.3532573208096843,Africa,0.04721482746496575
"Egypt, Arab Rep.",EGY,2002,3.4396504093626,Africa,0.08639308855291583
"Egypt, Arab Rep.",EGY,2003,3.424581847405696,Africa,-0.01506856195690398
"Egypt, Arab Rep.",EGY,2004,3.4938972324074538,Africa,0.0693153850017576
"Egypt, Arab Rep.",EGY,2005,3.5391029182781657,Africa,0.04520568587071194
"Egypt, Arab Rep.",EGY,2006,3.5491486262494347,Africa,0.010045707971269024
"Egypt, Arab Rep.",EGY,2007,3.5541714802350697,Africa,0.005022853985634956
"Egypt, Arab Rep.",EGY,2008,3.5581897634235777,Africa,0.004018283188508054
"Egypt, Arab Rep.",EGY,2009,3.705861670601236,Africa,0.1476719071776582
"Egypt, Arab Rep.",EGY,2010,3.687779396252951,Africa,-0.018082274348285132
"Egypt, Arab Rep.",EGY,2011,3.6365462855994775,Africa,-0.05123311065347336
"Egypt, Arab Rep.",EGY,2012,3.712893666181124,Africa,0.07634738058164636
"Egypt, Arab Rep.",EGY,2013,3.748023506956653,Africa,0.035129840775529164
"Egypt, Arab Rep.",EGY,2014,3.7321713797779896,Africa,-0.015852127178663356
"Egypt, Arab Rep.",EGY,2015,3.8071998593600886,Africa,0.07502847958209902
"Egypt, Arab Rep.",EGY,2016,3.750831684162941,Africa,-0.05636817519714743
"Egypt, Arab Rep.",EGY,2017,3.854506805967151,Africa,0.10367512180420979
"Egypt, Arab Rep.",EGY,2018,3.880656989301321,Africa,0.026150183334169963
"Egypt, Arab Rep.",EGY,2019,3.9399266663318095,Africa,0.05926967703048858
"Egypt, Arab Rep.",EGY,2020,3.989150635391029,Africa,0.04922396905921955
"Egypt, Arab Rep.",EGY,2021,4.049424883218645,Africa,0.06027424782761592
"Egypt, Arab Rep.",EGY,2022,4.076548294741071,Africa,0.027123411522426366
"Egypt, Arab Rep.",EGY,2023,4.076548294741071,Africa,0.0
El Salvador,SLV,1961,60.04796163069545,North America,
El Salvador,SLV,1962,60.04796163069545,North America,0.0
El Salvador,SLV,1963,60.043165467625904,North America,-0.004796163069542558
El Salvador,SLV,1964,59.6546762589928,North America,-0.38848920863310354
El Salvador,SLV,1965,59.21822541966427,North America,-0.4364508393285291
El Salvador,SLV,1966,58.68105515587529,North America,-0.5371702637889797
El Salvador,SLV,1967,58.19664268585132,North America,-0.4844124700239689
El Salvador,SLV,1968,57.66426858513189,North America,-0.53237410071943
El Salvador,SLV,1969,57.32374100719424,North America,-0.34052757793764954
El Salvador,SLV,1970,56.983213429256594,North America,-0.34052757793764954
El Salvador,SLV,1971,58.80095923261391,North America,1.8177458033573188
El Salvador,SLV,1972,58.695443645083934,North America,-0.10551558752997892
El Salvador,SLV,1973,58.78657074340528,North America,0.09112709832134414
El Salvador,SLV,1974,59.02158273381295,North America,0.23501199040767062
El Salvador,SLV,1975,59.25659472422063,North America,0.23501199040768483
El Salvador,SLV,1976,58.99613899613899,North America,-0.2604557280816451
El Salvador,SLV,1977,59.18436293436293,North America,0.1882239382239419
El Salvador,SLV,1978,60.91698841698842,North America,1.7326254826254868
El Salvador,SLV,1979,63.07915057915058,North America,2.1621621621621614
El Salvador,SLV,1980,63.31563706563706,North America,0.23648648648648418
El Salvador,SLV,1981,61.13899613899613,North America,-2.1766409266409354
El Salvador,SLV,1982,59.49324324324324,North America,-1.645752895752885
El Salvador,SLV,1983,59.05405405405405,North America,-0.43918918918919303
El Salvador,SLV,1984,59.29054054054054,North America,0.2364864864864913
El Salvador,SLV,1985,60.00482625482626,North America,0.7142857142857224
El Salvador,SLV,1986,60.72393822393822,North America,0.7191119691119567
El Salvador,SLV,1987,60.47779922779922,North America,-0.24613899613900259
El Salvador,SLV,1988,61.1969111969112,North America,0.7191119691119852
El Salvador,SLV,1989,60.9507722007722,North America,-0.24613899613900259
El Salvador,SLV,1990,61.33204633204633,North America,0.38127413127413234
El Salvador,SLV,1991,61.9546332046332,North America,0.6225868725868651
El Salvador,SLV,1992,62.81370656370656,North America,0.8590733590733635
El Salvador,SLV,1993,62.56756756756757,North America,-0.24613899613898838
El Salvador,SLV,1994,62.46621621621622,North America,-0.10135135135135442
El Salvador,SLV,1995,62.26833976833976,North America,-0.1978764478764603
El Salvador,SLV,1996,60.13996138996139,North America,-2.1283783783783647
El Salvador,SLV,1997,59.89382239382239,North America,-0.24613899613900259
El Salvador,SLV,1998,61.28378378378378,North America,1.3899613899613925
El Salvador,SLV,1999,62.53378378378378,North America,1.25
El Salvador,SLV,2000,62.09942084942085,North America,-0.4343629343629303
El Salvador,SLV,2001,61.66505791505792,North America,-0.4343629343629303
El Salvador,SLV,2002,60.98938223938224,North America,-0.6756756756756843
El Salvador,SLV,2003,60.55501930501931,North America,-0.4343629343629303
El Salvador,SLV,2004,61.80984555984556,North America,1.2548262548262556
El Salvador,SLV,2005,58.81274131274131,North America,-2.9971042471042537
El Salvador,SLV,2006,58.73069498069498,North America,-0.08204633204633183
El Salvador,SLV,2007,59.90830115830116,North America,1.1776061776061795
El Salvador,SLV,2008,59.72490347490348,North America,-0.18339768339767915
El Salvador,SLV,2009,59.54150579150579,North America,-0.18339768339768625
El Salvador,SLV,2010,59.35810810810811,North America,-0.18339768339767915
El Salvador,SLV,2011,59.16988416988417,North America,-0.1882239382239419
El Salvador,SLV,2012,58.98648648648649,North America,-0.18339768339767915
El Salvador,SLV,2013,58.8030888030888,North America,-0.18339768339769336
El Salvador,SLV,2014,58.6003861003861,North America,-0.20270270270269464
El Salvador,SLV,2015,59.02509652509652,North America,0.424710424710419
El Salvador,SLV,2016,58.59555984555984,North America,-0.42953667953668173
El Salvador,SLV,2017,58.16602316602316,North America,-0.42953667953668173
El Salvador,SLV,2018,57.70752895752895,North America,-0.4584942084942085
El Salvador,SLV,2019,57.70752895752895,North America,0.0
El Salvador,SLV,2020,57.70752895752895,North America,0.0
El Salvador,SLV,2021,57.70752895752895,North America,0.0
El Salvador,SLV,2022,57.70752895752895,North America,0.0
El Salvador,SLV,2023,57.70752895752895,North America,0.0
Equatorial Guinea,GNQ,1961,5.235294117647059,Africa,
Equatorial Guinea,GNQ,1962,5.163992869875223,Africa,-0.071301247771836
Equatorial Guinea,GNQ,1963,5.128342245989305,Africa,-0.035650623885917554
Equatorial Guinea,GNQ,1964,5.057040998217468,Africa,-0.07130124777183688
Equatorial Guinea,GNQ,1965,5.021390374331551,Africa,-0.035650623885917554
Equatorial Guinea,GNQ,1966,4.950089126559715,Africa,-0.071301247771836
Equatorial Guinea,GNQ,1967,4.9144385026737964,Africa,-0.03565062388591844
Equatorial Guinea,GNQ,1968,4.8431372549019605,Africa,-0.071301247771836
Equatorial Guinea,GNQ,1969,4.807486631016043,Africa,-0.035650623885917554
Equatorial Guinea,GNQ,1970,4.736185383244207,Africa,-0.071301247771836
Equatorial Guinea,GNQ,1971,4.7005347593582885,Africa,-0.03565062388591844
Equatorial Guinea,GNQ,1972,4.629233511586453,Africa,-0.07130124777183511
Equatorial Guinea,GNQ,1973,4.593582887700535,Africa,-0.03565062388591844
Equatorial Guinea,GNQ,1974,4.522281639928698,Africa,-0.07130124777183688
Equatorial Guinea,GNQ,1975,4.486631016042781,Africa,-0.035650623885916666
Equatorial Guinea,GNQ,1976,4.4153297682709445,Africa,-0.07130124777183688
Equatorial Guinea,GNQ,1977,4.379679144385027,Africa,-0.035650623885917554
Equatorial Guinea,GNQ,1978,4.308377896613191,Africa,-0.071301247771836
Equatorial Guinea,GNQ,1979,4.2727272727272725,Africa,-0.03565062388591844
Equatorial Guinea,GNQ,1980,4.2014260249554365,Africa,-0.071301247771836
Equatorial Guinea,GNQ,1981,4.165775401069519,Africa,-0.035650623885917554
Equatorial Guinea,GNQ,1982,4.094474153297683,Africa,-0.071301247771836
Equatorial Guinea,GNQ,1983,4.0588235294117645,Africa,-0.03565062388591844
Equatorial Guinea,GNQ,1984,3.844919786096257,Africa,-0.21390374331550754
Equatorial Guinea,GNQ,1985,3.844919786096257,Africa,0.0
Equatorial Guinea,GNQ,1986,3.844919786096257,Africa,0.0
Equatorial Guinea,GNQ,1987,3.844919786096257,Africa,0.0
Equatorial Guinea,GNQ,1988,3.844919786096257,Africa,0.0
Equatorial Guinea,GNQ,1989,3.844919786096257,Africa,0.0
Equatorial Guinea,GNQ,1990,3.702317290552585,Africa,-0.142602495543672
Equatorial Guinea,GNQ,1991,3.702317290552585,Africa,0.0
Equatorial Guinea,GNQ,1992,3.7379679144385034,Africa,0.03565062388591844
Equatorial Guinea,GNQ,1993,3.6666666666666665,Africa,-0.07130124777183688
Equatorial Guinea,GNQ,1994,3.6666666666666665,Africa,0.0
Equatorial Guinea,GNQ,1995,3.6666666666666665,Africa,0.0
Equatorial Guinea,GNQ,1996,3.702317290552585,Africa,0.03565062388591844
Equatorial Guinea,GNQ,1997,3.7379679144385034,Africa,0.03565062388591844
Equatorial Guinea,GNQ,1998,3.6666666666666665,Africa,-0.07130124777183688
Equatorial Guinea,GNQ,1999,3.6666666666666665,Africa,0.0
Equatorial Guinea,GNQ,2000,3.6666666666666665,Africa,0.0
Equatorial Guinea,GNQ,2001,3.6666666666666665,Africa,0.0
Equatorial Guinea,GNQ,2002,3.6666666666666665,Africa,0.0
Equatorial Guinea,GNQ,2003,3.6666666666666665,Africa,0.0
Equatorial Guinea,GNQ,2004,3.6666666666666665,Africa,0.0
Equatorial Guinea,GNQ,2005,3.671301247771836,Africa,0.004634581105169566
Equatorial Guinea,GNQ,2006,3.6759358288770057,Africa,0.004634581105169566
Equatorial Guinea,GNQ,2007,3.680570409982175,Africa,0.004634581105169566
Equatorial Guinea,GNQ,2008,3.685204991087344,Africa,0.004634581105168678
Equatorial Guinea,GNQ,2009,3.689839572192513,Africa,0.004634581105169122
Equatorial Guinea,GNQ,2010,3.6944741532976826,Africa,0.004634581105169566
Equatorial Guinea,GNQ,2011,3.699108734402852,Africa,0.004634581105169566
Equatorial Guinea,GNQ,2012,3.703743315508021,Africa,0.004634581105168678
Equatorial Guinea,GNQ,2013,3.708377896613191,Africa,0.00463458110517001
Equatorial Guinea,GNQ,2014,3.71301247771836,Africa,0.004634581105169122
Equatorial Guinea,GNQ,2015,3.7176470588235295,Africa,0.004634581105169566
Equatorial Guinea,GNQ,2016,3.722281639928698,Africa,0.004634581105168678
Equatorial Guinea,GNQ,2017,3.726916221033868,Africa,0.00463458110517001
Equatorial Guinea,GNQ,2018,3.731550802139037,Africa,0.004634581105168678
Equatorial Guinea,GNQ,2019,3.736185383244207,Africa,0.00463458110517001
Equatorial Guinea,GNQ,2020,3.740463458110517,Africa,0.004278074866310266
Equatorial Guinea,GNQ,2021,3.740463458110517,Africa,0.0
Equatorial Guinea,GNQ,2022,3.740463458110517,Africa,0.0
Equatorial Guinea,GNQ,2023,3.733333333333334,Africa,-0.007130124777183333
Eritrea,ERI,1993,73.26732673267327,Africa,
Eritrea,ERI,1994,73.32673267326733,Africa,0.059405940594061235
Eritrea,ERI,1995,73.33663366336634,Africa,0.009900990099012574
Eritrea,ERI,1996,72.65346534653465,Africa,-0.6831683168316971
Eritrea,ERI,1997,72.87128712871286,Africa,0.2178217821782198
Eritrea,ERI,1998,73.93069306930693,Africa,1.0594059405940612
Eritrea,ERI,1999,73.93069306930693,Africa,0.0
Eritrea,ERI,2000,74.55445544554455,Africa,0.6237623762376217
Eritrea,ERI,2001,74.57425742574257,Africa,0.01980198019802515
Eritrea,ERI,2002,74.57425742574257,Africa,0.0
Eritrea,ERI,2003,74.92079207920793,Africa,0.34653465346535484
Eritrea,ERI,2004,61.99237287172434,Africa,-12.928419207483586
Eritrea,ERI,2005,62.15228042434688,Africa,0.15990755262253487
Eritrea,ERI,2006,62.57642772247812,Africa,0.4241472981312455
Eritrea,ERI,2007,62.56165384061878,Africa,-0.014773881859341031
Eritrea,ERI,2008,62.54879189883115,Africa,-0.012861941787633668
Eritrea,ERI,2009,62.70773589457541,Africa,0.15894399574425933
Eritrea,ERI,2010,62.71006104872351,Africa,0.0023251541481030813
Eritrea,ERI,2011,62.69769086931595,Africa,-0.012370179407561466
Eritrea,ERI,2012,62.701247715187016,Africa,0.0035568458710670825
Eritrea,ERI,2013,62.7182592530622,Africa,0.0170115378751845
Eritrea,ERI,2014,62.72504375447723,Africa,0.0067845014150265115
Eritrea,ERI,2015,62.69780167484559,Africa,-0.027242079631633942
Eritrea,ERI,2016,62.703661463526416,Africa,0.0058597886808229305
Eritrea,ERI,2017,62.70688595366002,Africa,0.003224490133604263
Eritrea,ERI,2018,62.70352940426345,Africa,-0.0033565493965710402
Eritrea,ERI,2019,62.70206280701773,Africa,-0.0014665972457166276
Eritrea,ERI,2020,62.722637168983695,Africa,0.02057436196596285
Eritrea,ERI,2021,62.65153303151887,Africa,-0.0711041374648218
Eritrea,ERI,2022,62.65153303151887,Africa,0.0
Eritrea,ERI,2023,62.65153303151887,Africa,0.0
Estonia,EST,1992,32.41330502477,Europe,
Estonia,EST,1993,31.139419674451524,Europe,-1.2738853503184728
Estonia,EST,1994,25.97310686482661,Europe,-5.1663128096249125
Estonia,EST,1995,23.37815522528898,Europe,-2.59495163953763
Estonia,EST,1996,23.70842179759377,Europe,0.3302665723047866
Estonia,EST,1997,24.13305024769993,Europe,0.42462845010616235
Estonia,EST,1998,24.60485963670677,Europe,0.47180938900683955
Estonia,EST,1999,23.614059919792403,Europe,-0.990799716914367
Estonia,EST,2000,23.260202878037276,Europe,-0.353857041755127
Estonia,EST,2001,20.995517810804436,Europe,-2.26468506723284
Estonia,EST,2002,16.470865770228826,Europe,-4.52465204057561
Estonia,EST,2003,19.549422033498463,Europe,3.078556263269636
Estonia,EST,2004,18.174097664543524,Europe,-1.3753243689549386
Estonia,EST,2005,20.804435008256664,Europe,2.6303373437131405
Estonia,EST,2006,21.196036801132344,Europe,0.3916017928756794
Estonia,EST,2007,21.57584335928285,Europe,0.3798065581505057
Estonia,EST,2008,21.391837697570185,Europe,-0.1840056617126642
Estonia,EST,2009,21.98159943382873,Europe,0.589761736258545
Estonia,EST,2010,22.38263741448455,Europe,0.4010379806558184
Estonia,EST,2011,22.31658410002359,Europe,-0.06605331446095875
Estonia,EST,2012,22.550129747581977,Europe,0.2335456475583868
Estonia,EST,2013,22.199217851391765,Europe,-0.3509118961902118
Estonia,EST,2014,22.406257188865887,Europe,0.2070393374741215
Estonia,EST,2015,22.843340234644582,Europe,0.43708304577869583
Estonia,EST,2016,23.07338394294916,Europe,0.23004370830457788
Estonia,EST,2017,22.970760233918128,Europe,-0.10262370903103246
Estonia,EST,2018,23.04093567251462,Europe,0.07017543859649322
Estonia,EST,2019,23.120467836257312,Europe,0.0795321637426909
Estonia,EST,2020,23.04093567251462,Europe,-0.0795321637426909
Estonia,EST,2021,23.087719298245617,Europe,0.04678362573099548
Estonia,EST,2022,23.07512286449801,Europe,-0.012596433747606994
Estonia,EST,2023,23.12192838754973,Europe,0.046805523051720144
Eswatini,SWZ,1961,85.34883720930233,Africa,
Eswatini,SWZ,1962,85.93023255813954,Africa,0.581395348837205
Eswatini,SWZ,1963,85.69767441860465,Africa,-0.2325581395348877
Eswatini,SWZ,1964,85.87209302325581,Africa,0.17441860465116577
Eswatini,SWZ,1965,86.27906976744187,Africa,0.40697674418605345
Eswatini,SWZ,1966,86.80232558139535,Africa,0.5232558139534831
Eswatini,SWZ,1967,87.03488372093024,Africa,0.2325581395348877
Eswatini,SWZ,1968,87.09302325581395,Africa,0.05813953488370771
Eswatini,SWZ,1969,86.86046511627907,Africa,-0.23255813953487348
Eswatini,SWZ,1970,86.86046511627907,Africa,0.0
Eswatini,SWZ,1971,86.86046511627907,Africa,0.0
Eswatini,SWZ,1972,87.96511627906976,Africa,1.104651162790688
Eswatini,SWZ,1973,87.96511627906976,Africa,0.0
Eswatini,SWZ,1974,86.16279069767442,Africa,-1.802325581395337
Eswatini,SWZ,1975,76.33720930232558,Africa,-9.825581395348848
Eswatini,SWZ,1976,79.7093023255814,Africa,3.372093023255829
Eswatini,SWZ,1977,80.98837209302326,Africa,1.2790697674418539
Eswatini,SWZ,1978,80.98837209302326,Africa,0.0
Eswatini,SWZ,1979,77.90697674418605,Africa,-3.081395348837205
Eswatini,SWZ,1980,75.05813953488372,Africa,-2.8488372093023315
Eswatini,SWZ,1981,74.65116279069768,Africa,-0.40697674418603924
Eswatini,SWZ,1982,74.76744186046511,Africa,0.11627906976742963
Eswatini,SWZ,1983,74.88372093023256,Africa,0.11627906976744384
Eswatini,SWZ,1984,73.77906976744187,Africa,-1.104651162790688
Eswatini,SWZ,1985,74.65116279069768,Africa,0.8720930232558146
Eswatini,SWZ,1986,77.26744186046511,Africa,2.6162790697674296
Eswatini,SWZ,1987,75.98837209302326,Africa,-1.2790697674418539
Eswatini,SWZ,1988,74.70930232558139,Africa,-1.279069767441868
Eswatini,SWZ,1989,73.48837209302326,Africa,-1.220930232558132
Eswatini,SWZ,1990,71.97674418604652,Africa,-1.5116279069767415
Eswatini,SWZ,1991,71.33720930232558,Africa,-0.6395348837209411
Eswatini,SWZ,1992,71.1046511627907,Africa,-0.23255813953487348
Eswatini,SWZ,1993,71.04651162790697,Africa,-0.05813953488373613
Eswatini,SWZ,1994,71.04651162790697,Africa,0.0
Eswatini,SWZ,1995,71.04651162790697,Africa,0.0
Eswatini,SWZ,1996,71.04651162790697,Africa,0.0
Eswatini,SWZ,1997,71.1046511627907,Africa,0.05813953488373613
Eswatini,SWZ,1998,71.1046511627907,Africa,0.0
Eswatini,SWZ,1999,71.1046511627907,Africa,0.0
Eswatini,SWZ,2000,71.1046511627907,Africa,0.0
Eswatini,SWZ,2001,71.16279069767441,Africa,0.05813953488370771
Eswatini,SWZ,2002,71.16279069767441,Africa,0.0
Eswatini,SWZ,2003,71.16279069767441,Africa,0.0
Eswatini,SWZ,2004,71.16279069767441,Africa,0.0
Eswatini,SWZ,2005,71.16279069767441,Africa,0.0
Eswatini,SWZ,2006,71.1046511627907,Africa,-0.05813953488370771
Eswatini,SWZ,2007,71.1046511627907,Africa,0.0
Eswatini,SWZ,2008,71.1046511627907,Africa,0.0
Eswatini,SWZ,2009,71.16279069767441,Africa,0.05813953488370771
Eswatini,SWZ,2010,70.99088953488373,Africa,-0.17190116279067524
Eswatini,SWZ,2011,70.98837209302326,Africa,-0.0025174418604763105
Eswatini,SWZ,2012,70.93023255813954,Africa,-0.05813953488372192
Eswatini,SWZ,2013,70.8573546511628,Africa,-0.07287790697674268
Eswatini,SWZ,2014,70.69767441860465,Africa,-0.159680232558145
Eswatini,SWZ,2015,70.46511627906978,Africa,-0.23255813953487348
Eswatini,SWZ,2016,70.23255813953489,Africa,-0.2325581395348877
Eswatini,SWZ,2017,70.0,Africa,-0.2325581395348877
Eswatini,SWZ,2018,69.82558139534883,Africa,-0.17441860465116577
Eswatini,SWZ,2019,69.59302325581396,Africa,-0.23255813953487348
Eswatini,SWZ,2020,69.47674418604652,Africa,-0.11627906976744384
Eswatini,SWZ,2021,69.47674418604652,Africa,0.0
Eswatini,SWZ,2022,69.47674418604652,Africa,0.0
Eswatini,SWZ,2023,69.47674418604652,Africa,0.0
Ethiopia,ETH,1993,30.54,Africa,
Ethiopia,ETH,1994,30.472,Africa,-0.06799999999999784
Ethiopia,ETH,1995,30.5,Africa,0.027999999999998693
Ethiopia,ETH,1996,30.5,Africa,0.0
Ethiopia,ETH,1997,30.492,Africa,-0.007999999999999119
Ethiopia,ETH,1998,30.449,Africa,-0.04299999999999926
Ethiopia,ETH,1999,30.557,Africa,0.10799999999999699
Ethiopia,ETH,2000,30.534,Africa,-0.022999999999999687
Ethiopia,ETH,2001,30.559,Africa,0.02500000000000213
Ethiopia,ETH,2002,30.498,Africa,-0.06099999999999994
Ethiopia,ETH,2003,31.607000000000003,Africa,1.1090000000000018
Ethiopia,ETH,2004,29.32932765300785,Africa,-2.2776723469921514
Ethiopia,ETH,2005,29.76342898519032,Africa,0.43410133218246827
Ethiopia,ETH,2006,30.31951070570502,Africa,0.5560817205147011
Ethiopia,ETH,2007,31.07924005645068,Africa,0.7597293507456584
Ethiopia,ETH,2008,30.581224016304557,Africa,-0.49801604014612266
Ethiopia,ETH,2009,30.99889543452769,Africa,0.4176714182231329
Ethiopia,ETH,2010,31.61786010804814,Africa,0.6189646735204519
Ethiopia,ETH,2011,32.186781367053015,Africa,0.568921259004874
Ethiopia,ETH,2012,32.3308335299665,Africa,0.1440521629134821
Ethiopia,ETH,2013,32.591401116508194,Africa,0.260567586541697
Ethiopia,ETH,2014,32.746114154920576,Africa,0.15471303841238182
Ethiopia,ETH,2015,32.96711040837387,Africa,0.22099625345329343
Ethiopia,ETH,2016,33.108247379289594,Africa,0.1411369709157242
Ethiopia,ETH,2017,33.26392881219204,Africa,0.15568143290244763
Ethiopia,ETH,2018,33.58523514981108,Africa,0.3213063376190419
Ethiopia,ETH,2019,33.83925635509475,Africa,0.2540212052836637
Ethiopia,ETH,2020,34.092747698550575,Africa,0.2534913434558277
Ethiopia,ETH,2021,34.35547063302123,Africa,0.2627229344706521
Ethiopia,ETH,2022,34.07795648519963,Africa,-0.27751414782159856
Ethiopia,ETH,2023,34.07795648519963,Africa,0.0
Euro area,EMU,1961,55.68172671851624,Other,
Euro area,EMU,1962,55.65106671103171,Other,-0.030660007484527796
Euro area,EMU,1963,55.56228130370169,Other,-0.08878540733002183
Euro area,EMU,1964,55.30563339260658,Other,-0.2566479110951079
Euro area,EMU,1965,55.14768664227696,Other,-0.15794675032962147
Euro area,EMU,1966,55.01965310628609,Other,-0.1280335359908662
Euro area,EMU,1967,54.97741780504218,Other,-0.04223530124391317
Euro area,EMU,1968,54.6532266027633,Other,-0.32419120227888243
Euro area,EMU,1969,54.6867493173066,Other,0.03352271454330236
Euro area,EMU,1970,54.08798716843422,Other,-0.5987621488723818
Euro area,EMU,1971,53.26834020244733,Other,-0.819646965986891
Euro area,EMU,1972,53.07164318555403,Other,-0.196697016893296
Euro area,EMU,1973,52.844120207143824,Other,-0.22752297841020663
Euro area,EMU,1974,52.68965047986206,Other,-0.15446972728176434
Euro area,EMU,1975,52.519504961504566,Other,-0.17014551835749359
Euro area,EMU,1976,52.20464247067337,Other,-0.3148624908311959
Euro area,EMU,1977,52.1562065105271,Other,-0.048435960146271384
Euro area,EMU,1978,52.16592477519195,Other,0.009718264664847709
Euro area,EMU,1979,52.02260021094858,Other,-0.1433245642433647
Euro area,EMU,1980,51.87983714495792,Other,-0.14276306599066402
Euro area,EMU,1981,51.82337158805072,Other,-0.05646555690719879
Euro area,EMU,1982,51.74635869254012,Other,-0.07701289551059887
Euro area,EMU,1983,51.31778339521552,Other,-0.4285752973245991
Euro area,EMU,1984,51.214913405417335,Other,-0.10286998979818662
Euro area,EMU,1985,51.11943487999416,Other,-0.09547852542317514
Euro area,EMU,1986,50.99296006665654,Other,-0.1264748133376159
Euro area,EMU,1987,50.91843619370564,Other,-0.07452387295090546
Euro area,EMU,1988,50.5981412185898,Other,-0.3202949751158357
Euro area,EMU,1989,50.565568144944784,Other,-0.03257307364501827
Euro area,EMU,1990,50.31925761608255,Other,-0.2463105288622316
Euro area,EMU,1991,49.45219144170499,Other,-0.8670661743775625
Euro area,EMU,1992,48.56961843551816,Other,-0.8825730061868313
Euro area,EMU,1993,48.45219317517601,Other,-0.11742526034214507
Euro area,EMU,1994,48.30852082610712,Other,-0.14367234906889337
Euro area,EMU,1995,47.721778067012345,Other,-0.5867427590947756
Euro area,EMU,1996,47.62462135976958,Other,-0.09715670724276748
Euro area,EMU,1997,47.388834616678814,Other,-0.2357867430907632
Euro area,EMU,1998,47.41707242763955,Other,0.028237810960739296
Euro area,EMU,1999,47.36518436005676,Other,-0.051888067582794406
Euro area,EMU,2000,46.81910702776056,Other,-0.5460773322961998
Euro area,EMU,2001,46.25843850791646,Other,-0.5606685198440999
Euro area,EMU,2002,45.95905065689772,Other,-0.2993878510187358
Euro area,EMU,2003,45.56513131534636,Other,-0.39391934155136
Euro area,EMU,2004,45.35185609301076,Other,-0.2132752223356036
Euro area,EMU,2005,45.45251670223683,Other,0.10066060922606823
Euro area,EMU,2006,44.94216847867398,Other,-0.5103482235628505
Euro area,EMU,2007,44.53409610444754,Other,-0.4080723742264354
Euro area,EMU,2008,44.82146333980009,Other,0.2873672353525478
Euro area,EMU,2009,44.497035673576384,Other,-0.32442766622370556
Euro area,EMU,2010,44.30653930589526,Other,-0.19049636768112777
Euro area,EMU,2011,43.87451865807836,Other,-0.4320206478168984
Euro area,EMU,2012,43.72966791089904,Other,-0.14485074717931923
Euro area,EMU,2013,43.61818618717264,Other,-0.1114817237263992
Euro area,EMU,2014,43.03274548054016,Other,-0.5854407066324825
Euro area,EMU,2015,42.980349199672816,Other,-0.052396280867341716
Euro area,EMU,2016,42.74128515081297,Other,-0.239064048859845
Euro area,EMU,2017,42.726214995305256,Other,-0.015070155507714844
Euro area,EMU,2018,42.51224035168995,Other,-0.21397464361530893
Euro area,EMU,2019,42.812102371831,Other,0.299862020141056
Euro area,EMU,2020,42.42709249056623,Other,-0.38500988126477154
Euro area,EMU,2021,42.35900479181458,Other,-0.0680876987516541
Euro area,EMU,2022,42.6163618554284,Other,0.25735706361382427
European Union,EUU,1961,52.653368310959465,Other,
European Union,EUU,1962,52.60083678502729,Other,-0.05253152593217436
European Union,EUU,1963,52.456042537840105,Other,-0.14479424718718548
European Union,EUU,1964,52.27840375559429,Other,-0.17763878224581475
European Union,EUU,1965,52.09782221646472,Other,-0.18058153912956953
European Union,EUU,1966,52.00377855870167,Other,-0.09404365776305212
European Union,EUU,1967,51.94973542699604,Other,-0.054043131705626024
European Union,EUU,1968,51.74058318298359,Other,-0.2091522440124507
European Union,EUU,1969,51.735242276987336,Other,-0.00534090599625614
European Union,EUU,1970,51.31028227128333,Other,-0.4249600057040084
European Union,EUU,1971,50.74139281088355,Other,-0.5688894603997738
European Union,EUU,1972,50.56945362533675,Other,-0.17193918554680465
European Union,EUU,1973,50.38324412718915,Other,-0.18620949814759769
European Union,EUU,1974,50.2579568296909,Other,-0.12528729749825374
European Union,EUU,1975,50.11180686192552,Other,-0.1461499677653748
European Union,EUU,1976,49.96186411361765,Other,-0.1499427483078719
European Union,EUU,1977,49.90864556496104,Other,-0.053218548656609244
European Union,EUU,1978,49.89582086390803,Other,-0.012824701053013143
European Union,EUU,1979,49.76398253629062,Other,-0.13183832761740888
European Union,EUU,1980,49.63636585692436,Other,-0.12761667936626253
European Union,EUU,1981,49.54911908538125,Other,-0.08724677154310712
European Union,EUU,1982,49.485102931701554,Other,-0.06401615367969526
European Union,EUU,1983,49.17700989893907,Other,-0.30809303276248556
European Union,EUU,1984,49.11722550155647,Other,-0.05978439738260022
European Union,EUU,1985,49.01064439504539,Other,-0.10658110651107933
European Union,EUU,1986,48.9066506137511,Other,-0.10399378129429238
European Union,EUU,1987,48.854180771182605,Other,-0.05246984256849174
European Union,EUU,1988,48.61731147395403,Other,-0.23686929722857286
European Union,EUU,1989,48.49671166590885,Other,-0.12059980804518489
European Union,EUU,1990,48.327904328706005,Other,-0.1688073372028427
European Union,EUU,1991,47.71822515510195,Other,-0.6096791736040572
European Union,EUU,1992,47.11962072950143,Other,-0.5986044256005201
European Union,EUU,1993,47.20165879374629,Other,0.0820380642448626
European Union,EUU,1994,47.098312550206096,Other,-0.1033462435401944
European Union,EUU,1995,46.67782375964117,Other,-0.4204887905649244
European Union,EUU,1996,46.57641910574997,Other,-0.10140465389120124
European Union,EUU,1997,46.411950424185655,Other,-0.1644686815643155
European Union,EUU,1998,46.26263940186905,Other,-0.14931102231660276
European Union,EUU,1999,46.22360240076158,Other,-0.03903700110747366
European Union,EUU,2000,45.71174073534928,Other,-0.5118616654122974
European Union,EUU,2001,45.16512188496927,Other,-0.546618850380014
European Union,EUU,2002,44.57633173314353,Other,-0.5887901518257337
European Union,EUU,2003,44.12329892398,Other,-0.45303280916353117
European Union,EUU,2004,43.84223514296223,Other,-0.28106378101777096
European Union,EUU,2005,43.82415832135643,Other,-0.018076821605802706
European Union,EUU,2006,43.398003080413815,Other,-0.42615524094261303
European Union,EUU,2007,42.86477965062118,Other,-0.5332234297926348
European Union,EUU,2008,43.07125078180832,Other,0.20647113118713634
European Union,EUU,2009,42.80285638118014,Other,-0.2683944006281749
European Union,EUU,2010,42.40377959160856,Other,-0.39907678957158055
European Union,EUU,2011,42.16213821745869,Other,-0.24164137414987152
European Union,EUU,2012,41.92994274407485,Other,-0.2321954733838396
European Union,EUU,2013,41.81623034791176,Other,-0.1137123961630877
European Union,EUU,2014,41.39435409590399,Other,-0.42187625200777035
European Union,EUU,2015,41.34900293984949,Other,-0.04535115605450102
European Union,EUU,2016,41.10315376310351,Other,-0.24584917674597762
European Union,EUU,2017,41.09358471750876,Other,-0.009569045594751913
European Union,EUU,2018,40.96533049097249,Other,-0.12825422653627072
European Union,EUU,2019,41.2743552952453,Other,0.3090248042728092
European Union,EUU,2020,40.77967139676131,Other,-0.4946838984839914
European Union,EUU,2021,40.714601653722085,Other,-0.06506974303922419
European Union,EUU,2022,40.71130157921692,Other,-0.0033000745051623426
Faroe Islands,FRO,1961,69.14899713467048,Europe,
Faroe Islands,FRO,1962,69.14899713467048,Europe,0.0
Faroe Islands,FRO,1963,69.14899713467048,Europe,0.0
Faroe Islands,FRO,1964,69.14899713467048,Europe,0.0
Faroe Islands,FRO,1965,69.14899713467048,Europe,0.0
Faroe Islands,FRO,1966,69.14899713467048,Europe,0.0
Faroe Islands,FRO,1967,69.14899713467048,Europe,0.0
Faroe Islands,FRO,1968,69.14899713467048,Europe,0.0
Faroe Islands,FRO,1969,69.14899713467048,Europe,0.0
Faroe Islands,FRO,1970,69.14899713467048,Europe,0.0
Faroe Islands,FRO,1971,69.14899713467048,Europe,0.0
Faroe Islands,FRO,1972,69.14899713467048,Europe,0.0
Faroe Islands,FRO,1973,69.14899713467048,Europe,0.0
Faroe Islands,FRO,1974,69.14899713467048,Europe,0.0
Faroe Islands,FRO,1975,69.14899713467048,Europe,0.0
Faroe Islands,FRO,1976,69.14899713467048,Europe,0.0
Faroe Islands,FRO,1977,69.14899713467048,Europe,0.0
Faroe Islands,FRO,1978,69.14899713467048,Europe,0.0
Faroe Islands,FRO,1979,69.14899713467048,Europe,0.0
Faroe Islands,FRO,1980,69.14899713467048,Europe,0.0
Faroe Islands,FRO,1981,69.14899713467048,Europe,0.0
Faroe Islands,FRO,1982,69.14899713467048,Europe,0.0
Faroe Islands,FRO,1983,69.14899713467048,Europe,0.0
Faroe Islands,FRO,1984,69.14899713467048,Europe,0.0
Faroe Islands,FRO,1985,69.14899713467048,Europe,0.0
Faroe Islands,FRO,1986,69.14899713467048,Europe,0.0
Faroe Islands,FRO,1987,69.14899713467048,Europe,0.0
Faroe Islands,FRO,1988,69.14899713467048,Europe,0.0
Faroe Islands,FRO,1989,69.14899713467048,Europe,0.0
Faroe Islands,FRO,1990,69.14899713467048,Europe,0.0
Faroe Islands,FRO,1991,69.14899713467048,Europe,0.0
Faroe Islands,FRO,1992,69.14899713467048,Europe,0.0
Faroe Islands,FRO,1993,69.14899713467048,Europe,0.0
Faroe Islands,FRO,1994,69.14899713467048,Europe,0.0
Faroe Islands,FRO,1995,69.14326647564471,Europe,-0.005730659025772411
Faroe Islands,FRO,1996,69.12679083094557,Europe,-0.016475644699141867
Faroe Islands,FRO,1997,69.12679083094557,Europe,0.0
Faroe Islands,FRO,1998,69.12106017191977,Europe,-0.005730659025800833
Faroe Islands,FRO,1999,69.12106017191977,Europe,0.0
Faroe Islands,FRO,2000,69.12106017191977,Europe,0.0
Faroe Islands,FRO,2001,69.12106017191977,Europe,0.0
Faroe Islands,FRO,2002,69.15401146131805,Europe,0.032951289398283734
Faroe Islands,FRO,2003,69.15401146131805,Europe,0.0
Faroe Islands,FRO,2004,69.15401146131805,Europe,0.0
Faroe Islands,FRO,2005,69.15401146131805,Europe,0.0
Faroe Islands,FRO,2006,69.15401146131805,Europe,0.0
Faroe Islands,FRO,2007,69.15401146131805,Europe,0.0
Faroe Islands,FRO,2008,69.15401146131805,Europe,0.0
Faroe Islands,FRO,2009,69.06160458452723,Europe,-0.09240687679081816
Faroe Islands,FRO,2010,69.05085959885386,Europe,-0.010744985673369456
Faroe Islands,FRO,2011,69.05659025787966,Europe,0.005730659025800833
Faroe Islands,FRO,2012,69.05659025787966,Europe,0.0
Faroe Islands,FRO,2013,69.05659025787966,Europe,0.0
Faroe Islands,FRO,2014,69.067335243553,Europe,0.010744985673341034
Faroe Islands,FRO,2015,69.067335243553,Europe,0.0
Faroe Islands,FRO,2016,69.01862464183381,Europe,-0.04871060171919339
Faroe Islands,FRO,2017,69.01862464183381,Europe,0.0
Faroe Islands,FRO,2018,69.00787965616045,Europe,-0.010744985673355245
Faroe Islands,FRO,2019,69.00787965616045,Europe,0.0
Faroe Islands,FRO,2020,70.3294289897511,Europe,1.3215493335906388
Faroe Islands,FRO,2021,70.12408759124088,Europe,-0.20534139851021393
Faroe Islands,FRO,2022,70.07299270072993,Europe,-0.05109489051095295
Faroe Islands,FRO,2023,70.12408759124088,Europe,0.05109489051095295
Fiji,FJI,1961,12.424740010946907,Oceania,
Fiji,FJI,1962,12.424740010946907,Oceania,0.0
Fiji,FJI,1963,12.479474548440066,Oceania,0.05473453749315915
Fiji,FJI,1964,12.479474548440066,Oceania,0.0
Fiji,FJI,1965,12.205801860974274,Oceania,-0.2736726874657922
Fiji,FJI,1966,12.205801860974274,Oceania,0.0
Fiji,FJI,1967,12.096332785987958,Oceania,-0.10946907498631653
Fiji,FJI,1968,11.986863711001645,Oceania,-0.10946907498631298
Fiji,FJI,1969,12.096332785987958,Oceania,0.10946907498631298
Fiji,FJI,1970,12.096332785987958,Oceania,0.0
Fiji,FJI,1971,12.096332785987958,Oceania,0.0
Fiji,FJI,1972,12.588943623426385,Oceania,0.49261083743842704
Fiji,FJI,1973,12.862616310892172,Oceania,0.2736726874657869
Fiji,FJI,1974,13.136288998357964,Oceania,0.2736726874657922
Fiji,FJI,1975,13.409961685823754,Oceania,0.27367268746579043
Fiji,FJI,1976,14.230979748221127,Oceania,0.8210180623973731
Fiji,FJI,1977,14.77832512315271,Oceania,0.5473453749315826
Fiji,FJI,1978,15.32567049808429,Oceania,0.5473453749315809
Fiji,FJI,1979,15.599343185550085,Oceania,0.273672687465794
Fiji,FJI,1980,15.873015873015872,Oceania,0.2736726874657869
Fiji,FJI,1981,16.420361247947454,Oceania,0.5473453749315826
Fiji,FJI,1982,16.967706622879035,Oceania,0.5473453749315809
Fiji,FJI,1983,17.51505199781062,Oceania,0.5473453749315844
Fiji,FJI,1984,18.0623973727422,Oceania,0.5473453749315809
Fiji,FJI,1985,18.88341543513957,Oceania,0.8210180623973713
Fiji,FJI,1986,19.15708812260537,Oceania,0.27367268746579754
Fiji,FJI,1987,19.978106185002737,Oceania,0.8210180623973677
Fiji,FJI,1988,20.79912424740011,Oceania,0.8210180623973713
Fiji,FJI,1989,21.620142309797483,Oceania,0.8210180623973748
Fiji,FJI,1990,22.44116037219485,Oceania,0.8210180623973677
Fiji,FJI,1991,23.20744389709907,Oceania,0.7662835249042175
Fiji,FJI,1992,22.889983579638752,Oceania,-0.31746031746031633
Fiji,FJI,1993,22.57252326217844,Oceania,-0.3174603174603128
Fiji,FJI,1994,22.25506294471812,Oceania,-0.3174603174603199
Fiji,FJI,1995,21.9376026272578,Oceania,-0.3174603174603199
Fiji,FJI,1996,21.620142309797483,Oceania,-0.31746031746031633
Fiji,FJI,1997,21.302681992337163,Oceania,-0.3174603174603199
Fiji,FJI,1998,20.985221674876847,Oceania,-0.31746031746031633
Fiji,FJI,1999,20.66776135741653,Oceania,-0.31746031746031633
Fiji,FJI,2000,20.35030103995621,Oceania,-0.3174603174603199
Fiji,FJI,2001,20.03284072249589,Oceania,-0.3174603174603199
Fiji,FJI,2002,19.71538040503557,Oceania,-0.3174603174603199
Fiji,FJI,2003,19.397920087575255,Oceania,-0.31746031746031633
Fiji,FJI,2004,19.080459770114945,Oceania,-0.3174603174603092
Fiji,FJI,2005,18.762999452654626,Oceania,-0.3174603174603199
Fiji,FJI,2006,18.44553913519431,Oceania,-0.31746031746031633
Fiji,FJI,2007,18.12807881773399,Oceania,-0.3174603174603199
Fiji,FJI,2008,17.810618500273673,Oceania,-0.31746031746031633
Fiji,FJI,2009,17.504105090311985,Oceania,-0.3065134099616884
Fiji,FJI,2010,17.465790914066776,Oceania,-0.03831417624520839
Fiji,FJI,2011,17.427476737821564,Oceania,-0.03831417624521194
Fiji,FJI,2012,17.389162561576356,Oceania,-0.03831417624520839
Fiji,FJI,2013,17.350848385331144,Oceania,-0.03831417624521194
Fiji,FJI,2014,17.312534209085932,Oceania,-0.03831417624521194
Fiji,FJI,2015,17.274220032840724,Oceania,-0.03831417624520839
Fiji,FJI,2016,17.23590585659551,Oceania,-0.03831417624521194
Fiji,FJI,2017,17.197591680350303,Oceania,-0.03831417624520839
Fiji,FJI,2018,17.15927750410509,Oceania,-0.03831417624521194
Fiji,FJI,2019,17.12096332785988,Oceania,-0.03831417624521194
Fiji,FJI,2020,17.05528188286809,Oceania,-0.06568144499178885
Fiji,FJI,2021,17.05528188286809,Oceania,0.0
Fiji,FJI,2022,17.05528188286809,Oceania,0.0
Fiji,FJI,2023,17.05528188286809,Oceania,0.0
Finland,FIN,1961,9.080074854722742,Europe,
Finland,FIN,1962,9.143767031090974,Europe,0.06369217636823166
Finland,FIN,1963,9.21402541120851,Europe,0.07025838011753649
Finland,FIN,1964,9.276732657014348,Europe,0.06270724580583753
Finland,FIN,1965,9.3289339768213,Europe,0.05220131980695264
Finland,FIN,1966,9.387701500377558,Europe,0.05876752355625747
Finland,FIN,1967,9.433664926622672,Europe,0.04596342624511429
Finland,FIN,1968,9.475360320430742,Europe,0.041695393808069525
Finland,FIN,1969,9.079418234347813,Europe,-0.395942086082929
Finland,FIN,1970,8.94382612692472,Europe,-0.13559210742309347
Finland,FIN,1971,8.876522538494369,Europe,-0.06730358843035056
Finland,FIN,1972,8.581043369775763,Europe,-0.2954791687186056
Finland,FIN,1973,8.477297350536787,Europe,-0.10374601923897586
Finland,FIN,1974,8.553793624216159,Europe,0.07649627367937128
Finland,FIN,1975,8.58137167996323,Europe,0.027578055747071062
Finland,FIN,1976,8.575133786401393,Europe,-0.006237893561836572
Finland,FIN,1977,8.528185429593881,Europe,-0.04694835680751197
Finland,FIN,1978,8.487146656160741,Europe,-0.04103877343314011
Finland,FIN,1979,8.429364063166881,Europe,-0.057782592993859794
Finland,FIN,1980,8.325946354115368,Europe,-0.10341770905151293
Finland,FIN,1981,8.2625824879346,Europe,-0.06336386618076872
Finland,FIN,1982,8.167372533569717,Europe,-0.09520995436488278
Finland,FIN,1983,8.044912833645228,Europe,-0.12245969992448913
Finland,FIN,1984,7.963820217341344,Europe,-0.08109261630388342
Finland,FIN,1985,7.9070225549098785,Europe,-0.05679766243146567
Finland,FIN,1986,7.857776026790112,Europe,-0.04924652811976671
Finland,FIN,1987,7.905709314160019,Europe,0.047933287369906985
Finland,FIN,1988,7.791457368922158,Europe,-0.11425194523786075
Finland,FIN,1989,7.832824452542762,Europe,0.04136708362060393
Finland,FIN,1990,7.856462786040251,Europe,0.023638333497489228
Finland,FIN,1991,7.960865425654158,Europe,0.10440263961390706
Finland,FIN,1992,7.900784661348041,Europe,-0.060080764306117196
Finland,FIN,1993,7.825929938605995,Europe,-0.07485472274204596
Finland,FIN,1994,7.918513411471157,Europe,0.09258347286516155
Finland,FIN,1995,7.367280606717226,Europe,-0.5512328047539308
Finland,FIN,1996,7.281919957976296,Europe,-0.08536064874092997
Finland,FIN,1997,7.058669030500016,Europe,-0.22325092747627995
Finland,FIN,1998,7.196559309235366,Europe,0.13789027873534998
Finland,FIN,1999,7.227420466857086,Europe,0.030861157621719926
Finland,FIN,2000,7.281919957976296,Europe,0.05449949111921004
Finland,FIN,2001,7.295052365474901,Europe,0.013132407498605225
Finland,FIN,2002,7.341015791720016,Europe,0.04596342624511518
Finland,FIN,2003,7.373846810466529,Europe,0.03283101874651262
Finland,FIN,2004,7.396828523589087,Europe,0.022981713122558034
Finland,FIN,2005,7.465117042581832,Europe,0.06828851899274468
Finland,FIN,2006,7.565683469797113,Europe,0.10056642721528153
Finland,FIN,2007,7.546778914137262,Europe,-0.018904555659851496
Finland,FIN,2008,7.556433037183284,Europe,0.009654123046022534
Finland,FIN,2009,7.556762092793683,Europe,0.0003290556103987541
Finland,FIN,2010,7.541625534715367,Europe,-0.015136558078316042
Finland,FIN,2011,7.52443318305966,Europe,-0.017192351655706872
Finland,FIN,2012,7.519497186481951,Europe,-0.004935996577708934
Finland,FIN,2013,7.431965513837244,Europe,-0.08753167264470729
Finland,FIN,2014,7.460265227549442,Europe,0.028299713712198304
Finland,FIN,2015,7.4805040966075484,Europe,0.020238869058106346
Finland,FIN,2016,7.4857688131354685,Europe,0.005264716527920044
Finland,FIN,2017,7.469070808107396,Europe,-0.01669800502807206
Finland,FIN,2018,7.475651487233483,Europe,0.006580679126086508
Finland,FIN,2019,7.481985983614649,Europe,0.0063344963811662325
Finland,FIN,2020,7.4685793248667505,Europe,-0.013406658747898703
Finland,FIN,2021,7.461810041661773,Europe,-0.00676928320497705
Finland,FIN,2022,7.455229962259954,Europe,-0.006580079401819816
Finland,FIN,2023,7.441768653770232,Europe,-0.013461308489721269
France,FRA,1961,64.08572223768438,Europe,
France,FRA,1962,63.9020317283607,Europe,-0.18369050932368225
France,FRA,1963,63.74246219500881,Europe,-0.15956953335188473
France,FRA,1964,63.28787457092495,Europe,-0.4545876240838638
France,FRA,1965,63.08748492439001,Europe,-0.20038964653493707
France,FRA,1966,62.79988867241859,Europe,-0.28759625197142213
France,FRA,1967,62.39725391965859,Europe,-0.40263475276000094
France,FRA,1968,61.56044159940626,Europe,-0.8368123202523279
France,FRA,1969,61.55116430095556,Europe,-0.009277298450697913
France,FRA,1970,60.29316263104184,Europe,-1.2580016699137246
France,FRA,1971,60.53066147137953,Europe,0.2374988403376932
France,FRA,1972,60.33027182484461,Europe,-0.20038964653492286
France,FRA,1973,60.22822154188701,Europe,-0.10205028295759888
France,FRA,1974,60.194823267464514,Europe,-0.03339827442249543
France,FRA,1975,60.03710919380276,Europe,-0.15771407366175083
France,FRA,1976,59.41367473791632,Europe,-0.6234344558864464
France,FRA,1977,59.20771871231098,Europe,-0.20595602560533877
France,FRA,1978,59.30234715650803,Europe,0.09462844419704908
France,FRA,1979,59.06670377586048,Europe,-0.2356433806475451
France,FRA,1980,58.85889229056499,Europe,-0.20781148529549398
France,FRA,1981,58.79395120141015,Europe,-0.06494108915483565
France,FRA,1982,58.71787735411448,Europe,-0.07607384729567457
France,FRA,1983,58.56758511921328,Europe,-0.15029223490120103
France,FRA,1984,58.46182391687541,Europe,-0.10576120233786668
France,FRA,1985,58.33936357732629,Europe,-0.1224603395491215
France,FRA,1986,58.25215697188979,Europe,-0.08720660543649927
France,FRA,1987,58.17422766490397,Europe,-0.07792930698582268
France,FRA,1988,57.203822246961685,Europe,-0.9704054179422812
France,FRA,1989,57.03850078857037,Europe,-0.1653214583913183
France,FRA,1990,56.7637072084609,Europe,-0.274793580109467
France,FRA,1991,56.56350310789499,Europe,-0.2002041005659123
France,FRA,1992,56.37684386306707,Europe,-0.18665924482791496
France,FRA,1993,56.204286111884215,Europe,-0.17255775118285754
France,FRA,1994,56.043974394656274,Europe,-0.16031171722794113
France,FRA,1995,55.942480749605714,Europe,-0.10149364505056013
France,FRA,1996,55.84247147230727,Europe,-0.10000927729844733
France,FRA,1997,55.737266907876425,Europe,-0.10520456443084214
France,FRA,1998,55.62668151034419,Europe,-0.11058539753223329
France,FRA,1999,55.53223861211615,Europe,-0.09444289822803853
France,FRA,2000,55.30642916782633,Europe,-0.22580944428982264
France,FRA,2001,55.13183041098432,Europe,-0.1745987568420091
France,FRA,2002,54.94146024677614,Europe,-0.19037016420818276
France,FRA,2003,54.80025976435662,Europe,-0.14120048241952077
France,FRA,2004,54.658873735968086,Europe,-0.14138602838853132
France,FRA,2005,54.53270247703868,Europe,-0.1261712589294035
France,FRA,2006,54.38853325911494,Europe,-0.14416921792373927
France,FRA,2007,54.19074125614621,Europe,-0.19779200296873256
France,FRA,2008,54.01261712589294,Europe,-0.17812413025327345
France,FRA,2009,53.84525466184247,Europe,-0.16736246405046984
France,FRA,2010,53.67158363484553,Europe,-0.17367102699693504
France,FRA,2011,53.583078207625945,Europe,-0.08850542721958732
France,FRA,2012,53.52036367009927,Europe,-0.06271453752667355
France,FRA,2013,53.38844048613044,Europe,-0.13192318396882996
France,FRA,2014,53.37508117636144,Europe,-0.013359309769001015
France,FRA,2015,53.30160497263197,Europe,-0.07347620372947006
France,FRA,2016,53.28513034604323,Europe,-0.016474626588738772
France,FRA,2017,53.24705260228222,Europe,-0.038077743761014915
France,FRA,2018,53.177660265330736,Europe,-0.06939233695148062
France,FRA,2019,52.915574914184994,Europe,-0.2620853511457426
France,FRA,2020,52.72967065590501,Europe,-0.18590425827998303
France,FRA,2021,52.74172724742555,Europe,0.012056591520540394
France,FRA,2022,52.673889229056506,Europe,-0.06783801836904502
France,FRA,2023,52.50439743946562,Europe,-0.16949178959088584
French Polynesia,PYF,1961,12.021857923497269,Oceania,
French Polynesia,PYF,1962,12.021857923497269,Oceania,0.0
French Polynesia,PYF,1963,12.021857923497269,Oceania,0.0
French Polynesia,PYF,1964,12.021857923497269,Oceania,0.0
French Polynesia,PYF,1965,11.947650273224044,Oceania,-0.07420765027322496
French Polynesia,PYF,1966,11.873415300546448,Oceania,-0.07423497267759593
French Polynesia,PYF,1967,11.799207650273225,Oceania,-0.07420765027322318
French Polynesia,PYF,1968,11.724972677595629,Oceania,-0.07423497267759593
French Polynesia,PYF,1969,11.650765027322404,Oceania,-0.07420765027322496
French Polynesia,PYF,1970,11.576530054644808,Oceania,-0.07423497267759593
French Polynesia,PYF,1971,11.502322404371585,Oceania,-0.07420765027322318
French Polynesia,PYF,1972,11.428087431693989,Oceania,-0.07423497267759593
French Polynesia,PYF,1973,11.353879781420764,Oceania,-0.07420765027322496
French Polynesia,PYF,1974,11.27964480874317,Oceania,-0.07423497267759416
French Polynesia,PYF,1975,11.205437158469946,Oceania,-0.07420765027322318
French Polynesia,PYF,1976,11.13122950819672,Oceania,-0.07420765027322673
French Polynesia,PYF,1977,11.056994535519124,Oceania,-0.07423497267759593
French Polynesia,PYF,1978,10.982786885245902,Oceania,-0.0742076502732214
French Polynesia,PYF,1979,10.908551912568306,Oceania,-0.07423497267759593
French Polynesia,PYF,1980,10.83434426229508,Oceania,-0.07420765027322673
French Polynesia,PYF,1981,10.760109289617487,Oceania,-0.07423497267759238
French Polynesia,PYF,1982,10.685901639344262,Oceania,-0.07420765027322496
French Polynesia,PYF,1983,10.611666666666666,Oceania,-0.07423497267759593
French Polynesia,PYF,1984,10.537459016393443,Oceania,-0.07420765027322318
French Polynesia,PYF,1985,10.463224043715847,Oceania,-0.07423497267759593
French Polynesia,PYF,1986,10.389016393442624,Oceania,-0.07420765027322318
French Polynesia,PYF,1987,10.04155737704918,Oceania,-0.3474590163934437
French Polynesia,PYF,1988,9.967349726775955,Oceania,-0.07420765027322496
French Polynesia,PYF,1989,9.893142076502732,Oceania,-0.07420765027322318
French Polynesia,PYF,1990,9.818907103825136,Oceania,-0.07423497267759593
French Polynesia,PYF,1991,9.744699453551911,Oceania,-0.07420765027322496
French Polynesia,PYF,1992,9.670464480874315,Oceania,-0.07423497267759593
French Polynesia,PYF,1993,9.596256830601094,Oceania,-0.0742076502732214
French Polynesia,PYF,1994,9.522021857923498,Oceania,-0.07423497267759593
French Polynesia,PYF,1995,9.447814207650271,Oceania,-0.07420765027322673
French Polynesia,PYF,1996,9.37357923497268,Oceania,-0.0742349726775906
French Polynesia,PYF,1997,9.299371584699452,Oceania,-0.07420765027322851
French Polynesia,PYF,1998,9.225136612021858,Oceania,-0.07423497267759416
French Polynesia,PYF,1999,9.150928961748637,Oceania,-0.0742076502732214
French Polynesia,PYF,2000,9.570959377700952,Oceania,0.42003041595231494
French Polynesia,PYF,2001,9.492682224142898,Oceania,-0.07827715355805331
French Polynesia,PYF,2002,9.99063670411985,Oceania,0.4979544799769524
French Polynesia,PYF,2003,9.9123595505618,Oceania,-0.07827715355805154
French Polynesia,PYF,2004,9.834111207144916,Oceania,-0.0782483434168828
French Polynesia,PYF,2005,9.75583405358686,Oceania,-0.07827715355805687
French Polynesia,PYF,2006,9.67758571016998,Oceania,-0.07824834341687925
French Polynesia,PYF,2007,9.599308556611929,Oceania,-0.07827715355805154
French Polynesia,PYF,2008,9.521060213195044,Oceania,-0.07824834341688458
French Polynesia,PYF,2009,9.298732353788534,Oceania,-0.22232785940651034
French Polynesia,PYF,2010,9.220484010371653,Oceania,-0.07824834341688103
French Polynesia,PYF,2011,9.430308268510515,Oceania,0.20982425813886252
French Polynesia,PYF,2012,9.352059925093632,Oceania,-0.0782483434168828
French Polynesia,PYF,2013,9.210746182656294,Oceania,-0.14131374243733852
French Polynesia,PYF,2014,9.069403630077788,Oceania,-0.14134255257850548
French Polynesia,PYF,2015,8.92808988764045,Oceania,-0.14131374243733852
French Polynesia,PYF,2016,8.786747335061941,Oceania,-0.14134255257850903
French Polynesia,PYF,2017,8.93353500432152,Oceania,0.1467876692595791
French Polynesia,PYF,2018,9.08029386343993,Oceania,0.14675885911841036
French Polynesia,PYF,2019,8.938980121002594,Oceania,-0.14131374243733674
French Polynesia,PYF,2020,9.085738980121002,Oceania,0.14675885911840858
French Polynesia,PYF,2021,8.944425237683665,Oceania,-0.14131374243733674
French Polynesia,PYF,2022,8.803082685105156,Oceania,-0.14134255257850903
French Polynesia,PYF,2023,8.66176894266782,Oceania,-0.14131374243733674
Gabon,GAB,1961,6.509799355765127,Africa,
Gabon,GAB,1962,6.568013350409438,Africa,0.05821399464431121
Gabon,GAB,1963,6.626227345053751,Africa,0.05821399464431298
Gabon,GAB,1964,6.684441339698063,Africa,0.058213994644312095
Gabon,GAB,1965,6.742655334342376,Africa,0.05821399464431298
Gabon,GAB,1966,6.800869328986689,Africa,0.05821399464431298
Gabon,GAB,1967,6.859083323631,Africa,0.05821399464431121
Gabon,GAB,1968,6.917297318275313,Africa,0.05821399464431298
Gabon,GAB,1969,6.975511312919626,Africa,0.05821399464431298
Gabon,GAB,1970,7.033725307563938,Africa,0.058213994644312095
Gabon,GAB,1971,7.111343967089688,Africa,0.07761865952574976
Gabon,GAB,1972,7.169557961734001,Africa,0.05821399464431298
Gabon,GAB,1973,7.24717662125975,Africa,0.07761865952574887
Gabon,GAB,1974,7.305390615904063,Africa,0.05821399464431298
Gabon,GAB,1975,7.379128342453526,Africa,0.07373772654946276
Gabon,GAB,1976,7.514960996623589,Africa,0.13583265417006363
Gabon,GAB,1977,7.604222455078201,Africa,0.08926145845461164
Gabon,GAB,1978,7.689602980556526,Africa,0.08538052547832464
Gabon,GAB,1979,7.697364846509101,Africa,0.007761865952575775
Gabon,GAB,1980,7.705126712461675,Africa,0.007761865952573999
Gabon,GAB,1981,7.712888578414251,Africa,0.007761865952575775
Gabon,GAB,1982,7.720650444366826,Africa,0.007761865952574887
Gabon,GAB,1983,7.728412310319401,Africa,0.007761865952574887
Gabon,GAB,1984,7.736174176271976,Africa,0.007761865952574887
Gabon,GAB,1985,7.74393604222455,Africa,0.007761865952573999
Gabon,GAB,1986,7.751697908177126,Africa,0.007761865952575775
Gabon,GAB,1987,7.759459774129701,Africa,0.007761865952575775
Gabon,GAB,1988,7.767221640082275,Africa,0.007761865952573999
Gabon,GAB,1989,7.774983506034851,Africa,0.007761865952575775
Gabon,GAB,1990,7.782745371987426,Africa,0.007761865952574887
Gabon,GAB,1991,7.806659680987309,Africa,0.023914308999883005
Gabon,GAB,1992,7.830573989987193,Africa,0.023914308999883893
Gabon,GAB,1993,7.854488298987077,Africa,0.023914308999883893
Gabon,GAB,1994,7.878402607986961,Africa,0.023914308999883893
Gabon,GAB,1995,7.902316916986845,Africa,0.023914308999883893
Gabon,GAB,1996,7.926231225986727,Africa,0.023914308999882117
Gabon,GAB,1997,7.950145534986611,Africa,0.023914308999883893
Gabon,GAB,1998,7.9740598439864945,Africa,0.023914308999883893
Gabon,GAB,1999,7.997974152986378,Africa,0.023914308999883893
Gabon,GAB,2000,8.021888461986261,Africa,0.023914308999883005
Gabon,GAB,2001,8.0415221019133,Africa,0.01963363992703826
Gabon,GAB,2002,8.061155741840338,Africa,0.01963363992703826
Gabon,GAB,2003,8.080789381767376,Africa,0.01963363992703826
Gabon,GAB,2004,8.100423021694416,Africa,0.019633639927040036
Gabon,GAB,2005,8.120056661621454,Africa,0.01963363992703826
Gabon,GAB,2006,8.139690301548493,Africa,0.01963363992703826
Gabon,GAB,2007,8.159323941475531,Africa,0.01963363992703826
Gabon,GAB,2008,8.17895758140257,Africa,0.01963363992703826
Gabon,GAB,2009,8.198591221329607,Africa,0.01963363992703826
Gabon,GAB,2010,8.218224861256646,Africa,0.01963363992703826
Gabon,GAB,2011,8.264338106880894,Africa,0.04611324562424812
Gabon,GAB,2012,8.310451352505142,Africa,0.04611324562424812
Gabon,GAB,2013,8.35656459812939,Africa,0.04611324562424812
Gabon,GAB,2014,8.35656459812939,Africa,0.0
Gabon,GAB,2015,8.35656459812939,Africa,0.0
Gabon,GAB,2016,8.35656459812939,Africa,0.0
Gabon,GAB,2017,8.35656459812939,Africa,0.0
Gabon,GAB,2018,8.35656459812939,Africa,0.0
Gabon,GAB,2019,8.35656459812939,Africa,0.0
Gabon,GAB,2020,8.35656459812939,Africa,0.0
Gabon,GAB,2021,8.35656459812939,Africa,0.0
Gabon,GAB,2022,8.35656459812939,Africa,0.0
Gabon,GAB,2023,8.35656459812939,Africa,0.0
"Gambia, The",GMB,1961,51.77865612648221,Africa,
"Gambia, The",GMB,1962,51.87747035573123,Africa,0.09881422924901528
"Gambia, The",GMB,1963,51.97628458498024,Africa,0.09881422924901528
"Gambia, The",GMB,1964,52.07509881422925,Africa,0.09881422924900818
"Gambia, The",GMB,1965,52.17391304347826,Africa,0.09881422924900818
"Gambia, The",GMB,1966,52.27272727272727,Africa,0.09881422924901528
"Gambia, The",GMB,1967,52.4703557312253,Africa,0.19762845849802346
"Gambia, The",GMB,1968,52.4703557312253,Africa,0.0
"Gambia, The",GMB,1969,52.66798418972331,Africa,0.19762845849801636
"Gambia, The",GMB,1970,52.76679841897233,Africa,0.09881422924901528
"Gambia, The",GMB,1971,53.063241106719374,Africa,0.29644268774704585
"Gambia, The",GMB,1972,53.55731225296443,Africa,0.4940711462450551
"Gambia, The",GMB,1973,54.051383399209485,Africa,0.4940711462450551
"Gambia, The",GMB,1974,56.7193675889328,Africa,2.667984189723313
"Gambia, The",GMB,1975,56.126482213438734,Africa,-0.5928853754940633
"Gambia, The",GMB,1976,56.02766798418972,Africa,-0.09881422924901528
"Gambia, The",GMB,1977,56.7193675889328,Africa,0.6916996047430786
"Gambia, The",GMB,1978,57.41106719367589,Africa,0.6916996047430928
"Gambia, The",GMB,1979,56.32411067193676,Africa,-1.0869565217391326
"Gambia, The",GMB,1980,55.63241106719368,Africa,-0.6916996047430786
"Gambia, The",GMB,1981,57.80632411067194,Africa,2.173913043478258
"Gambia, The",GMB,1982,59.88142292490119,Africa,2.07509881422925
"Gambia, The",GMB,1983,58.00395256916996,Africa,-1.8774703557312264
"Gambia, The",GMB,1984,56.62055335968379,Africa,-1.3833992094861713
"Gambia, The",GMB,1985,56.62055335968379,Africa,0.0
"Gambia, The",GMB,1986,57.31225296442688,Africa,0.6916996047430928
"Gambia, The",GMB,1987,57.80632411067194,Africa,0.4940711462450551
"Gambia, The",GMB,1988,59.09090909090909,Africa,1.284584980237156
"Gambia, The",GMB,1989,57.11462450592886,Africa,-1.9762845849802346
"Gambia, The",GMB,1990,57.509881422924906,Africa,0.3952569169960469
"Gambia, The",GMB,1991,57.509881422924906,Africa,0.0
"Gambia, The",GMB,1992,54.1501976284585,Africa,-3.359683794466406
"Gambia, The",GMB,1993,54.051383399209485,Africa,-0.09881422924901528
"Gambia, The",GMB,1994,55.03952569169961,Africa,0.9881422924901244
"Gambia, The",GMB,1995,55.03952569169961,Africa,0.0
"Gambia, The",GMB,1996,55.03952569169961,Africa,0.0
"Gambia, The",GMB,1997,55.03952569169961,Africa,0.0
"Gambia, The",GMB,1998,56.02766798418972,Africa,0.9881422924901102
"Gambia, The",GMB,1999,56.02766798418972,Africa,0.0
"Gambia, The",GMB,2000,50.0,Africa,-6.027667984189719
"Gambia, The",GMB,2001,47.82608695652174,Africa,-2.173913043478258
"Gambia, The",GMB,2002,48.51778656126482,Africa,0.6916996047430786
"Gambia, The",GMB,2003,46.541501976284586,Africa,-1.9762845849802346
"Gambia, The",GMB,2004,47.233201581027664,Africa,0.6916996047430786
"Gambia, The",GMB,2005,47.92490118577075,Africa,0.6916996047430857
"Gambia, The",GMB,2006,49.01185770750988,Africa,1.0869565217391326
"Gambia, The",GMB,2007,49.01185770750988,Africa,0.0
"Gambia, The",GMB,2008,55.92885375494071,Africa,6.916996047430828
"Gambia, The",GMB,2009,61.462450592885375,Africa,5.533596837944664
"Gambia, The",GMB,2010,63.63636363636363,Africa,2.173913043478258
"Gambia, The",GMB,2011,63.63636363636363,Africa,0.0
"Gambia, The",GMB,2012,63.63636363636363,Africa,0.0
"Gambia, The",GMB,2013,63.63636363636363,Africa,0.0
"Gambia, The",GMB,2014,63.63636363636363,Africa,0.0
"Gambia, The",GMB,2015,63.63636363636363,Africa,0.0
"Gambia, The",GMB,2016,63.63636363636363,Africa,0.0
"Gambia, The",GMB,2017,62.64822134387352,Africa,-0.9881422924901102
"Gambia, The",GMB,2018,62.64822134387352,Africa,0.0
"Gambia, The",GMB,2019,62.64822134387352,Africa,0.0
"Gambia, The",GMB,2020,62.64822134387352,Africa,0.0
"Gambia, The",GMB,2021,62.64822134387352,Africa,0.0
"Gambia, The",GMB,2022,62.64822134387352,Africa,0.0
"Gambia, The",GMB,2023,62.64822134387352,Africa,0.0
Georgia,GEO,1992,46.46711757087351,Asia,
Georgia,GEO,1993,45.013671031803135,Asia,-1.4534465390703772
Georgia,GEO,1994,44.56756367822708,Asia,-0.44610735357605336
Georgia,GEO,1995,43.86242624838106,Asia,-0.7051374298460189
Georgia,GEO,1996,43.675348971074975,Asia,-0.1870772773060878
Georgia,GEO,1997,43.70413009066053,Asia,0.028781119585552517
Georgia,GEO,1998,43.81925456900274,Asia,0.11512447834221007
Georgia,GEO,1999,43.15728881853504,Asia,-0.6619657504677008
Georgia,GEO,2000,43.171679378327816,Asia,0.014390559792779811
Georgia,GEO,2001,43.21485105770614,Asia,0.04317167937832522
Georgia,GEO,2002,43.22924161749892,Asia,0.014390559792779811
Georgia,GEO,2003,43.25802273708448,Asia,0.028781119585559622
Georgia,GEO,2004,35.86127500359764,Asia,-7.396747733486841
Georgia,GEO,2005,36.26421067779537,Asia,0.40293567419772813
Georgia,GEO,2006,36.235429558209816,Asia,-0.028781119585552517
Georgia,GEO,2007,36.22103899841704,Asia,-0.014390559792772706
Georgia,GEO,2008,36.17786731903871,Asia,-0.04317167937833233
Georgia,GEO,2009,35.94761836235429,Asia,-0.23024895668442014
Georgia,GEO,2010,35.40077709022881,Asia,-0.5468412721254836
Georgia,GEO,2011,35.14750323787595,Asia,-0.25327385235285504
Georgia,GEO,2012,35.04101309540941,Asia,-0.10649014246654076
Georgia,GEO,2013,35.77637070082026,Asia,0.7353576054108473
Georgia,GEO,2014,34.767592459346666,Asia,-1.0087782414735926
Georgia,GEO,2015,34.797812634911494,Asia,0.030220175564828367
Georgia,GEO,2016,34.4510001439056,Asia,-0.34681249100589184
Georgia,GEO,2017,34.31860699381206,Asia,-0.13239315009354158
Georgia,GEO,2018,34.16606706000864,Asia,-0.15253993380341768
Georgia,GEO,2019,34.143042164340194,Asia,-0.02302489566844912
Georgia,GEO,2020,34.21931213124191,Asia,0.0762699669017124
Georgia,GEO,2021,34.24809325082745,Asia,0.02878111958554541
Georgia,GEO,2022,34.30565548999856,Asia,0.057562239171105034
Georgia,GEO,2023,34.13296877248525,Asia,-0.172686717513308
Germany,DEU,1961,55.49508778964856,Europe,
Germany,DEU,1962,55.546644516369255,Europe,0.051556726720697554
Germany,DEU,1963,55.57242287972961,Europe,0.02577836336035233
Germany,DEU,1964,55.73282158508293,Europe,0.16039870535332312
Germany,DEU,1965,55.950505542348125,Europe,0.2176839572651943
Germany,DEU,1966,55.94191275456134,Europe,-0.008592787786781741
Germany,DEU,1967,55.60106550568557,Europe,-0.3408472488757752
Germany,DEU,1968,55.23730415604503,Europe,-0.36376134964054074
Germany,DEU,1969,55.14851201558159,Europe,-0.08879214046343975
Germany,DEU,1970,54.4868673559992,Europe,-0.6616446595823859
Germany,DEU,1971,54.28350471171197,Europe,-0.20336264428723183
Germany,DEU,1972,54.27491192392518,Europe,-0.008592787786788847
Germany,DEU,1973,54.12597026895426,Europe,-0.14894165497091905
Germany,DEU,1974,53.90828631168906,Europe,-0.2176839572652014
Germany,DEU,1975,53.82522269641681,Europe,-0.08306361527225192
Germany,DEU,1976,53.72783776816659,Europe,-0.09738492825022149
Germany,DEU,1977,53.58748890098244,Europe,-0.1403488671841444
Germany,DEU,1978,53.4442757712027,Europe,-0.14321312977974543
Germany,DEU,1979,53.25809870248904,Europe,-0.18617706871365414
Germany,DEU,1980,53.04327900781944,Europe,-0.21481969466960038
Germany,DEU,1981,52.87715177727495,Europe,-0.16612723054448963
Germany,DEU,1982,52.69097470856128,Europe,-0.18617706871367545
Germany,DEU,1983,52.50193337725203,Europe,-0.18904133130924805
Germany,DEU,1984,52.37017729785467,Europe,-0.13175607939736267
Germany,DEU,1985,52.25560679403088,Europe,-0.11457050382378497
Germany,DEU,1986,52.152493340589466,Europe,-0.10311345344141642
Germany,DEU,1987,51.9147595451551,Europe,-0.2377337954343659
Germany,DEU,1988,51.83456019247845,Europe,-0.0801993526766509
Germany,DEU,1989,51.71712542605906,Europe,-0.117434766419386
Germany,DEU,1990,51.64838312376479,Europe,-0.06874230229427525
Germany,DEU,1991,49.08200383811187,Europe,-2.566379285652914
Germany,DEU,1992,48.55211525792685,Europe,-0.5298885801850233
Germany,DEU,1993,49.157882676443634,Europe,0.6057674185167841
Germany,DEU,1994,49.57749706396265,Europe,0.4196143875190188
Germany,DEU,1995,49.679175021483815,Europe,0.10167795752116149
Germany,DEU,1996,49.66341058179839,Europe,-0.015764439685426623
Germany,DEU,1997,49.64045265721244,Europe,-0.022957924585945477
Germany,DEU,1998,49.77651710503696,Europe,0.13606444782451632
Germany,DEU,1999,49.148948363803086,Europe,-0.6275687412338726
Germany,DEU,2000,48.91245164063619,Europe,-0.23649672316689418
Germany,DEU,2001,48.82201203783319,Europe,-0.09043960280300212
Germany,DEU,2002,48.63555581035372,Europe,-0.18645622747946788
Germany,DEU,2003,48.74000172013417,Europe,0.10444590978044488
Germany,DEU,2004,48.77999827966856,Europe,0.039996559534394294
Germany,DEU,2005,48.833008372519785,Europe,0.053010092851224044
Germany,DEU,2006,48.59486120669879,Europe,-0.2381471658209975
Germany,DEU,2007,48.613301976080535,Europe,0.018440769381747657
Germany,DEU,2008,48.53569687060781,Europe,-0.07760510547272759
Germany,DEU,2009,48.43808267117983,Europe,-0.09761419942798
Germany,DEU,2010,47.91003241816565,Europe,-0.5280502530141788
Germany,DEU,2011,47.965916915308696,Europe,0.05588449714304744
Germany,DEU,2012,47.8108681930338,Europe,-0.1550487222748984
Germany,DEU,2013,47.85886264618207,Europe,0.04799445314827011
Germany,DEU,2014,47.93637145313844,Europe,0.07750880695637363
Germany,DEU,2015,47.95906667431061,Europe,0.022695221172170932
Germany,DEU,2016,47.68433707350584,Europe,-0.2747296008047755
Germany,DEU,2017,47.76311646678307,Europe,0.07877939327723027
Germany,DEU,2018,47.64153643597229,Europe,-0.12158003081077595
Germany,DEU,2019,47.700277626720855,Europe,0.0587411907485631
Germany,DEU,2020,47.49706631557858,Europe,-0.20321131114227597
Germany,DEU,2021,47.48561779100719,Europe,-0.011448524571385121
Germany,DEU,2022,47.50114495076711,Europe,0.015527159759919584
Germany,DEU,2023,47.46587299316029,Europe,-0.03527195760682389
Ghana,GHA,1961,51.4195306319768,Africa,
Ghana,GHA,1962,51.4195306319768,Africa,0.0
Ghana,GHA,1963,51.4195306319768,Africa,0.0
Ghana,GHA,1964,51.4195306319768,Africa,0.0
Ghana,GHA,1965,51.4195306319768,Africa,0.0
Ghana,GHA,1966,51.4195306319768,Africa,0.0
Ghana,GHA,1967,51.4195306319768,Africa,0.0
Ghana,GHA,1968,51.4195306319768,Africa,0.0
Ghana,GHA,1969,51.4195306319768,Africa,0.0
Ghana,GHA,1970,51.4195306319768,Africa,0.0
Ghana,GHA,1971,51.4195306319768,Africa,0.0
Ghana,GHA,1972,51.4195306319768,Africa,0.0
Ghana,GHA,1973,51.4195306319768,Africa,0.0
Ghana,GHA,1974,51.4195306319768,Africa,0.0
Ghana,GHA,1975,51.85901379977147,Africa,0.4394831677946698
Ghana,GHA,1976,51.85901379977147,Africa,0.0
Ghana,GHA,1977,51.85901379977147,Africa,0.0
Ghana,GHA,1978,52.29849696756615,Africa,0.439483167794684
Ghana,GHA,1979,52.29849696756615,Africa,0.0
Ghana,GHA,1980,52.29849696756615,Africa,0.0
Ghana,GHA,1981,52.29849696756615,Africa,0.0
Ghana,GHA,1982,53.14230464973192,Africa,0.8438076821657674
Ghana,GHA,1983,53.10714599630833,Africa,-0.03515865342358637
Ghana,GHA,1984,53.950953678474114,Africa,0.8438076821657816
Ghana,GHA,1985,54.35527819284521,Africa,0.4043245143710976
Ghana,GHA,1986,54.32011953942164,Africa,-0.03515865342357216
Ghana,GHA,1987,54.724444053792745,Africa,0.4043245143711047
Ghana,GHA,1988,55.12876856816384,Africa,0.4043245143710976
Ghana,GHA,1989,55.09360991474026,Africa,-0.03515865342357927
Ghana,GHA,1990,55.49793442911136,Africa,0.4043245143710976
Ghana,GHA,1991,55.90225894348247,Africa,0.40432451437111183
Ghana,GHA,1992,55.90225894348247,Africa,0.0
Ghana,GHA,1993,56.2538454777182,Africa,0.3515865342357287
Ghana,GHA,1994,56.69332864551288,Africa,0.4394831677946769
Ghana,GHA,1995,57.57229498110223,Africa,0.8789663355893538
Ghana,GHA,1996,58.45126131669157,Africa,0.8789663355893396
Ghana,GHA,1997,59.69365825788873,Africa,1.242396941197157
Ghana,GHA,1998,57.06781532917289,Africa,-2.6258429287158407
Ghana,GHA,1999,57.39452579766196,Africa,0.32671046848907537
Ghana,GHA,2000,56.10231212094576,Africa,-1.2922136767162016
Ghana,GHA,2001,56.68467434297266,Africa,0.5823622220269016
Ghana,GHA,2002,57.35466071899447,Africa,0.6699863760218037
Ghana,GHA,2003,55.33589346928013,Africa,-2.0187672497143367
Ghana,GHA,2004,52.16477937944977,Africa,-3.171114089830361
Ghana,GHA,2005,53.26351234947702,Africa,1.0987329700272497
Ghana,GHA,2006,52.93043992265096,Africa,-0.33307242682605676
Ghana,GHA,2007,54.81344818493452,Africa,1.8830082622835604
Ghana,GHA,2008,52.758902610530015,Africa,-2.054545574404507
Ghana,GHA,2009,54.10242331018722,Africa,1.3435206996572049
Ghana,GHA,2010,54.49783774281445,Africa,0.3954144326272271
Ghana,GHA,2011,54.0909101696405,Africa,-0.40692757317394523
Ghana,GHA,2012,54.277658433682,Africa,0.1867482640414977
Ghana,GHA,2013,54.77312164894085,Africa,0.4954632152588516
Ghana,GHA,2014,54.38452491869562,Africa,-0.3885967302452329
Ghana,GHA,2015,54.56409642260701,Africa,0.1795715039113901
Ghana,GHA,2016,54.31107585479475,Africa,-0.253020567812257
Ghana,GHA,2017,53.10698734288477,Africa,-1.2040885119099798
Ghana,GHA,2018,53.69403885031203,Africa,0.5870515074272618
Ghana,GHA,2019,54.84907376072922,Africa,1.1550349104171858
Ghana,GHA,2020,55.39375027468905,Africa,0.5446765139598284
Ghana,GHA,2021,55.39301991359496,Africa,-0.0007303610940851968
Ghana,GHA,2022,55.39301991359496,Africa,0.0
Ghana,GHA,2023,55.39301991359496,Africa,0.0
Greece,GRC,1961,69.12335143522111,Europe,
Greece,GRC,1962,69.06128782001552,Europe,-0.06206361520558801
Greece,GRC,1963,69.98448409619861,Europe,0.9231962761830914
Greece,GRC,1964,69.75174553917766,Europe,-0.23273855702095148
Greece,GRC,1965,67.32350659425911,Europe,-2.4282389449185473
Greece,GRC,1966,70.51978277734679,Europe,3.196276183087676
Greece,GRC,1967,70.69821567106284,Europe,0.17843289371604953
Greece,GRC,1968,70.93095422808379,Europe,0.23273855702095148
Greece,GRC,1969,70.93871217998449,Europe,0.007757951900700277
Greece,GRC,1970,71.02404965089217,Europe,0.08533747090767463
Greece,GRC,1971,71.02404965089217,Europe,0.0
Greece,GRC,1972,71.06283941039565,Europe,0.038789759503487176
Greece,GRC,1973,70.93095422808379,Europe,-0.13188518231186208
Greece,GRC,1974,70.91543832428239,Europe,-0.015515903801400555
Greece,GRC,1975,70.73700543056634,Europe,-0.17843289371604953
Greece,GRC,1976,70.71373157486424,Europe,-0.023273855702100832
Greece,GRC,1977,70.69045771916214,Europe,-0.023273855702100832
Greece,GRC,1978,71.17920868890613,Europe,0.48875096974398957
Greece,GRC,1979,71.22575640031032,Europe,0.04654771140418745
Greece,GRC,1980,71.21799844840963,Europe,-0.0077579519006860664
Greece,GRC,1981,71.41970519782778,Europe,0.20170674941815037
Greece,GRC,1982,71.41970519782778,Europe,0.0
Greece,GRC,1983,71.23351435221102,Europe,-0.18619084561676402
Greece,GRC,1984,71.44297905352987,Europe,0.20946470131885064
Greece,GRC,1985,71.24903025601242,Europe,-0.1939487975174501
Greece,GRC,1986,71.21799844840963,Europe,-0.0310318076027869
Greece,GRC,1987,71.19472459270753,Europe,-0.023273855702100832
Greece,GRC,1988,71.21024049650893,Europe,0.015515903801400555
Greece,GRC,1989,71.48952676493406,Europe,0.2792862684251247
Greece,GRC,1990,71.54383242823894,Europe,0.05430566330488773
Greece,GRC,1991,71.09387121799845,Europe,-0.4499612102404882
Greece,GRC,1992,71.11714507370054,Europe,0.02327385570208662
Greece,GRC,1993,71.06283941039565,Europe,-0.05430566330488773
Greece,GRC,1994,71.14041892940264,Europe,0.07757951900698856
Greece,GRC,1995,71.09387121799845,Europe,-0.04654771140418745
Greece,GRC,1996,71.15593483320404,Europe,0.06206361520558801
Greece,GRC,1997,69.70519782777347,Europe,-1.4507370054305682
Greece,GRC,1998,68.13033359193173,Europe,-1.5748642358417442
Greece,GRC,1999,67.26144297905353,Europe,-0.8688906128782037
Greece,GRC,2000,66.16757176105507,Europe,-1.0938712179984549
Greece,GRC,2001,65.46159813809155,Europe,-0.7059736229635263
Greece,GRC,2002,64.7245927075252,Europe,-0.7370054305663416
Greece,GRC,2003,64.01861908456168,Europe,-0.7059736229635263
Greece,GRC,2004,62.68425135764159,Europe,-1.3343677269200853
Greece,GRC,2005,62.10240496508922,Europe,-0.5818463925523716
Greece,GRC,2006,61.00077579519007,Europe,-1.101629169899148
Greece,GRC,2007,60.14740108611326,Europe,-0.8533747090768102
Greece,GRC,2008,59.40263770364624,Europe,-0.7447633824670206
Greece,GRC,2009,58.650116369278514,Europe,-0.752521334367728
Greece,GRC,2010,58.09930178432894,Europe,-0.5508145849495776
Greece,GRC,2011,57.377812257564,Europe,-0.7214895267649339
Greece,GRC,2012,56.50116369278511,Europe,-0.8766485647788897
Greece,GRC,2013,55.49262994569434,Europe,-1.0085337470907731
Greece,GRC,2014,48.10705973622964,Europe,-7.385570209464703
Greece,GRC,2015,48.09154383242824,Europe,-0.01551590380139345
Greece,GRC,2016,47.602792862684254,Europe,-0.48875096974398957
Greece,GRC,2017,46.9630783553142,Europe,-0.6397145073700514
Greece,GRC,2018,46.11086423584175,Europe,-0.8522141194724497
Greece,GRC,2019,45.489264546159816,Europe,-0.6215996896819362
Greece,GRC,2020,43.63584561675717,Europe,-1.8534189294026433
Greece,GRC,2021,44.312867339022496,Europe,0.677021722265323
Greece,GRC,2022,41.67601706749418,Europe,-2.636850271528317
Greece,GRC,2023,41.67601784328937,Europe,7.757951934195262e-07
Greenland,GRL,1961,0.6877377816798361,North America,
Greenland,GRL,1962,0.6877377816798361,North America,0.0
Greenland,GRL,1963,0.6877377816798361,North America,0.0
Greenland,GRL,1964,0.6877377816798361,North America,0.0
Greenland,GRL,1965,0.6877377816798361,North America,0.0
Greenland,GRL,1966,0.6877377816798361,North America,0.0
Greenland,GRL,1967,0.6877377816798361,North America,0.0
Greenland,GRL,1968,0.6877377816798361,North America,0.0
Greenland,GRL,1969,0.6877377816798361,North America,0.0
Greenland,GRL,1970,0.6877377816798361,North America,0.0
Greenland,GRL,1971,0.6877377816798361,North America,0.0
Greenland,GRL,1972,0.6877377816798361,North America,0.0
Greenland,GRL,1973,0.6877377816798361,North America,0.0
Greenland,GRL,1974,0.6877377816798361,North America,0.0
Greenland,GRL,1975,0.6877377816798361,North America,0.0
Greenland,GRL,1976,0.6877377816798361,North America,0.0
Greenland,GRL,1977,0.6877377816798361,North America,0.0
Greenland,GRL,1978,0.6877377816798361,North America,0.0
Greenland,GRL,1979,0.6877377816798361,North America,0.0
Greenland,GRL,1980,0.6877377816798361,North America,0.0
Greenland,GRL,1981,0.6877377816798361,North America,0.0
Greenland,GRL,1982,0.6877377816798361,North America,0.0
Greenland,GRL,1983,0.6877377816798361,North America,0.0
Greenland,GRL,1984,0.6877377816798361,North America,0.0
Greenland,GRL,1985,0.6886157448053849,North America,0.0008779631255487752
Greenland,GRL,1986,0.6894937079309336,North America,0.0008779631255486642
Greenland,GRL,1987,0.6903716710564823,North America,0.0008779631255487752
Greenland,GRL,1988,0.691249634182031,North America,0.0008779631255486642
Greenland,GRL,1989,0.6921275973075797,North America,0.0008779631255486642
Greenland,GRL,1990,0.6930055604331284,North America,0.0008779631255487752
Greenland,GRL,1991,0.6938835235586772,North America,0.0008779631255487752
Greenland,GRL,1992,0.6947614866842259,North America,0.0008779631255486642
Greenland,GRL,1993,0.6956394498097747,North America,0.0008779631255487752
Greenland,GRL,1994,0.6965174129353234,North America,0.0008779631255487752
Greenland,GRL,1995,0.6973953760608721,North America,0.0008779631255486642
Greenland,GRL,1996,0.6982733391864209,North America,0.0008779631255487752
Greenland,GRL,1997,0.582044097941284,North America,-0.1162292412451369
Greenland,GRL,1998,0.582775003045438,North America,0.0007309051041539671
Greenland,GRL,1999,0.5835059081495919,North America,0.0007309051041539671
Greenland,GRL,2000,0.5842368132537459,North America,0.0007309051041539671
Greenland,GRL,2001,0.5849677183578998,North America,0.0007309051041539671
Greenland,GRL,2002,0.5856986234620538,North America,0.0007309051041539671
Greenland,GRL,2003,0.5864295285662079,North America,0.0007309051041540782
Greenland,GRL,2004,0.5871604336703617,North America,0.0007309051041538561
Greenland,GRL,2005,0.5878913387745157,North America,0.0007309051041539671
Greenland,GRL,2006,0.5886222438786698,North America,0.0007309051041540782
Greenland,GRL,2007,0.5893531489828238,North America,0.0007309051041539671
Greenland,GRL,2008,0.5900840540869777,North America,0.0007309051041539671
Greenland,GRL,2009,0.5908149591911317,North America,0.0007309051041539671
Greenland,GRL,2010,0.5915458642952857,North America,0.0007309051041539671
Greenland,GRL,2011,0.5922767693994396,North America,0.0007309051041539671
Greenland,GRL,2012,0.5930076745035936,North America,0.0007309051041539671
Greenland,GRL,2013,0.5922036788890243,North America,-0.0008039956145693417
Greenland,GRL,2014,0.592228042392496,North America,2.4363503471791503e-05
Greenland,GRL,2015,0.5922767693994396,North America,4.872700694358301e-05
Greenland,GRL,2016,0.5923011329029114,North America,2.4363503471791503e-05
Greenland,GRL,2017,0.5923011329029114,North America,0.0
Greenland,GRL,2018,0.5923011329029114,North America,0.0
Greenland,GRL,2019,0.5923011329029114,North America,0.0
Greenland,GRL,2020,0.5923011329029114,North America,0.0
Greenland,GRL,2021,0.5923011329029114,North America,0.0
Greenland,GRL,2022,0.5923011329029114,North America,0.0
Greenland,GRL,2023,0.5923011329029114,North America,0.0
Grenada,GRD,1961,64.70588235294117,North America,
Grenada,GRD,1962,64.70588235294117,North America,0.0
Grenada,GRD,1963,64.70588235294117,North America,0.0
Grenada,GRD,1964,64.70588235294117,North America,0.0
Grenada,GRD,1965,64.70588235294117,North America,0.0
Grenada,GRD,1966,64.70588235294117,North America,0.0
Grenada,GRD,1967,64.70588235294117,North America,0.0
Grenada,GRD,1968,64.70588235294117,North America,0.0
Grenada,GRD,1969,64.70588235294117,North America,0.0
Grenada,GRD,1970,64.70588235294117,North America,0.0
Grenada,GRD,1971,64.70588235294117,North America,0.0
Grenada,GRD,1972,58.82352941176471,North America,-5.882352941176464
Grenada,GRD,1973,58.82352941176471,North America,0.0
Grenada,GRD,1974,58.82352941176471,North America,0.0
Grenada,GRD,1975,58.82352941176471,North America,0.0
Grenada,GRD,1976,58.82352941176471,North America,0.0
Grenada,GRD,1977,58.82352941176471,North America,0.0
Grenada,GRD,1978,55.88235294117647,North America,-2.941176470588239
Grenada,GRD,1979,55.88235294117647,North America,0.0
Grenada,GRD,1980,47.05882352941176,North America,-8.82352941176471
Grenada,GRD,1981,47.05882352941176,North America,0.0
Grenada,GRD,1982,47.05882352941176,North America,0.0
Grenada,GRD,1983,47.05882352941176,North America,0.0
Grenada,GRD,1984,47.05882352941176,North America,0.0
Grenada,GRD,1985,41.17647058823529,North America,-5.882352941176471
Grenada,GRD,1986,41.17647058823529,North America,0.0
Grenada,GRD,1987,38.23529411764706,North America,-2.941176470588232
Grenada,GRD,1988,38.23529411764706,North America,0.0
Grenada,GRD,1989,38.23529411764706,North America,0.0
Grenada,GRD,1990,38.23529411764706,North America,0.0
Grenada,GRD,1991,35.294117647058826,North America,-2.941176470588232
Grenada,GRD,1992,35.294117647058826,North America,0.0
Grenada,GRD,1993,35.294117647058826,North America,0.0
Grenada,GRD,1994,35.294117647058826,North America,0.0
Grenada,GRD,1995,32.35294117647059,North America,-2.941176470588239
Grenada,GRD,1996,32.35294117647059,North America,0.0
Grenada,GRD,1997,32.35294117647059,North America,0.0
Grenada,GRD,1998,32.35294117647059,North America,0.0
Grenada,GRD,1999,35.294117647058826,North America,2.941176470588239
Grenada,GRD,2000,35.294117647058826,North America,0.0
Grenada,GRD,2001,38.23529411764706,North America,2.941176470588232
Grenada,GRD,2002,38.23529411764706,North America,0.0
Grenada,GRD,2003,35.294117647058826,North America,-2.941176470588232
Grenada,GRD,2004,35.294117647058826,North America,0.0
Grenada,GRD,2005,26.47058823529412,North America,-8.823529411764707
Grenada,GRD,2006,26.47058823529412,North America,0.0
Grenada,GRD,2007,26.47058823529412,North America,0.0
Grenada,GRD,2008,26.47058823529412,North America,0.0
Grenada,GRD,2009,29.411764705882355,North America,2.9411764705882355
Grenada,GRD,2010,29.411764705882355,North America,0.0
Grenada,GRD,2011,29.411764705882355,North America,0.0
Grenada,GRD,2012,23.52941176470588,North America,-5.882352941176475
Grenada,GRD,2013,23.52941176470588,North America,0.0
Grenada,GRD,2014,23.52941176470588,North America,0.0
Grenada,GRD,2015,23.52941176470588,North America,0.0
Grenada,GRD,2016,23.52941176470588,North America,0.0
Grenada,GRD,2017,23.52941176470588,North America,0.0
Grenada,GRD,2018,23.52941176470588,North America,0.0
Grenada,GRD,2019,23.52941176470588,North America,0.0
Grenada,GRD,2020,23.52941176470588,North America,0.0
Grenada,GRD,2021,23.52941176470588,North America,0.0
Grenada,GRD,2022,23.52941176470588,North America,0.0
Grenada,GRD,2023,23.52941176470588,North America,0.0
Guam,GUM,1961,29.629629629629623,Oceania,
Guam,GUM,1962,29.629629629629623,Oceania,0.0
Guam,GUM,1963,31.48148148148148,Oceania,1.8518518518518583
Guam,GUM,1964,31.48148148148148,Oceania,0.0
Guam,GUM,1965,31.48148148148148,Oceania,0.0
Guam,GUM,1966,31.48148148148148,Oceania,0.0
Guam,GUM,1967,31.48148148148148,Oceania,0.0
Guam,GUM,1968,31.48148148148148,Oceania,0.0
Guam,GUM,1969,31.48148148148148,Oceania,0.0
Guam,GUM,1970,31.48148148148148,Oceania,0.0
Guam,GUM,1971,31.48148148148148,Oceania,0.0
Guam,GUM,1972,31.48148148148148,Oceania,0.0
Guam,GUM,1973,31.48148148148148,Oceania,0.0
Guam,GUM,1974,31.48148148148148,Oceania,0.0
Guam,GUM,1975,31.48148148148148,Oceania,0.0
Guam,GUM,1976,31.48148148148148,Oceania,0.0
Guam,GUM,1977,31.48148148148148,Oceania,0.0
Guam,GUM,1978,31.48148148148148,Oceania,0.0
Guam,GUM,1979,33.33333333333333,Oceania,1.8518518518518476
Guam,GUM,1980,33.33333333333333,Oceania,0.0
Guam,GUM,1981,37.03703703703704,Oceania,3.7037037037037095
Guam,GUM,1982,37.03703703703704,Oceania,0.0
Guam,GUM,1983,37.03703703703704,Oceania,0.0
Guam,GUM,1984,37.03703703703704,Oceania,0.0
Guam,GUM,1985,37.03703703703704,Oceania,0.0
Guam,GUM,1986,37.03703703703704,Oceania,0.0
Guam,GUM,1987,37.03703703703704,Oceania,0.0
Guam,GUM,1988,37.03703703703704,Oceania,0.0
Guam,GUM,1989,37.03703703703704,Oceania,0.0
Guam,GUM,1990,37.03703703703704,Oceania,0.0
Guam,GUM,1991,37.03703703703704,Oceania,0.0
Guam,GUM,1992,37.03703703703704,Oceania,0.0
Guam,GUM,1993,37.03703703703704,Oceania,0.0
Guam,GUM,1994,37.03703703703704,Oceania,0.0
Guam,GUM,1995,37.03703703703704,Oceania,0.0
Guam,GUM,1996,37.03703703703704,Oceania,0.0
Guam,GUM,1997,37.03703703703704,Oceania,0.0
Guam,GUM,1998,37.03703703703704,Oceania,0.0
Guam,GUM,1999,37.03703703703704,Oceania,0.0
Guam,GUM,2000,37.03703703703704,Oceania,0.0
Guam,GUM,2001,37.03703703703704,Oceania,0.0
Guam,GUM,2002,37.03703703703704,Oceania,0.0
Guam,GUM,2003,37.03703703703704,Oceania,0.0
Guam,GUM,2004,37.03703703703704,Oceania,0.0
Guam,GUM,2005,37.03703703703704,Oceania,0.0
Guam,GUM,2006,37.03703703703704,Oceania,0.0
Guam,GUM,2007,35.18518518518518,Oceania,-1.8518518518518547
Guam,GUM,2008,35.18518518518518,Oceania,0.0
Guam,GUM,2009,33.33333333333333,Oceania,-1.8518518518518547
Guam,GUM,2010,33.33333333333333,Oceania,0.0
Guam,GUM,2011,33.33333333333333,Oceania,0.0
Guam,GUM,2012,33.33333333333333,Oceania,0.0
Guam,GUM,2013,33.33333333333333,Oceania,0.0
Guam,GUM,2014,33.33333333333333,Oceania,0.0
Guam,GUM,2015,31.48148148148148,Oceania,-1.8518518518518476
Guam,GUM,2016,31.48148148148148,Oceania,0.0
Guam,GUM,2017,31.48148148148148,Oceania,0.0
Guam,GUM,2018,29.629629629629623,Oceania,-1.8518518518518583
Guam,GUM,2019,29.629629629629623,Oceania,0.0
Guam,GUM,2020,29.629629629629623,Oceania,0.0
Guam,GUM,2021,29.629629629629623,Oceania,0.0
Guam,GUM,2022,29.629629629629623,Oceania,0.0
Guam,GUM,2023,29.629629629629623,Oceania,0.0
Guatemala,GTM,1961,24.692049272116463,North America,
Guatemala,GTM,1962,24.8040313549832,North America,0.11198208286673506
Guatemala,GTM,1963,24.916013437849944,North America,0.11198208286674571
Guatemala,GTM,1964,25.027995520716683,North America,0.11198208286673861
Guatemala,GTM,1965,25.139977603583425,North America,0.11198208286674216
Guatemala,GTM,1966,25.25195968645017,North America,0.11198208286674571
Guatemala,GTM,1967,25.457260171705855,North America,0.2053004852556839
Guatemala,GTM,1968,25.5692422545726,North America,0.11198208286674571
Guatemala,GTM,1969,25.587905935050397,North America,0.018663680477796873
Guatemala,GTM,1970,25.70921985815603,North America,0.12131392310563172
Guatemala,GTM,1971,25.82120194102277,North America,0.11198208286674216
Guatemala,GTM,1972,26.129152668906308,North America,0.3079507278835365
Guatemala,GTM,1973,26.5304217991788,North America,0.40126913027249245
Guatemala,GTM,1974,26.82904068682344,North America,0.29861888764463984
Guatemala,GTM,1975,26.95035460992908,North America,0.12131392310563882
Guatemala,GTM,1976,27.342291899962675,North America,0.3919372900335958
Guatemala,GTM,1977,27.930197835013065,North America,0.5879059350503901
Guatemala,GTM,1978,28.042179917879807,North America,0.11198208286674216
Guatemala,GTM,1979,28.14483016050765,North America,0.10265024262784195
Guatemala,GTM,1980,28.462112728630085,North America,0.3172825681224367
Guatemala,GTM,1981,28.6207540126913,North America,0.1586412840612148
Guatemala,GTM,1982,28.96603210153042,North America,0.3452780888391196
Guatemala,GTM,1983,29.10600970511385,North America,0.1399776035834286
Guatemala,GTM,1984,35.32101530421799,North America,6.215005599104138
Guatemala,GTM,1985,35.32101530421799,North America,0.0
Guatemala,GTM,1986,35.32101530421799,North America,0.0
Guatemala,GTM,1987,35.32101530421799,North America,0.0
Guatemala,GTM,1988,39.98693542366555,North America,4.665920119447563
Guatemala,GTM,1989,39.98693542366555,North America,0.0
Guatemala,GTM,1990,39.98693542366555,North America,0.0
Guatemala,GTM,1991,39.98693542366555,North America,0.0
Guatemala,GTM,1992,39.98693542366555,North America,0.0
Guatemala,GTM,1993,41.82530795072788,North America,1.838372527062333
Guatemala,GTM,1994,42.10526315789473,North America,0.2799552071668501
Guatemala,GTM,1995,42.10526315789473,North America,0.0
Guatemala,GTM,1996,42.10526315789473,North America,0.0
Guatemala,GTM,1997,42.68784994400896,North America,0.5825867861142271
Guatemala,GTM,1998,43.27043673012318,North America,0.58258678611422
Guatemala,GTM,1999,43.8530235162374,North America,0.58258678611422
Guatemala,GTM,2000,44.43561030235163,North America,0.5825867861142271
Guatemala,GTM,2001,45.01819708846585,North America,0.58258678611422
Guatemala,GTM,2002,45.60078387458007,North America,0.58258678611422
Guatemala,GTM,2003,46.1832773422919,North America,0.582493467711835
Guatemala,GTM,2004,44.074281448301605,North America,-2.108995893990297
Guatemala,GTM,2005,42.57185516983949,North America,-1.5024262784621172
Guatemala,GTM,2006,40.2711011571482,North America,-2.3007540126912858
Guatemala,GTM,2007,41.50802538260545,North America,1.2369242254572512
Guatemala,GTM,2008,41.37737961926092,North America,-0.13064576334453193
Guatemala,GTM,2009,40.77640910787607,North America,-0.6009705113848511
Guatemala,GTM,2010,40.28742067935797,North America,-0.4889884285180983
Guatemala,GTM,2011,40.07838745800672,North America,-0.20903322135124824
Guatemala,GTM,2012,39.77603583426652,North America,-0.30235162374020064
Guatemala,GTM,2013,39.40836132885405,North America,-0.3676745054124737
Guatemala,GTM,2014,39.98600223964166,North America,0.5776409107876077
Guatemala,GTM,2015,41.65733482642777,North America,1.6713325867861144
Guatemala,GTM,2016,41.93542366554684,North America,0.27808883911907145
Guatemala,GTM,2017,42.21351250466592,North America,0.27808883911907856
Guatemala,GTM,2018,42.49160134378499,North America,0.27808883911907145
Guatemala,GTM,2019,42.76969018290407,North America,0.27808883911907856
Guatemala,GTM,2020,43.03844718178424,North America,0.26875699888017124
Guatemala,GTM,2021,43.03844718178424,North America,0.0
Guatemala,GTM,2022,43.03844718178424,North America,0.0
Guatemala,GTM,2023,43.03844718178424,North America,0.0
Guinea,GIN,1961,56.39345596614033,Africa,
Guinea,GIN,1962,56.3771772749471,Africa,-0.016278691193228667
Guinea,GIN,1963,56.336480546964026,Africa,-0.04069672798307522
Guinea,GIN,1964,56.32427152856911,Africa,-0.012209018394912619
Guinea,GIN,1965,56.33037603776656,Africa,0.006104509197449204
Guinea,GIN,1966,56.3771772749471,Africa,0.046801237180538635
Guinea,GIN,1967,56.40078137717728,Africa,0.0236041022301805
Guinea,GIN,1968,56.3958977698193,Africa,-0.0048836073579821004
Guinea,GIN,1969,56.34177112160182,Africa,-0.05412664821747626
Guinea,GIN,1970,56.34360247436106,Africa,0.001831352759239735
Guinea,GIN,1971,56.398543057138205,Africa,0.05494058277714231
Guinea,GIN,1972,56.41889142112974,Africa,0.02034836399153761
Guinea,GIN,1973,56.42182158554452,Africa,0.0029301644147778916
Guinea,GIN,1974,56.406031255087086,Africa,-0.01579033045743472
Guinea,GIN,1975,56.41062998534918,Africa,0.004598730262095785
Guinea,GIN,1976,56.45450105811493,Africa,0.04387107276574653
Guinea,GIN,1977,56.43354224320365,Africa,-0.02095881491128182
Guinea,GIN,1978,56.41906641706007,Africa,-0.014475826143574011
Guinea,GIN,1979,56.50547777958652,Africa,0.08641136252644799
Guinea,GIN,1980,56.507968419339086,Africa,0.002490639752565471
Guinea,GIN,1981,56.50052091811818,Africa,-0.007447501220909203
Guinea,GIN,1982,56.49045661728797,Africa,-0.010064300830208595
Guinea,GIN,1983,56.5341364154322,Africa,0.04367979814423251
Guinea,GIN,1984,56.57014488035163,Africa,0.03600846491942633
Guinea,GIN,1985,56.62490232785285,Africa,0.05475744750122402
Guinea,GIN,1986,56.50252319713495,Africa,-0.12237913071790274
Guinea,GIN,1987,56.5045580335341,Africa,0.0020348363991544716
Guinea,GIN,1988,56.71839899072114,Africa,0.21384095718703833
Guinea,GIN,1989,56.68287888653752,Africa,-0.03552010418361817
Guinea,GIN,1990,57.17934641054859,Africa,0.49646752401106653
Guinea,GIN,1991,56.89660182321341,Africa,-0.2827445873351806
Guinea,GIN,1992,57.0572114601986,Africa,0.1606096369851926
Guinea,GIN,1993,57.0959018394921,Africa,0.03869037929349872
Guinea,GIN,1994,57.19048103532476,Africa,0.09457919583265806
Guinea,GIN,1995,57.14911281132997,Africa,-0.041368223994787456
Guinea,GIN,1996,57.19359026534266,Africa,0.04447745401268577
Guinea,GIN,1997,57.20028080742309,Africa,0.006690542080434625
Guinea,GIN,1998,57.24251587172391,Africa,0.04223506430081869
Guinea,GIN,1999,57.223083184112,Africa,-0.019432687611910637
Guinea,GIN,2000,57.236110206739376,Africa,0.013027022627376539
Guinea,GIN,2001,57.229757447501214,Africa,-0.006352759238161809
Guinea,GIN,2002,57.37269656519616,Africa,0.14293911769494372
Guinea,GIN,2003,57.44190949047696,Africa,0.06921292528080158
Guinea,GIN,2004,57.46353980139997,Africa,0.021630310923008267
Guinea,GIN,2005,57.50210402083672,Africa,0.03856421943675059
Guinea,GIN,2006,57.793022545987306,Africa,0.29091852515058747
Guinea,GIN,2007,58.31887147973303,Africa,0.5258489337457277
Guinea,GIN,2008,58.92892682728309,Africa,0.610055347550059
Guinea,GIN,2009,58.462589532801566,Africa,-0.4663372944815265
Guinea,GIN,2010,61.28897729122579,Africa,2.826387758424225
Guinea,GIN,2011,61.4914850236041,Africa,0.202507732378308
Guinea,GIN,2012,63.33148461663682,Africa,1.8399995930327222
Guinea,GIN,2013,63.68992430408594,Africa,0.35843968744912047
Guinea,GIN,2014,65.22575940094416,Africa,1.5358350968582144
Guinea,GIN,2015,66.0886985186391,Africa,0.8629391176949497
Guinea,GIN,2016,66.50921048347712,Africa,0.42051196483801334
Guinea,GIN,2017,67.28474605241739,Africa,0.7755355689402705
Guinea,GIN,2018,67.97852148787238,Africa,0.6937754354549952
Guinea,GIN,2019,67.91184925931955,Africa,-0.06667222855283228
Guinea,GIN,2020,69.09706454501058,Africa,1.1852152856910294
Guinea,GIN,2021,70.5533212599707,Africa,1.4562567149601193
Guinea,GIN,2022,71.94891950187204,Africa,1.3955982419013395
Guinea,GIN,2023,73.22924873840144,Africa,1.280329236529397
Guinea-Bissau,GNB,1961,17.413584637268848,Africa,
Guinea-Bissau,GNB,1962,17.413584637268848,Africa,0.0
Guinea-Bissau,GNB,1963,17.413584637268848,Africa,0.0
Guinea-Bissau,GNB,1964,17.413584637268848,Africa,0.0
Guinea-Bissau,GNB,1965,17.413584637268848,Africa,0.0
Guinea-Bissau,GNB,1966,17.413584637268848,Africa,0.0
Guinea-Bissau,GNB,1967,17.769203413940257,Africa,0.3556187766714096
Guinea-Bissau,GNB,1968,17.769203413940257,Africa,0.0
Guinea-Bissau,GNB,1969,17.769203413940257,Africa,0.0
Guinea-Bissau,GNB,1970,17.769203413940257,Africa,0.0
Guinea-Bissau,GNB,1971,17.769203413940257,Africa,0.0
Guinea-Bissau,GNB,1972,17.769203413940257,Africa,0.0
Guinea-Bissau,GNB,1973,17.94701280227596,Africa,0.17780938833570303
Guinea-Bissau,GNB,1974,18.124822190611663,Africa,0.17780938833570303
Guinea-Bissau,GNB,1975,18.124822190611663,Africa,0.0
Guinea-Bissau,GNB,1976,18.124822190611663,Africa,0.0
Guinea-Bissau,GNB,1977,18.160384068278805,Africa,0.03556187766714203
Guinea-Bissau,GNB,1978,18.160384068278805,Africa,0.0
Guinea-Bissau,GNB,1979,18.195945945945947,Africa,0.03556187766714203
Guinea-Bissau,GNB,1980,18.302631578947366,Africa,0.10668563300141898
Guinea-Bissau,GNB,1981,18.551564722617357,Africa,0.24893314366999064
Guinea-Bissau,GNB,1982,19.013869132290186,Africa,0.4623044096728286
Guinea-Bissau,GNB,1983,19.369487908961595,Africa,0.3556187766714096
Guinea-Bissau,GNB,1984,20.329658605974394,Africa,0.9601706970127992
Guinea-Bissau,GNB,1985,20.61415362731152,Africa,0.28449502133712556
Guinea-Bissau,GNB,1986,19.44061166429588,Africa,-1.1735419630156407
Guinea-Bissau,GNB,1987,19.26280227596017,Africa,-0.17780938833571014
Guinea-Bissau,GNB,1988,18.907183499288763,Africa,-0.35561877667140607
Guinea-Bissau,GNB,1989,20.22297297297297,Africa,1.3157894736842053
Guinea-Bissau,GNB,1990,20.57859174964438,Africa,0.3556187766714132
Guinea-Bissau,GNB,1991,20.71301564722617,Africa,0.13442389758179019
Guinea-Bissau,GNB,1992,20.71301564722617,Africa,0.0
Guinea-Bissau,GNB,1993,21.42425320056899,Africa,0.7112375533428192
Guinea-Bissau,GNB,1994,21.7798719772404,Africa,0.3556187766714096
Guinea-Bissau,GNB,1995,22.080192034139404,Africa,0.3003200568990039
Guinea-Bissau,GNB,1996,22.38051209103841,Africa,0.3003200568990039
Guinea-Bissau,GNB,1997,22.68083214793741,Africa,0.3003200568990003
Guinea-Bissau,GNB,1998,22.981152204836416,Africa,0.3003200568990074
Guinea-Bissau,GNB,1999,23.28147226173542,Africa,0.3003200568990039
Guinea-Bissau,GNB,2000,23.581792318634424,Africa,0.3003200568990039
Guinea-Bissau,GNB,2001,23.882112375533428,Africa,0.3003200568990039
Guinea-Bissau,GNB,2002,24.18243243243243,Africa,0.3003200568990039
Guinea-Bissau,GNB,2003,24.482752489331435,Africa,0.3003200568990039
Guinea-Bissau,GNB,2004,24.783072546230443,Africa,0.3003200568990074
Guinea-Bissau,GNB,2005,25.083392603129447,Africa,0.3003200568990039
Guinea-Bissau,GNB,2006,25.38371266002845,Africa,0.3003200568990039
Guinea-Bissau,GNB,2007,25.68403271692745,Africa,0.3003200568990003
Guinea-Bissau,GNB,2008,25.98435277382646,Africa,0.3003200568990074
Guinea-Bissau,GNB,2009,26.284672830725462,Africa,0.3003200568990039
Guinea-Bissau,GNB,2010,26.584992887624463,Africa,0.3003200568990003
Guinea-Bissau,GNB,2011,26.885277382645807,Africa,0.30028449502134436
Guinea-Bissau,GNB,2012,27.18556187766714,Africa,0.3002844950213337
Guinea-Bissau,GNB,2013,27.48584637268848,Africa,0.3002844950213408
Guinea-Bissau,GNB,2014,27.78613086770981,Africa,0.30028449502133014
Guinea-Bissau,GNB,2015,28.086415362731152,Africa,0.3002844950213408
Guinea-Bissau,GNB,2016,28.266194879089618,Africa,0.17977951635846523
Guinea-Bissau,GNB,2017,28.26757112375533,Africa,0.0013762446657139549
Guinea-Bissau,GNB,2018,28.82659317211949,Africa,0.5590220483641595
Guinea-Bissau,GNB,2019,29.05238975817923,Africa,0.22579658605974018
Guinea-Bissau,GNB,2020,29.33539829302988,Africa,0.2830085348506479
Guinea-Bissau,GNB,2021,29.849032716927454,Africa,0.5136344238975745
Guinea-Bissau,GNB,2022,29.623911806543383,Africa,-0.22512091038407078
Guinea-Bissau,GNB,2023,29.89084281650071,Africa,0.26693100995732877
Guyana,GUY,1961,6.908647247216715,South America,
Guyana,GUY,1962,6.908647247216715,South America,0.0
Guyana,GUY,1963,6.908647247216715,South America,0.0
Guyana,GUY,1964,6.908647247216715,South America,0.0
Guyana,GUY,1965,6.908647247216715,South America,0.0
Guyana,GUY,1966,6.934065375425753,South America,0.025418128209038215
Guyana,GUY,1967,6.934065375425753,South America,0.0
Guyana,GUY,1968,6.944232626709369,South America,0.010167251283616174
Guyana,GUY,1969,6.944232626709369,South America,0.0
Guyana,GUY,1970,6.969650754918408,South America,0.025418128209039104
Guyana,GUY,1971,6.969650754918408,South America,0.0
Guyana,GUY,1972,6.98490163184383,South America,0.015250876925422041
Guyana,GUY,1973,6.995068883127447,South America,0.010167251283616174
Guyana,GUY,1974,6.995068883127447,South America,0.0
Guyana,GUY,1975,7.000254000508001,South America,0.005185117380554161
Guyana,GUY,1976,5.377955803911608,South America,-1.6222981965963923
Guyana,GUY,1977,5.120780289560579,South America,-0.2571755143510295
Guyana,GUY,1978,4.86360477520955,South America,-0.2571755143510286
Guyana,GUY,1979,4.606429260858522,South America,-0.2571755143510286
Guyana,GUY,1980,4.349253746507493,South America,-0.2571755143510286
Guyana,GUY,1981,4.092078232156464,South America,-0.2571755143510295
Guyana,GUY,1982,3.834902717805436,South America,-0.2571755143510277
Guyana,GUY,1983,3.577727203454407,South America,-0.25717551435102903
Guyana,GUY,1984,3.592967233934468,South America,0.015240030480061062
Guyana,GUY,1985,3.592967233934468,South America,0.0
Guyana,GUY,1986,3.603127254254508,South America,0.01016002032003982
Guyana,GUY,1987,3.603127254254508,South America,0.0
Guyana,GUY,1988,3.603127254254508,South America,0.0
Guyana,GUY,1989,3.613287274574549,South America,0.010160020320041152
Guyana,GUY,1990,3.613287274574549,South America,0.0
Guyana,GUY,1991,3.613287274574549,South America,0.0
Guyana,GUY,1992,3.613287274574549,South America,0.0
Guyana,GUY,1993,3.613287274574549,South America,0.0
Guyana,GUY,1994,3.613287274574549,South America,0.0
Guyana,GUY,1995,3.6234472948945897,South America,0.010160020320040708
Guyana,GUY,1996,3.62852730505461,South America,0.005080010160020354
Guyana,GUY,1997,3.62852730505461,South America,0.0
Guyana,GUY,1998,3.62852730505461,South America,0.0
Guyana,GUY,1999,3.62852730505461,South America,0.0
Guyana,GUY,2000,3.6336073152146304,South America,0.005080010160020354
Guyana,GUY,2001,3.643767335534671,South America,0.010160020320040708
Guyana,GUY,2002,3.645957327914656,South America,0.002189992379984851
Guyana,GUY,2003,3.648147320294641,South America,0.002189992379984851
Guyana,GUY,2004,3.6503373126746257,South America,0.002189992379984851
Guyana,GUY,2005,3.65252730505461,South America,0.0021899923799844068
Guyana,GUY,2006,3.65252730505461,South America,0.0
Guyana,GUY,2007,3.65252730505461,South America,0.0
Guyana,GUY,2008,3.65252730505461,South America,0.0
Guyana,GUY,2009,3.65252730505461,South America,0.0
Guyana,GUY,2010,3.65252730505461,South America,0.0
Guyana,GUY,2011,3.65252730505461,South America,0.0
Guyana,GUY,2012,3.65252730505461,South America,0.0
Guyana,GUY,2013,3.65252730505461,South America,0.0
Guyana,GUY,2014,3.65252730505461,South America,0.0
Guyana,GUY,2015,3.65252730505461,South America,0.0
Guyana,GUY,2016,3.65252730505461,South America,0.0
Guyana,GUY,2017,3.65252730505461,South America,0.0
Guyana,GUY,2018,3.65252730505461,South America,0.0
Guyana,GUY,2019,3.65252730505461,South America,0.0
Guyana,GUY,2020,3.4053234820498246,South America,-0.2472038230047855
Guyana,GUY,2021,3.410059676044331,South America,0.004736193994506532
Guyana,GUY,2022,3.410059676044331,South America,0.0
Guyana,GUY,2023,3.410059676044331,South America,0.0
Haiti,HTI,1961,60.2322206095791,North America,
Haiti,HTI,1962,60.41364296081277,North America,0.181422351233671
Haiti,HTI,1963,60.59506531204645,North America,0.18142235123367811
Haiti,HTI,1964,60.77648766328012,North America,0.181422351233671
Haiti,HTI,1965,60.957910014513786,North America,0.1814223512336639
Haiti,HTI,1966,61.13933236574746,North America,0.181422351233671
Haiti,HTI,1967,61.32075471698113,North America,0.181422351233671
Haiti,HTI,1968,61.502177068214806,North America,0.18142235123367811
Haiti,HTI,1969,61.68359941944848,North America,0.181422351233671
Haiti,HTI,1970,61.86502177068215,North America,0.181422351233671
Haiti,HTI,1971,62.04644412191583,North America,0.18142235123368522
Haiti,HTI,1972,57.47460087082729,North America,-4.571843251088545
Haiti,HTI,1973,57.43831640058055,North America,-0.03628447024674131
Haiti,HTI,1974,57.43831640058055,North America,0.0
Haiti,HTI,1975,57.43831640058055,North America,0.0
Haiti,HTI,1976,57.51088534107402,North America,0.07256894049347551
Haiti,HTI,1977,57.51088534107402,North America,0.0
Haiti,HTI,1978,57.87373004354136,North America,0.3628447024673349
Haiti,HTI,1979,57.87373004354136,North America,0.0
Haiti,HTI,1980,58.05515239477504,North America,0.18142235123368522
Haiti,HTI,1981,58.05515239477504,North America,0.0
Haiti,HTI,1982,58.05515239477504,North America,0.0
Haiti,HTI,1983,58.05515239477504,North America,0.0
Haiti,HTI,1984,58.05515239477504,North America,0.0
Haiti,HTI,1985,58.05515239477504,North America,0.0
Haiti,HTI,1986,58.05515239477504,North America,0.0
Haiti,HTI,1987,58.05515239477504,North America,0.0
Haiti,HTI,1988,58.01886792452831,North America,-0.0362844702467342
Haiti,HTI,1989,57.98258345428157,North America,-0.03628447024674131
Haiti,HTI,1990,57.94629898403484,North America,-0.036284470246727096
Haiti,HTI,1991,57.9100145137881,North America,-0.03628447024674131
Haiti,HTI,1992,57.14804063860668,North America,-0.7619738751814182
Haiti,HTI,1993,57.14804063860668,North America,0.0
Haiti,HTI,1994,57.87373004354136,North America,0.7256894049346769
Haiti,HTI,1995,57.692307692307686,North America,-0.181422351233671
Haiti,HTI,1996,57.692307692307686,North America,0.0
Haiti,HTI,1997,61.32075471698113,North America,3.6284470246734415
Haiti,HTI,1998,61.32075471698113,North America,0.0
Haiti,HTI,1999,61.32075471698113,North America,0.0
Haiti,HTI,2000,61.32075471698113,North America,0.0
Haiti,HTI,2001,60.59506531204645,North America,-0.7256894049346769
Haiti,HTI,2002,60.59506531204645,North America,0.0
Haiti,HTI,2003,60.59506531204645,North America,0.0
Haiti,HTI,2004,60.59506531204645,North America,0.0
Haiti,HTI,2005,64.22351233671988,North America,3.6284470246734273
Haiti,HTI,2006,64.22351233671988,North America,0.0
Haiti,HTI,2007,64.22351233671988,North America,0.0
Haiti,HTI,2008,64.22351233671988,North America,0.0
Haiti,HTI,2009,65.90457184325109,North America,1.6810595065312128
Haiti,HTI,2010,71.98838896952104,North America,6.083817126269949
Haiti,HTI,2011,72.8955007256894,North America,0.9071117561683621
Haiti,HTI,2012,73.43976777939042,North America,0.5442670537010201
Haiti,HTI,2013,75.03628447024674,North America,1.596516690856319
Haiti,HTI,2014,75.03628447024674,North America,0.0
Haiti,HTI,2015,75.03628447024674,North America,0.0
Haiti,HTI,2016,75.03628447024674,North America,0.0
Haiti,HTI,2017,72.93178519593614,North America,-2.104499274310598
Haiti,HTI,2018,72.38751814223512,North America,-0.5442670537010201
Haiti,HTI,2019,64.94920174165458,North America,-7.438316400580547
Haiti,HTI,2020,64.94920174165458,North America,0.0
Haiti,HTI,2021,65.13062409288824,North America,0.1814223512336639
Haiti,HTI,2022,65.13062409288824,North America,0.0
Haiti,HTI,2023,65.13062409288824,North America,0.0
Heavily indebted poor countries (HIPC),HPC,1961,31.80718174541255,Other,
Heavily indebted poor countries (HIPC),HPC,1962,31.83899957061719,Other,0.031817825204640826
Heavily indebted poor countries (HIPC),HPC,1963,31.93354261214285,Other,0.09454304152566095
Heavily indebted poor countries (HIPC),HPC,1964,32.00332521321231,Other,0.06978260106945555
Heavily indebted poor countries (HIPC),HPC,1965,32.04586003766945,Other,0.042534824457142406
Heavily indebted poor countries (HIPC),HPC,1966,32.079948510925114,Other,0.03408847325566455
Heavily indebted poor countries (HIPC),HPC,1967,32.11276788120749,Other,0.03281937028237536
Heavily indebted poor countries (HIPC),HPC,1968,32.20107408982241,Other,0.08830620861492378
Heavily indebted poor countries (HIPC),HPC,1969,32.24985336537147,Other,0.04877927554905881
Heavily indebted poor countries (HIPC),HPC,1970,32.2728256221059,Other,0.02297225673442682
Heavily indebted poor countries (HIPC),HPC,1971,32.40083054148496,Other,0.1280049193790589
Heavily indebted poor countries (HIPC),HPC,1972,32.45408703440241,Other,0.05325649291745549
Heavily indebted poor countries (HIPC),HPC,1973,32.48203887840467,Other,0.027951844002259918
Heavily indebted poor countries (HIPC),HPC,1974,32.500700613419966,Other,0.01866173501529289
Heavily indebted poor countries (HIPC),HPC,1975,32.60169059210475,Other,0.10098997868478676
Heavily indebted poor countries (HIPC),HPC,1976,32.655966356010445,Other,0.054275763905693
Heavily indebted poor countries (HIPC),HPC,1977,32.72803694058395,Other,0.07207058457350257
Heavily indebted poor countries (HIPC),HPC,1978,32.82053006136387,Other,0.09249312077992045
Heavily indebted poor countries (HIPC),HPC,1979,32.86396502105437,Other,0.04343495969050082
Heavily indebted poor countries (HIPC),HPC,1980,32.92281322454375,Other,0.05884820348938291
Heavily indebted poor countries (HIPC),HPC,1981,33.03614672499235,Other,0.11333350044859714
Heavily indebted poor countries (HIPC),HPC,1982,33.097202883647654,Other,0.06105615865530467
Heavily indebted poor countries (HIPC),HPC,1983,33.17409191745169,Other,0.07688903380403644
Heavily indebted poor countries (HIPC),HPC,1984,33.280499811043015,Other,0.10640789359132441
Heavily indebted poor countries (HIPC),HPC,1985,33.4068971481104,Other,0.1263973370673881
Heavily indebted poor countries (HIPC),HPC,1986,33.52946335540053,Other,0.12256620729012724
Heavily indebted poor countries (HIPC),HPC,1987,33.55208346350814,Other,0.022620108107609838
Heavily indebted poor countries (HIPC),HPC,1988,33.63414395296786,Other,0.082060489459721
Heavily indebted poor countries (HIPC),HPC,1989,33.67371064888585,Other,0.03956669591799056
Heavily indebted poor countries (HIPC),HPC,1990,33.7988017159543,Other,0.1250910670684462
Heavily indebted poor countries (HIPC),HPC,1991,33.91863861145399,Other,0.11983689549969512
Heavily indebted poor countries (HIPC),HPC,1992,34.05459439496624,Other,0.13595578351224447
Heavily indebted poor countries (HIPC),HPC,1993,34.28295023056373,Other,0.2283558355974904
Heavily indebted poor countries (HIPC),HPC,1994,34.430668696684066,Other,0.14771846612033812
Heavily indebted poor countries (HIPC),HPC,1995,34.638310196394805,Other,0.2076414997107392
Heavily indebted poor countries (HIPC),HPC,1996,34.813891727379875,Other,0.17558153098507034
Heavily indebted poor countries (HIPC),HPC,1997,35.00472374390084,Other,0.1908320165209645
Heavily indebted poor countries (HIPC),HPC,1998,35.09986244612262,Other,0.09513870222178156
Heavily indebted poor countries (HIPC),HPC,1999,35.32014944762936,Other,0.2202870015067404
Heavily indebted poor countries (HIPC),HPC,2000,35.47511799231533,Other,0.1549685446859712
Heavily indebted poor countries (HIPC),HPC,2001,35.62163129242235,Other,0.14651330010701713
Heavily indebted poor countries (HIPC),HPC,2002,35.73367772156041,Other,0.1120464291380614
Heavily indebted poor countries (HIPC),HPC,2003,35.92906502552686,Other,0.19538730396644866
Heavily indebted poor countries (HIPC),HPC,2004,35.73289128791919,Other,-0.19617373760767265
Heavily indebted poor countries (HIPC),HPC,2005,36.18828860466614,Other,0.4553973167469536
Heavily indebted poor countries (HIPC),HPC,2006,36.33589330696814,Other,0.1476047023019973
Heavily indebted poor countries (HIPC),HPC,2007,36.53778820995215,Other,0.2018949029840087
Heavily indebted poor countries (HIPC),HPC,2008,36.66468094200256,Other,0.12689273205041474
Heavily indebted poor countries (HIPC),HPC,2009,36.89804898556267,Other,0.23336804356010532
Heavily indebted poor countries (HIPC),HPC,2010,37.16572056829771,Other,0.26767158273504066
Heavily indebted poor countries (HIPC),HPC,2011,37.38127632811123,Other,0.21555575981351893
Heavily indebted poor countries (HIPC),HPC,2012,39.763416280844496,Other,2.3821399527332687
Heavily indebted poor countries (HIPC),HPC,2013,40.0062634876552,Other,0.24284720681070127
Heavily indebted poor countries (HIPC),HPC,2014,40.16843860554461,Other,0.16217511788941152
Heavily indebted poor countries (HIPC),HPC,2015,40.35864223824439,Other,0.19020363269978446
Heavily indebted poor countries (HIPC),HPC,2016,40.45098091815502,Other,0.09233867991062539
Heavily indebted poor countries (HIPC),HPC,2017,40.60779063856304,Other,0.15680972040802033
Heavily indebted poor countries (HIPC),HPC,2018,40.831434263061055,Other,0.2236436244980169
Heavily indebted poor countries (HIPC),HPC,2019,40.93837601571576,Other,0.10694175265470562
Heavily indebted poor countries (HIPC),HPC,2020,41.047133543225385,Other,0.1087575275096242
Heavily indebted poor countries (HIPC),HPC,2021,41.17233759724322,Other,0.12520405401783563
Heavily indebted poor countries (HIPC),HPC,2022,41.23430384039407,Other,0.061966243150848754
Honduras,HND,1961,26.633300563053,North America,
Honduras,HND,1962,26.722674054875323,North America,0.08937349182232168
Honduras,HND,1963,26.767360800786488,North America,0.044686745911164394
Honduras,HND,1964,26.81204754669765,North America,0.04468674591116084
Honduras,HND,1965,26.856734292608813,North America,0.044686745911164394
Honduras,HND,1966,26.94610778443114,North America,0.08937349182232524
Honduras,HND,1967,27.035481276253464,North America,0.08937349182232524
Honduras,HND,1968,27.080168022164624,North America,0.04468674591116084
Honduras,HND,1969,27.080168022164624,North America,0.0
Honduras,HND,1970,27.16954151398695,North America,0.08937349182232524
Honduras,HND,1971,27.214228259898118,North America,0.04468674591116795
Honduras,HND,1972,27.52703548127625,North America,0.312807221378133
Honduras,HND,1973,27.616408973098576,North America,0.08937349182232524
Honduras,HND,1974,27.670033068191973,North America,0.05362409509339727
Honduras,HND,1975,28.018589686299045,North America,0.3485566181070716
Honduras,HND,1976,28.33139690767718,North America,0.31280722137813655
Honduras,HND,1977,29.001698096344622,North America,0.670301188667441
Honduras,HND,1978,29.108946286531417,North America,0.10724819018679455
Honduras,HND,1979,29.108946286531417,North America,0.0
Honduras,HND,1980,29.108946286531417,North America,0.0
Honduras,HND,1981,29.171507730807043,North America,0.0625614442756266
Honduras,HND,1982,29.216194476718204,North America,0.04468674591116084
Honduras,HND,1983,29.22513182590044,North America,0.008937349182236431
Honduras,HND,1984,29.287693270176067,North America,0.0625614442756266
Honduras,HND,1985,29.2966306193583,North America,0.008937349182232879
Honduras,HND,1986,29.359192063633927,North America,0.0625614442756266
Honduras,HND,1987,29.359192063633927,North America,0.0
Honduras,HND,1988,29.359192063633927,North America,0.0
Honduras,HND,1989,30.12780409330593,North America,0.7686120296720027
Honduras,HND,1990,29.671999285012063,North America,-0.45580480829386616
Honduras,HND,1991,29.86862096702118,North America,0.19662168200911623
Honduras,HND,1992,29.984806506390203,North America,0.11618553936902387
Honduras,HND,1993,31.709714898561085,North America,1.7249083921708817
Honduras,HND,1994,31.45946912145858,North America,-0.2502457771025064
Honduras,HND,1995,31.101975154169278,North America,-0.35749396728930094
Honduras,HND,1996,31.101975154169278,North America,0.0
Honduras,HND,1997,30.342300473679508,North America,-0.7596746804897698
Honduras,HND,1998,30.342300473679508,North America,0.0
Honduras,HND,1999,29.823934221110022,North America,-0.5183662525694857
Honduras,HND,2000,26.231119849852536,North America,-3.592814371257486
Honduras,HND,2001,26.24005719903477,North America,0.008937349182232879
Honduras,HND,2002,27.06229332380016,North America,0.8222361247653893
Honduras,HND,2003,28.17946197157923,North America,1.1171686477790708
Honduras,HND,2004,28.06327643221021,North America,-0.11618553936902032
Honduras,HND,2005,28.15264992403253,North America,0.08937349182232168
Honduras,HND,2006,28.242023415854856,North America,0.08937349182232524
Honduras,HND,2007,28.242023415854856,North America,0.0
Honduras,HND,2008,28.45651979622844,North America,0.21449638037358554
Honduras,HND,2009,28.58164268477969,North America,0.12512288855124964
Honduras,HND,2010,29.20725712753597,North America,0.6256144427562802
Honduras,HND,2011,29.59156314237197,North America,0.3843060148359996
Honduras,HND,2012,30.011618553936906,North America,0.42005541156493464
Honduras,HND,2013,30.11886674412369,North America,0.10724819018678389
Honduras,HND,2014,30.163553490034857,North America,0.04468674591116795
Honduras,HND,2015,30.163553490034857,North America,0.0
Honduras,HND,2016,30.60148359996425,North America,0.4379301099293933
Honduras,HND,2017,31.173473947627134,North America,0.5719903476628829
Honduras,HND,2018,31.361158280454017,North America,0.18768433282688335
Honduras,HND,2019,31.361158280454017,North America,0.0
Honduras,HND,2020,31.62034140673876,North America,0.2591831262847428
Honduras,HND,2021,31.959960675663595,North America,0.3396192689248352
Honduras,HND,2022,31.959960675663595,North America,0.0
Honduras,HND,2023,31.959960675663595,North America,0.0
"Hong Kong SAR, China",HKG,1961,13.725490196078432,Other,
"Hong Kong SAR, China",HKG,1962,13.725490196078432,Other,0.0
"Hong Kong SAR, China",HKG,1963,13.725490196078432,Other,0.0
"Hong Kong SAR, China",HKG,1964,12.745098039215684,Other,-0.9803921568627487
"Hong Kong SAR, China",HKG,1965,12.745098039215684,Other,0.0
"Hong Kong SAR, China",HKG,1966,12.745098039215684,Other,0.0
"Hong Kong SAR, China",HKG,1967,12.745098039215684,Other,0.0
"Hong Kong SAR, China",HKG,1968,12.745098039215684,Other,0.0
"Hong Kong SAR, China",HKG,1969,12.745098039215684,Other,0.0
"Hong Kong SAR, China",HKG,1970,12.745098039215684,Other,0.0
"Hong Kong SAR, China",HKG,1971,11.76470588235294,Other,-0.9803921568627434
"Hong Kong SAR, China",HKG,1972,11.76470588235294,Other,0.0
"Hong Kong SAR, China",HKG,1973,11.76470588235294,Other,0.0
"Hong Kong SAR, China",HKG,1974,11.76470588235294,Other,0.0
"Hong Kong SAR, China",HKG,1975,9.9009900990099,Other,-1.863715783343041
"Hong Kong SAR, China",HKG,1976,9.9009900990099,Other,0.0
"Hong Kong SAR, China",HKG,1977,9.0,Other,-0.9009900990098991
"Hong Kong SAR, China",HKG,1978,8.0,Other,-1.0
"Hong Kong SAR, China",HKG,1979,8.0,Other,0.0
"Hong Kong SAR, China",HKG,1980,9.0,Other,1.0
"Hong Kong SAR, China",HKG,1981,9.0,Other,0.0
"Hong Kong SAR, China",HKG,1982,9.090909090909092,Other,0.09090909090909172
"Hong Kong SAR, China",HKG,1983,9.090909090909092,Other,0.0
"Hong Kong SAR, China",HKG,1984,9.090909090909092,Other,0.0
"Hong Kong SAR, China",HKG,1985,9.090909090909092,Other,0.0
"Hong Kong SAR, China",HKG,1986,9.090909090909092,Other,0.0
"Hong Kong SAR, China",HKG,1987,9.090909090909092,Other,0.0
"Hong Kong SAR, China",HKG,1988,9.090909090909092,Other,0.0
"Hong Kong SAR, China",HKG,1989,8.080808080808081,Other,-1.0101010101010104
"Hong Kong SAR, China",HKG,1990,8.080808080808081,Other,0.0
"Hong Kong SAR, China",HKG,1991,8.080808080808081,Other,0.0
"Hong Kong SAR, China",HKG,1992,8.080808080808081,Other,0.0
"Hong Kong SAR, China",HKG,1993,8.080808080808081,Other,0.0
"Hong Kong SAR, China",HKG,1994,8.080808080808081,Other,0.0
"Hong Kong SAR, China",HKG,1995,7.6190476190476195,Other,-0.4617604617604618
"Hong Kong SAR, China",HKG,1996,7.6190476190476195,Other,0.0
"Hong Kong SAR, China",HKG,1997,6.666666666666667,Other,-0.9523809523809526
"Hong Kong SAR, China",HKG,1998,6.666666666666667,Other,0.0
"Hong Kong SAR, China",HKG,1999,6.666666666666667,Other,0.0
"Hong Kong SAR, China",HKG,2000,6.666666666666667,Other,0.0
"Hong Kong SAR, China",HKG,2001,6.666666666666667,Other,0.0
"Hong Kong SAR, China",HKG,2002,6.666666666666667,Other,0.0
"Hong Kong SAR, China",HKG,2003,6.666666666666667,Other,0.0
"Hong Kong SAR, China",HKG,2004,6.666666666666667,Other,0.0
"Hong Kong SAR, China",HKG,2005,6.666666666666667,Other,0.0
"Hong Kong SAR, China",HKG,2006,5.714285714285714,Other,-0.9523809523809526
"Hong Kong SAR, China",HKG,2007,5.714285714285714,Other,0.0
"Hong Kong SAR, China",HKG,2008,5.714285714285714,Other,0.0
"Hong Kong SAR, China",HKG,2009,5.714285714285714,Other,0.0
"Hong Kong SAR, China",HKG,2010,5.238095238095238,Other,-0.4761904761904763
"Hong Kong SAR, China",HKG,2011,5.238095238095238,Other,0.0
"Hong Kong SAR, China",HKG,2012,4.857142857142857,Other,-0.3809523809523814
"Hong Kong SAR, China",HKG,2013,4.857142857142857,Other,0.0
"Hong Kong SAR, China",HKG,2014,4.857142857142857,Other,0.0
"Hong Kong SAR, China",HKG,2015,4.857142857142857,Other,0.0
"Hong Kong SAR, China",HKG,2016,4.761904761904762,Other,-0.0952380952380949
"Hong Kong SAR, China",HKG,2017,4.857142857142857,Other,0.0952380952380949
"Hong Kong SAR, China",HKG,2018,4.761904761904762,Other,-0.0952380952380949
"Hong Kong SAR, China",HKG,2019,4.761904761904762,Other,0.0
"Hong Kong SAR, China",HKG,2020,3.8095238095238098,Other,-0.9523809523809521
"Hong Kong SAR, China",HKG,2021,3.8095238095238098,Other,0.0
"Hong Kong SAR, China",HKG,2022,3.8095238095238098,Other,0.0
"Hong Kong SAR, China",HKG,2023,3.8095238095238098,Other,0.0
Hungary,HUN,1961,78.66503776099512,Europe,
Hungary,HUN,1962,77.89380137747168,Europe,-0.7712363835234441
Hungary,HUN,1963,77.57414195268244,Europe,-0.31965942478923637
Hungary,HUN,1964,77.51860490947462,Europe,-0.0555370432078206
Hungary,HUN,1965,77.23839146856254,Europe,-0.2802134409120782
Hungary,HUN,1966,76.95811576491501,Europe,-0.28027570364753274
Hungary,HUN,1967,76.82222222222222,Europe,-0.1358935426927843
Hungary,HUN,1968,76.70852316924103,Europe,-0.11369905298118965
Hungary,HUN,1969,76.541837981998,Europe,-0.16668518724303283
Hungary,HUN,1970,76.40586797066014,Europe,-0.1359700113378608
Hungary,HUN,1971,76.19206402134044,Europe,-0.21380394931969704
Hungary,HUN,1972,76.09203067689229,Europe,-0.10003334444814982
Hungary,HUN,1973,75.96976770034456,Europe,-0.12226297654773077
Hungary,HUN,1974,75.38068244970546,Europe,-0.5890852506391013
Hungary,HUN,1975,75.24730465710793,Europe,-0.13337779259752836
Hungary,HUN,1976,75.1195108393552,Europe,-0.1277938177527318
Hungary,HUN,1977,74.79991107158737,Europe,-0.3195997677678264
Hungary,HUN,1978,74.44703790152273,Europe,-0.35287317006464036
Hungary,HUN,1979,73.96574733096085,Europe,-0.48129057056188174
Hungary,HUN,1980,73.70704037370704,Europe,-0.258706957253807
Hungary,HUN,1981,73.42602892102336,Europe,-0.28101145268368555
Hungary,HUN,1982,73.22282790076761,Europe,-0.20320102025574727
Hungary,HUN,1983,73.10858923008455,Europe,-0.11423867068306492
Hungary,HUN,1984,72.91944815309301,Europe,-0.1891410769915325
Hungary,HUN,1985,72.75255896751224,Europe,-0.16688918558077148
Hungary,HUN,1986,72.57454383622608,Europe,-0.1780151312861591
Hungary,HUN,1987,72.44103248776146,Europe,-0.13351134846462287
Hungary,HUN,1988,72.2933125625904,Europe,-0.14771992517106014
Hungary,HUN,1989,72.14865917436298,Europe,-0.14465338822742524
Hungary,HUN,1990,72.03738733726493,Europe,-0.11127183709804456
Hungary,HUN,1991,71.8816067653277,Europe,-0.15578057193722827
Hungary,HUN,1992,68.2763992433515,Europe,-3.6052075219761974
Hungary,HUN,1993,68.21722679724014,Europe,-0.05917244611136141
Hungary,HUN,1994,68.12819942132205,Europe,-0.08902737591809284
Hungary,HUN,1995,68.76251947473848,Europe,0.634320053416431
Hungary,HUN,1996,68.81816158468729,Europe,0.05564210994880625
Hungary,HUN,1997,68.98663697104676,Europe,0.168475386359475
Hungary,HUN,1998,68.96436525612472,Europe,-0.022271714922041497
Hungary,HUN,1999,68.88641425389756,Europe,-0.07795100222716655
Hungary,HUN,2000,65.32024101763,Europe,-3.5661732362675593
Hungary,HUN,2001,65.44298147734881,Europe,0.12274045971881264
Hungary,HUN,2002,65.26444989957598,Europe,-0.17853157777283002
Hungary,HUN,2003,65.44298147734881,Europe,0.17853157777283002
Hungary,HUN,2004,65.431823253738,Europe,-0.011158223610806317
Hungary,HUN,2005,65.42796562883608,Europe,-0.0038576249019257602
Hungary,HUN,2006,64.8253543131347,Europe,-0.602611315701381
Hungary,HUN,2007,64.80303537551613,Europe,-0.022318937618564405
Hungary,HUN,2008,64.61332440575829,Europe,-0.18971096975784008
Hungary,HUN,2009,63.87937700209875,Europe,-0.7339474036595419
Hungary,HUN,2010,59.01910968739645,Europe,-4.860267314702298
Hungary,HUN,2011,58.952833314923225,Europe,-0.06627637247322582
Hungary,HUN,2012,58.9638793770021,Europe,0.011046062078875707
Hungary,HUN,2013,58.06914834861372,Europe,-0.894731028388378
Hungary,HUN,2014,57.681349989042296,Europe,-0.38779835957142694
Hungary,HUN,2015,57.681349989042296,Europe,0.0
Hungary,HUN,2016,57.87858864781942,Europe,0.197238658777124
Hungary,HUN,2017,58.10870041639272,Europe,0.23011176857330184
Hungary,HUN,2018,58.03199649353496,Europe,-0.07670392285776018
Hungary,HUN,2019,57.83475783475783,Europe,-0.1972386587771311
Hungary,HUN,2020,53.87543940390094,Europe,-3.9593184308568894
Hungary,HUN,2021,55.26724304185843,Europe,1.3918036379574872
Hungary,HUN,2022,55.62143326758712,Europe,0.3541902257286935
Hungary,HUN,2023,55.6985097523559,Europe,0.07707648476878148
Iceland,ISL,1961,21.14713216957606,Europe,
Iceland,ISL,1962,21.14713216957606,Europe,0.0
Iceland,ISL,1963,21.14713216957606,Europe,0.0
Iceland,ISL,1964,21.14713216957606,Europe,0.0
Iceland,ISL,1965,21.14713216957606,Europe,0.0
Iceland,ISL,1966,21.14713216957606,Europe,0.0
Iceland,ISL,1967,21.14713216957606,Europe,0.0
Iceland,ISL,1968,21.14713216957606,Europe,0.0
Iceland,ISL,1969,21.14713216957606,Europe,0.0
Iceland,ISL,1970,19.96009975062344,Europe,-1.1870324189526222
Iceland,ISL,1971,19.860349127182044,Europe,-0.09975062344139474
Iceland,ISL,1972,19.76059850374065,Europe,-0.09975062344139474
Iceland,ISL,1973,19.66084788029925,Europe,-0.09975062344139829
Iceland,ISL,1974,19.55112219451372,Europe,-0.10972568578553066
Iceland,ISL,1975,19.45137157107232,Europe,-0.09975062344140184
Iceland,ISL,1976,19.351620947630924,Europe,-0.09975062344139474
Iceland,ISL,1977,19.261845386533665,Europe,-0.08977556109725882
Iceland,ISL,1978,19.16209476309227,Europe,-0.09975062344139474
Iceland,ISL,1979,19.06234413965087,Europe,-0.09975062344139829
Iceland,ISL,1980,18.952618453865338,Europe,-0.10972568578553421
Iceland,ISL,1981,18.952618453865338,Europe,0.0
Iceland,ISL,1982,18.952618453865338,Europe,0.0
Iceland,ISL,1983,18.952618453865338,Europe,0.0
Iceland,ISL,1984,18.952618453865338,Europe,0.0
Iceland,ISL,1985,18.952618453865338,Europe,0.0
Iceland,ISL,1986,18.952618453865338,Europe,0.0
Iceland,ISL,1987,18.952618453865338,Europe,0.0
Iceland,ISL,1988,18.952618453865338,Europe,0.0
Iceland,ISL,1989,18.952618453865338,Europe,0.0
Iceland,ISL,1990,18.962593516209477,Europe,0.009975062344139474
Iceland,ISL,1991,18.962593516209477,Europe,0.0
Iceland,ISL,1992,18.962593516209477,Europe,0.0
Iceland,ISL,1993,18.952618453865338,Europe,-0.009975062344139474
Iceland,ISL,1994,18.952618453865338,Europe,0.0
Iceland,ISL,1995,18.9426433915212,Europe,-0.009975062344135921
Iceland,ISL,1996,18.92269326683292,Europe,-0.0199501246882825
Iceland,ISL,1997,18.90274314214464,Europe,-0.019950124688278947
Iceland,ISL,1998,18.86284289276808,Europe,-0.03990024937656145
Iceland,ISL,1999,18.8428927680798,Europe,-0.019950124688278947
Iceland,ISL,2000,18.8428927680798,Europe,0.0
Iceland,ISL,2001,18.8428927680798,Europe,0.0
Iceland,ISL,2002,18.82294264339152,Europe,-0.019950124688278947
Iceland,ISL,2003,18.80299251870324,Europe,-0.0199501246882825
Iceland,ISL,2004,18.793017456359102,Europe,-0.009975062344135921
Iceland,ISL,2005,18.773067331670823,Europe,-0.019950124688278947
Iceland,ISL,2006,18.763092269326684,Europe,-0.009975062344139474
Iceland,ISL,2007,18.713216957605987,Europe,-0.04987531172069737
Iceland,ISL,2008,18.713216957605987,Europe,0.0
Iceland,ISL,2009,18.703241895261847,Europe,-0.009975062344139474
Iceland,ISL,2010,18.693266832917708,Europe,-0.009975062344139474
Iceland,ISL,2011,18.685286783042397,Europe,-0.007980049875310868
Iceland,ISL,2012,18.675311720698254,Europe,-0.009975062344143026
Iceland,ISL,2013,18.675311720698254,Europe,0.0
Iceland,ISL,2014,18.675311720698254,Europe,0.0
Iceland,ISL,2015,18.673316708229425,Europe,-0.0019950124688286053
Iceland,ISL,2016,18.673316708229425,Europe,0.0
Iceland,ISL,2017,18.673316708229425,Europe,0.0
Iceland,ISL,2018,18.56590300505802,Europe,-0.10741370317140664
Iceland,ISL,2019,18.56590300505802,Europe,0.0
Iceland,ISL,2020,18.56590300505802,Europe,0.0
Iceland,ISL,2021,18.56590300505802,Europe,0.0
Iceland,ISL,2022,18.56590300505802,Europe,0.0
Iceland,ISL,2023,16.245165129425764,Europe,-2.320737875632254
India,IND,1961,58.843195355829934,Asia,
India,IND,1962,59.35779415375405,Asia,0.5145987979241156
India,IND,1963,59.247474934329794,Asia,-0.11031921942425527
India,IND,1964,59.43515214298447,Asia,0.18767720865467652
India,IND,1965,59.59154981686336,Asia,0.15639767387889236
India,IND,1966,59.71027751337788,Asia,0.11872769651451875
India,IND,1967,59.80344343953801,Asia,0.09316592616012542
India,IND,1968,59.99078430910907,Asia,0.18734086957105944
India,IND,1969,59.79839835328384,Asia,-0.19238595582523033
India,IND,1970,59.88584651502259,Asia,0.08744816173875591
India,IND,1971,59.806806830374114,Asia,-0.07903968464847821
India,IND,1972,59.85019457215986,Asia,0.04338774178574312
India,IND,1973,60.12094753446635,Asia,0.2707529623064957
India,IND,1974,60.29954358786354,Asia,0.17859605339718598
India,IND,1975,60.43811529031108,Asia,0.13857170244754258
India,IND,1976,60.422980031548605,Asia,-0.015135258762477122
India,IND,1977,60.4034723646992,Asia,-0.019507666849406746
India,IND,1978,60.74014778739334,Asia,0.3366754226941424
India,IND,1979,60.736111718390006,Asia,-0.004036069003333864
India,IND,1980,60.632519280637965,Asia,-0.10359243775204163
India,IND,1981,60.67590702242372,Asia,0.04338774178575733
India,IND,1982,60.80035248335962,Asia,0.12444546093589537
India,IND,1983,60.69642370652397,Asia,-0.1039287768356445
India,IND,1984,61.0293993992984,Asia,0.3329756927744256
India,IND,1985,60.99172942193402,Asia,-0.03766997736438071
India,IND,1986,60.94195123755966,Asia,-0.04977818437436099
India,IND,1987,61.06000625590695,Asia,0.11805501834729171
India,IND,1988,60.90798099011499,Asia,-0.15202526579195563
India,IND,1989,61.04588001439532,Asia,0.13789902428032974
India,IND,1990,61.01628217503758,Asia,-0.029597839357741407
India,IND,1991,61.074468836502206,Asia,0.05818666146462448
India,IND,1992,60.97995755400765,Asia,-0.0945112824945582
India,IND,1993,61.00585566344567,Asia,0.02589810943802462
India,IND,1994,60.9752488068371,Asia,-0.03060685660857132
India,IND,1995,60.85887548390786,Asia,-0.11637332292924185
India,IND,1996,60.73913877014251,Asia,-0.11973671376534867
India,IND,1997,60.87098369091783,Asia,0.13184492077532184
India,IND,1998,60.8349954089715,Asia,-0.03598828194633086
India,IND,1999,60.88443725426226,Asia,0.049441845290758124
India,IND,2000,60.86896565641617,Asia,-0.015471597846087093
India,IND,2001,60.70483218361423,Asia,-0.16413347280194301
India,IND,2002,60.7293849367178,Asia,0.024552753103570524
India,IND,2003,60.62478348171493,Asia,-0.10460145500287155
India,IND,2004,60.667162206249856,Asia,0.042378724534927414
India,IND,2005,60.58341377443083,Asia,-0.08374843181902492
India,IND,2006,60.50941917603652,Asia,-0.07399459839430733
India,IND,2007,60.4132261981239,Asia,-0.09619297791262227
India,IND,2008,60.45930465257854,Asia,0.0460784544546371
India,IND,2009,60.563906107581424,Asia,0.10460145500288576
India,IND,2010,60.39741826119421,Asia,-0.1664878463872128
India,IND,2011,60.43004315230442,Asia,0.03262489111020983
India,IND,2012,60.420625657963335,Asia,-0.009417494341086297
India,IND,2013,60.43946064664553,Asia,0.01883498868219391
India,IND,2014,60.44955081915384,Asia,0.010090172508313344
India,IND,2015,60.43172484772248,Asia,-0.017825971431363996
India,IND,2016,60.399099956612254,Asia,-0.03262489111022404
India,IND,2017,60.28407199001745,Asia,-0.11502796659480197
India,IND,2018,60.24371129998419,Asia,-0.04036069003326048
India,IND,2019,60.21983122504785,Asia,-0.023880074936343476
India,IND,2020,60.0459439188212,Asia,-0.1738873062266464
India,IND,2021,60.05076476780832,Asia,0.004820848987115767
India,IND,2022,60.055585650429336,Asia,0.004820882621018541
India,IND,2023,60.06040649941645,Asia,0.004820848987115767
Indonesia,IDN,1961,17.238929050492114,Asia,
Indonesia,IDN,1962,17.341868710565976,Asia,0.10293966007386146
Indonesia,IDN,1963,17.46192551212484,Asia,0.12005680155886367
Indonesia,IDN,1964,17.525780566028363,Asia,0.06385505390352364
Indonesia,IDN,1965,17.66130345501416,Asia,0.1355228889857969
Indonesia,IDN,1966,17.753716389650968,Asia,0.09241293463680833
Indonesia,IDN,1967,17.820895742367117,Asia,0.06717935271614905
Indonesia,IDN,1968,18.037982302643567,Asia,0.21708656027644935
Indonesia,IDN,1969,18.25081945494792,Asia,0.21283715230435263
Indonesia,IDN,1970,18.328390236093558,Asia,0.07757078114563853
Indonesia,IDN,1971,18.543611342647537,Asia,0.21522110655397952
Indonesia,IDN,1972,18.74942022665423,Asia,0.20580888400669295
Indonesia,IDN,1973,18.908341714645307,Asia,0.1589214879910763
Indonesia,IDN,1974,19.05929519698383,Asia,0.15095348233852235
Indonesia,IDN,1975,19.27965063453248,Asia,0.22035543754865117
Indonesia,IDN,1976,19.270800189890537,Asia,-0.008850444641943511
Indonesia,IDN,1977,19.3831132111925,Asia,0.11231302130196497
Indonesia,IDN,1978,19.539298895433244,Asia,0.15618568424074297
Indonesia,IDN,1979,19.791433949557565,Asia,0.25213505412432013
Indonesia,IDN,1980,20.019440098919723,Asia,0.2280061493621588
Indonesia,IDN,1981,20.22608019563141,Asia,0.2066400967116877
Indonesia,IDN,1982,20.44402739060594,Asia,0.21794719497452775
Indonesia,IDN,1983,20.54711471265256,Asia,0.10308732204662263
Indonesia,IDN,1984,20.452977251776083,Asia,-0.09413746087647823
Indonesia,IDN,1985,21.682021671809533,Asia,1.2290444200334498
Indonesia,IDN,1986,22.79348852100664,Asia,1.1114668491971074
Indonesia,IDN,1987,24.004040693983672,Asia,1.2105521729770317
Indonesia,IDN,1988,24.36394950236535,Asia,0.3599088083816788
Indonesia,IDN,1989,24.528447700061275,Asia,0.16449819769592366
Indonesia,IDN,1990,24.88614847894368,Asia,0.3577007788824069
Indonesia,IDN,1991,22.92155423196454,Asia,-1.9645942469791429
Indonesia,IDN,1992,22.828816992995023,Asia,-0.0927372389695158
Indonesia,IDN,1993,23.193141860375256,Asia,0.3643248673802333
Indonesia,IDN,1994,23.16830152850842,Asia,-0.024840331866837317
Indonesia,IDN,1995,23.72417295495068,Asia,0.5558714264422626
Indonesia,IDN,1996,23.71865288120249,Asia,-0.005520073748190413
Indonesia,IDN,1997,23.71865288120249,Asia,0.0
Indonesia,IDN,1998,23.801453987425276,Asia,0.08280110622278514
Indonesia,IDN,1999,24.3534613622438,Asia,0.5520073748185226
Indonesia,IDN,2000,23.76434006793007,Asia,-0.5891212943137276
Indonesia,IDN,2001,24.202684500130225,Asia,0.43834443220015373
Indonesia,IDN,2002,24.52225516759085,Asia,0.31957066746062424
Indonesia,IDN,2003,24.788564057141365,Asia,0.26630888955051546
Indonesia,IDN,2004,24.837368143811062,Asia,0.04880408666969771
Indonesia,IDN,2005,24.93943400839086,Asia,0.10206586457979938
Indonesia,IDN,2006,25.52085587416159,Asia,0.5814218657707286
Indonesia,IDN,2007,26.04901596202222,Asia,0.5281600878606305
Indonesia,IDN,2008,26.204343604512125,Asia,0.1553276424899046
Indonesia,IDN,2009,26.572718358642444,Asia,0.3683747541303184
Indonesia,IDN,2010,26.56826066740204,Asia,-0.00445769124040396
Indonesia,IDN,2011,27.096420755262663,Asia,0.5281600878606234
Indonesia,IDN,2012,27.091963064022256,Asia,-0.004457691240407513
Indonesia,IDN,2013,27.353814262332364,Asia,0.26185119831010795
Indonesia,IDN,2014,27.509141904822272,Asia,0.15532764248990816
Indonesia,IDN,2015,27.611207769402068,Asia,0.10206586457979583
Indonesia,IDN,2016,27.87305896771218,Asia,0.2618511983101115
Indonesia,IDN,2017,27.759893987757245,Asia,-0.11316497995493435
Indonesia,IDN,2018,28.41183444748096,Asia,0.6519404597237148
Indonesia,IDN,2019,28.750329344203703,Asia,0.338494896722743
Indonesia,IDN,2020,28.96499060728547,Asia,0.2146612630817657
Indonesia,IDN,2021,28.9558492042508,Asia,-0.009141403034668372
Indonesia,IDN,2022,29.00738301741824,Asia,0.051533813167438325
Indonesia,IDN,2023,29.125805755114804,Asia,0.11842273769656586
"Iran, Islamic Rep.",IRN,1961,36.39026007514919,Asia,
"Iran, Islamic Rep.",IRN,1962,36.40192539109506,Asia,0.011665315945869281
"Iran, Islamic Rep.",IRN,1963,36.43876323092414,Asia,0.03683783982907585
"Iran, Islamic Rep.",IRN,1964,36.475601070753214,Asia,0.03683783982907585
"Iran, Islamic Rep.",IRN,1965,36.51243891058228,Asia,0.03683783982906874
"Iran, Islamic Rep.",IRN,1966,36.51857855055379,Asia,0.006139639971507904
"Iran, Islamic Rep.",IRN,1967,36.56155603035438,Asia,0.042977479800590856
"Iran, Islamic Rep.",IRN,1968,36.59225423021194,Asia,0.030698199857560837
"Iran, Islamic Rep.",IRN,1969,36.63523171001252,Asia,0.042977479800576646
"Iran, Islamic Rep.",IRN,1970,36.65365062992706,Asia,0.018418919914537923
"Iran, Islamic Rep.",IRN,1971,36.93239028463371,Asia,0.27873965470665496
"Iran, Islamic Rep.",IRN,1972,37.32901102679339,Asia,0.39662074215967635
"Iran, Islamic Rep.",IRN,1973,37.74712050885336,Asia,0.41810948205996823
"Iran, Islamic Rep.",IRN,1974,37.42724526633759,Asia,-0.3198752425157636
"Iran, Islamic Rep.",IRN,1975,37.10798398781896,Asia,-0.3192612785186313
"Iran, Islamic Rep.",IRN,1976,36.80714162921486,Asia,-0.30084235860410047
"Iran, Islamic Rep.",IRN,1977,36.649352881947,Asia,-0.1577887472678583
"Iran, Islamic Rep.",IRN,1978,36.142218620300106,Asia,-0.5071342616468968
"Iran, Islamic Rep.",IRN,1979,36.78135514133451,Asia,0.639136521034402
"Iran, Islamic Rep.",IRN,1980,35.433704167587614,Asia,-1.3476509737468945
"Iran, Islamic Rep.",IRN,1981,35.781821753972345,Asia,0.3481175863847312
"Iran, Islamic Rep.",IRN,1982,36.142218620300106,Asia,0.36039686632776124
"Iran, Islamic Rep.",IRN,1983,36.35280827132297,Asia,0.21058965102286464
"Iran, Islamic Rep.",IRN,1984,36.55541639038287,Asia,0.20260811905989584
"Iran, Islamic Rep.",IRN,1985,37.06500650801837,Asia,0.5095901176355042
"Iran, Islamic Rep.",IRN,1986,37.26761462707827,Asia,0.20260811905989584
"Iran, Islamic Rep.",IRN,1987,37.47022274613816,Asia,0.20260811905989584
"Iran, Islamic Rep.",IRN,1988,37.986566467742335,Asia,0.5163437216041729
"Iran, Islamic Rep.",IRN,1989,37.88157862422948,Asia,-0.10498784351285195
"Iran, Islamic Rep.",IRN,1990,37.75878582479923,Asia,-0.12279279943025045
"Iran, Islamic Rep.",IRN,1991,38.67788992853459,Asia,0.9191041037353571
"Iran, Islamic Rep.",IRN,1992,39.16292148628405,Asia,0.4850315577494584
"Iran, Islamic Rep.",IRN,1993,39.38701834524424,Asia,0.22409685896019482
"Iran, Islamic Rep.",IRN,1994,39.39008816522999,Asia,0.0030698199857468467
"Iran, Islamic Rep.",IRN,1995,39.42140032908471,Asia,0.031312163854721575
"Iran, Islamic Rep.",IRN,1996,39.55585844446082,Asia,0.13445811537610552
"Iran, Islamic Rep.",IRN,1997,39.19054986615585,Asia,-0.365308578304969
"Iran, Islamic Rep.",IRN,1998,39.77688548343525,Asia,0.5863356172794028
"Iran, Islamic Rep.",IRN,1999,39.10152508656892,Asia,-0.6753603968663313
"Iran, Islamic Rep.",IRN,2000,38.60851199685651,Asia,-0.493013089712413
"Iran, Islamic Rep.",IRN,2001,39.18502419018149,Asia,0.5765121933249802
"Iran, Islamic Rep.",IRN,2002,39.32071023355191,Asia,0.1356860433704199
"Iran, Islamic Rep.",IRN,2003,39.45639627692232,Asia,0.1356860433704128
"Iran, Islamic Rep.",IRN,2004,39.59208232029274,Asia,0.1356860433704199
"Iran, Islamic Rep.",IRN,2005,29.243719148309143,Asia,-10.348363171983596
"Iran, Islamic Rep.",IRN,2006,29.37940519167956,Asia,0.13568604337041634
"Iran, Islamic Rep.",IRN,2007,29.51509123504998,Asia,0.1356860433704199
"Iran, Islamic Rep.",IRN,2008,28.662909207004105,Asia,-0.8521820280458741
"Iran, Islamic Rep.",IRN,2009,28.663645963800683,Asia,0.0007367567965772537
"Iran, Islamic Rep.",IRN,2010,28.573516049018888,Asia,-0.09012991478179444
"Iran, Islamic Rep.",IRN,2011,28.483386134237087,Asia,-0.09012991478180155
"Iran, Islamic Rep.",IRN,2012,28.39325621945529,Asia,-0.09012991478179799
"Iran, Islamic Rep.",IRN,2013,28.214101525086573,Asia,-0.1791546943687159
"Iran, Islamic Rep.",IRN,2014,28.214101525086573,Asia,0.0
"Iran, Islamic Rep.",IRN,2015,28.214101525086573,Asia,0.0
"Iran, Islamic Rep.",IRN,2016,28.214101525086573,Asia,0.0
"Iran, Islamic Rep.",IRN,2017,28.619414483821267,Asia,0.40531295873469375
"Iran, Islamic Rep.",IRN,2018,28.91525423728813,Asia,0.29583975346686486
"Iran, Islamic Rep.",IRN,2019,28.960246533127886,Asia,0.04499229583975506
"Iran, Islamic Rep.",IRN,2020,28.9848998459168,Asia,0.024653312788913695
"Iran, Islamic Rep.",IRN,2021,29.00893682588598,Asia,0.024036979969178418
"Iran, Islamic Rep.",IRN,2022,29.00893682588598,Asia,0.0
"Iran, Islamic Rep.",IRN,2023,29.00893682588598,Asia,0.0
Iraq,IRQ,1961,20.1202643071084,Asia,
Iraq,IRQ,1962,20.246015959027822,Asia,0.1257516519194226
Iraq,IRQ,1963,20.37176761094725,Asia,0.12575165191942617
Iraq,IRQ,1964,20.26887989574045,Asia,-0.10288771520679774
Iraq,IRQ,1965,20.394631547659877,Asia,0.12575165191942617
Iraq,IRQ,1966,20.406063516016182,Asia,0.011431968356305333
Iraq,IRQ,1967,20.531815167935616,Asia,0.12575165191943327
Iraq,IRQ,1968,20.543247136291924,Asia,0.011431968356308886
Iraq,IRQ,1969,20.55467910464824,Asia,0.011431968356315991
Iraq,IRQ,1970,20.561538285662024,Asia,0.00685918101378391
Iraq,IRQ,1971,20.5752566476896,Asia,0.013718362027574926
Iraq,IRQ,1972,20.94336602876283,Asia,0.3681093810732321
Iraq,IRQ,1973,20.966229965475456,Asia,0.022863936712624877
Iraq,IRQ,1974,21.21773326931431,Asia,0.25150330383885233
Iraq,IRQ,1975,21.22916523767062,Asia,0.011431968356312439
Iraq,IRQ,1976,21.22916523767062,Asia,0.0
Iraq,IRQ,1977,21.22916523767062,Asia,0.0
Iraq,IRQ,1978,21.466950179481906,Asia,0.2377849418112845
Iraq,IRQ,1979,21.58126986304502,Asia,0.11431968356311373
Iraq,IRQ,1980,21.58126986304502,Asia,0.0
Iraq,IRQ,1981,21.58126986304502,Asia,0.0
Iraq,IRQ,1982,21.606420193428903,Asia,0.025150330383883812
Iraq,IRQ,1983,21.606420193428903,Asia,0.0
Iraq,IRQ,1984,21.606420193428903,Asia,0.0
Iraq,IRQ,1985,21.64071609849784,Asia,0.034295905068937316
Iraq,IRQ,1986,21.681185266479183,Asia,0.04046916798134248
Iraq,IRQ,1987,21.643459770903352,Asia,-0.03772549557583105
Iraq,IRQ,1988,21.744747010540276,Asia,0.10128723963692465
Iraq,IRQ,1989,21.10661453689096,Asia,-0.6381324736493177
Iraq,IRQ,1990,21.12124745638704,Asia,0.014632919496079921
Iraq,IRQ,1991,22.013626906280724,Asia,0.892379449893685
Iraq,IRQ,1992,21.81676841118504,Asia,-0.19685849509568243
Iraq,IRQ,1993,22.57287879827149,Asia,0.7561103870864478
Iraq,IRQ,1994,21.31719139401422,Asia,-1.2556874042572694
Iraq,IRQ,1995,20.72684454809429,Asia,-0.5903468459199281
Iraq,IRQ,1996,20.7382765164506,Asia,0.011431968356308886
Iraq,IRQ,1997,19.77158927224089,Asia,-0.9666872442097088
Iraq,IRQ,1998,19.75192628666804,Asia,-0.01966298557285029
Iraq,IRQ,1999,19.388846971671583,Asia,-0.3630793149964582
Iraq,IRQ,2000,19.423371516107643,Asia,0.03452454443606001
Iraq,IRQ,2001,19.40256533369916,Asia,-0.020806182408481533
Iraq,IRQ,2002,19.85527128060909,Asia,0.45270594690992993
Iraq,IRQ,2003,19.857100395546105,Asia,0.0018291149370135429
Iraq,IRQ,2004,19.73043418615817,Asia,-0.12666620938793471
Iraq,IRQ,2005,20.064019022795343,Asia,0.3335848366371721
Iraq,IRQ,2006,20.5281569380616,Asia,0.4641379152662566
Iraq,IRQ,2007,20.883233875208635,Asia,0.3550769371470359
Iraq,IRQ,2008,18.75117177675652,Asia,-2.1320620984521135
Iraq,IRQ,2009,18.064560692576904,Asia,-0.6866110841796171
Iraq,IRQ,2010,18.92314422545589,Asia,0.8585835328789848
Iraq,IRQ,2011,19.631377785964265,Asia,0.7082335605083756
Iraq,IRQ,2012,19.727620187879904,Asia,0.09624240191563871
Iraq,IRQ,2013,20.467120296318136,Asia,0.7395001084382322
Iraq,IRQ,2014,21.501031953709504,Asia,1.0339116573913678
Iraq,IRQ,2015,21.364205948476027,Asia,-0.13682600523347688
Iraq,IRQ,2016,21.474542070541407,Asia,0.11033612206538024
Iraq,IRQ,2017,21.511627906976745,Asia,0.03708583643533814
Iraq,IRQ,2018,21.60422732466001,Asia,0.09259941768326385
Iraq,IRQ,2019,21.76951604358141,Asia,0.16528871892140273
Iraq,IRQ,2020,21.77550503305461,Asia,0.005988989473198814
Iraq,IRQ,2021,21.843917720498467,Asia,0.06841268744385687
Iraq,IRQ,2022,21.77849952779121,Asia,-0.06541819270725568
Iraq,IRQ,2023,21.830788012807226,Asia,0.05228848501601391
Ireland,IRL,1961,66.16344897662941,Europe,
Ireland,IRL,1962,66.9719843228335,Europe,0.8085353462040956
Ireland,IRL,1963,67.01843518652925,Europe,0.04645086369573903
Ireland,IRL,1964,67.63826389896937,Europe,0.6198287124401247
Ireland,IRL,1965,68.33793003338656,Europe,0.6996661344171855
Ireland,IRL,1966,69.00420960952243,Europe,0.666279576135878
Ireland,IRL,1967,69.42371897227464,Europe,0.4195093627522084
Ireland,IRL,1968,69.71839163884454,Europe,0.29467266656989466
Ireland,IRL,1969,69.908549862099,Europe,0.19015822325445697
Ireland,IRL,1970,69.59355494266222,Europe,-0.3149949194367707
Ireland,IRL,1971,70.02467702133836,Europe,0.4311220786761396
Ireland,IRL,1972,70.0740310640151,Europe,0.049354042676739596
Ireland,IRL,1973,70.28596312962694,Europe,0.2119320656118333
Ireland,IRL,1974,70.3846712149804,Europe,0.09870808535346498
Ireland,IRL,1975,70.19160981274496,Europe,-0.19306140223544332
Ireland,IRL,1976,70.43112207867614,Europe,0.23951226593118236
Ireland,IRL,1977,70.84917985193788,Europe,0.41805777326173654
Ireland,IRL,1978,70.91450137901002,Europe,0.06532152707214323
Ireland,IRL,1979,71.07272463347365,Europe,0.1582232544636355
Ireland,IRL,1980,71.58513572361737,Europe,0.5124110901437149
Ireland,IRL,1981,71.25997967774713,Europe,-0.32515604587024427
Ireland,IRL,1982,71.05820873856872,Europe,-0.2017709391784024
Ireland,IRL,1983,70.7867615038467,Europe,-0.27144723472201804
Ireland,IRL,1984,71.03208012773987,Europe,0.24531862389316927
Ireland,IRL,1985,70.88982435767164,Europe,-0.14225577006823187
Ireland,IRL,1986,70.32805922485122,Europe,-0.5617651328204261
Ireland,IRL,1987,69.92306575700393,Europe,-0.40499346784729084
Ireland,IRL,1988,69.68355349107273,Europe,-0.23951226593119657
Ireland,IRL,1989,67.88648570184353,Europe,-1.797067789229203
Ireland,IRL,1990,65.86442154158803,Europe,-2.0220641602554963
Ireland,IRL,1991,64.52024967339236,Europe,-1.344171868195673
Ireland,IRL,1992,64.10509507911163,Europe,-0.41515459428072177
Ireland,IRL,1993,63.97590361445783,Europe,-0.1291914646538075
Ireland,IRL,1994,63.77703585426041,Europe,-0.19886776019741603
Ireland,IRL,1995,63.7059079692263,Europe,-0.07112788503410883
Ireland,IRL,1996,63.02511249818551,Europe,-0.6807954710407955
Ireland,IRL,1997,63.226012483669614,Europe,0.20089998548410648
Ireland,IRL,1998,63.42691246915372,Europe,0.20089998548410648
Ireland,IRL,1999,63.62781245463784,Europe,0.2008999854841207
Ireland,IRL,2000,63.814196545217015,Europe,0.1863840905791747
Ireland,IRL,2001,64.01509653070111,Europe,0.20089998548409937
Ireland,IRL,2002,63.47800841921904,Europe,-0.5370881114820776
Ireland,IRL,2003,63.434460734504285,Europe,-0.04354768471475268
Ireland,IRL,2004,62.49092756568443,Europe,-0.9435331688198545
Ireland,IRL,2005,62.44737988096966,Europe,-0.04354768471476689
Ireland,IRL,2006,61.83771229496299,Europe,-0.6096675860066725
Ireland,IRL,2007,62.06996661344172,Europe,0.23225431847873068
Ireland,IRL,2008,67.19407751487878,Europe,5.124110901437064
Ireland,IRL,2009,66.68485992161418,Europe,-0.5092175932646086
Ireland,IRL,2010,66.30860792567861,Europe,-0.37625199593556147
Ireland,IRL,2011,66.11990129191466,Europe,-0.1887066337639567
Ireland,IRL,2012,65.80055160400639,Europe,-0.31934968790827156
Ireland,IRL,2013,64.98766148933082,Europe,-0.812890114675568
Ireland,IRL,2014,64.82798664537668,Europe,-0.15967484395413578
Ireland,IRL,2015,64.30541442879954,Europe,-0.5225722165771458
Ireland,IRL,2016,64.75540717085208,Europe,0.4499927420525438
Ireland,IRL,2017,65.16185222818987,Europe,0.4064450573377911
Ireland,IRL,2018,65.55378139062273,Europe,0.39192916243285936
Ireland,IRL,2019,65.6699085498621,Europe,0.1161271592393689
Ireland,IRL,2020,65.49571781100305,Europe,-0.17419073885905334
Ireland,IRL,2021,62.95543620264189,Europe,-2.5402816083611555
Ireland,IRL,2022,63.11511104659602,Europe,0.15967484395412868
Ireland,IRL,2023,60.8070837567136,Europe,-2.3080272898824177
Isle of Man,IMN,1961,57.01754385964912,Europe,
Isle of Man,IMN,1962,57.01754385964912,Europe,0.0
Isle of Man,IMN,1963,56.49122807017544,Europe,-0.526315789473685
Isle of Man,IMN,1964,55.78947368421052,Europe,-0.701754385964918
Isle of Man,IMN,1965,56.14035087719298,Europe,0.350877192982459
Isle of Man,IMN,1966,54.38596491228071,Europe,-1.7543859649122666
Isle of Man,IMN,1967,54.56140350877193,Europe,0.17543859649121885
Isle of Man,IMN,1968,54.736842105263165,Europe,0.17543859649123306
Isle of Man,IMN,1969,55.43859649122807,Europe,0.7017543859649038
Isle of Man,IMN,1970,55.43859649122807,Europe,0.0
Isle of Man,IMN,1971,55.43859649122807,Europe,0.0
Isle of Man,IMN,1972,56.14035087719298,Europe,0.7017543859649109
Isle of Man,IMN,1973,56.84210526315789,Europe,0.7017543859649109
Isle of Man,IMN,1974,57.54385964912281,Europe,0.701754385964918
Isle of Man,IMN,1975,58.245614035087726,Europe,0.701754385964918
Isle of Man,IMN,1976,59.122807017543856,Europe,0.8771929824561298
Isle of Man,IMN,1977,59.82456140350877,Europe,0.7017543859649109
Isle of Man,IMN,1978,60.526315789473685,Europe,0.701754385964918
Isle of Man,IMN,1979,61.2280701754386,Europe,0.701754385964918
Isle of Man,IMN,1980,62.10526315789474,Europe,0.8771929824561369
Isle of Man,IMN,1981,62.80701754385965,Europe,0.7017543859649109
Isle of Man,IMN,1982,63.68421052631579,Europe,0.8771929824561369
Isle of Man,IMN,1983,64.21052631578948,Europe,0.5263157894736921
Isle of Man,IMN,1984,64.91228070175438,Europe,0.7017543859649038
Isle of Man,IMN,1985,65.6140350877193,Europe,0.701754385964918
Isle of Man,IMN,1986,66.49122807017544,Europe,0.8771929824561369
Isle of Man,IMN,1987,67.19298245614034,Europe,0.7017543859649038
Isle of Man,IMN,1988,67.89473684210526,Europe,0.701754385964918
Isle of Man,IMN,1989,68.59649122807018,Europe,0.701754385964918
Isle of Man,IMN,1990,69.47368421052632,Europe,0.8771929824561369
Isle of Man,IMN,1991,70.17543859649122,Europe,0.7017543859649038
Isle of Man,IMN,1992,70.87719298245614,Europe,0.701754385964918
Isle of Man,IMN,1993,71.57894736842105,Europe,0.701754385964918
Isle of Man,IMN,1994,72.45614035087719,Europe,0.8771929824561369
Isle of Man,IMN,1995,73.15789473684211,Europe,0.701754385964918
Isle of Man,IMN,1996,73.85964912280701,Europe,0.7017543859649038
Isle of Man,IMN,1997,74.56140350877193,Europe,0.701754385964918
Isle of Man,IMN,1998,75.43859649122807,Europe,0.8771929824561369
Isle of Man,IMN,1999,76.14035087719299,Europe,0.701754385964918
Isle of Man,IMN,2000,76.84210526315789,Europe,0.7017543859649038
Isle of Man,IMN,2001,77.54385964912281,Europe,0.701754385964918
Isle of Man,IMN,2002,79.64912280701755,Europe,2.10526315789474
Isle of Man,IMN,2003,80.2982456140351,Europe,0.6491228070175481
Isle of Man,IMN,2004,80.35087719298247,Europe,0.05263157894736992
Isle of Man,IMN,2005,80.89473684210526,Europe,0.543859649122794
Isle of Man,IMN,2006,74.31578947368422,Europe,-6.578947368421041
Isle of Man,IMN,2007,73.89473684210527,Europe,-0.4210526315789451
Isle of Man,IMN,2008,77.6842105263158,Europe,3.7894736842105203
Isle of Man,IMN,2009,76.17543859649123,Europe,-1.5087719298245617
Isle of Man,IMN,2010,76.10526315789473,Europe,-0.07017543859650743
Isle of Man,IMN,2011,74.75438596491229,Europe,-1.3508771929824377
Isle of Man,IMN,2012,67.36842105263158,Europe,-7.385964912280713
Isle of Man,IMN,2013,68.0701754385965,Europe,0.701754385964918
Isle of Man,IMN,2014,68.24561403508773,Europe,0.17543859649123306
Isle of Man,IMN,2015,72.10526315789474,Europe,3.8596491228070136
Isle of Man,IMN,2016,70.52631578947368,Europe,-1.5789473684210549
Isle of Man,IMN,2017,70.87719298245614,Europe,0.3508771929824519
Isle of Man,IMN,2018,72.28070175438597,Europe,1.403508771929836
Isle of Man,IMN,2019,70.52631578947368,Europe,-1.754385964912288
Isle of Man,IMN,2020,70.52631578947368,Europe,0.0
Isle of Man,IMN,2021,68.77192982456141,Europe,-1.7543859649122737
Isle of Man,IMN,2022,71.40350877192982,Europe,2.6315789473684106
Isle of Man,IMN,2023,69.0898245614035,Europe,-2.3136842105263185
Israel,ISR,1961,23.613678373382623,Asia,
Israel,ISR,1962,23.33641404805915,Asia,-0.2772643253234719
Israel,ISR,1963,24.12199630314233,Asia,0.7855822550831775
Israel,ISR,1964,24.260628465804064,Asia,0.13863216266173595
Israel,ISR,1965,23.75231053604436,Asia,-0.5083179297597056
Israel,ISR,1966,24.260628465804064,Asia,0.5083179297597056
Israel,ISR,1967,24.260628465804064,Asia,0.0
Israel,ISR,1968,24.075785582255083,Asia,-0.18484288354898126
Israel,ISR,1969,24.168207024029577,Asia,0.09242144177449418
Israel,ISR,1970,24.260628465804064,Asia,0.09242144177448708
Israel,ISR,1971,24.35304990757856,Asia,0.09242144177449418
Israel,ISR,1972,24.35304990757856,Asia,0.0
Israel,ISR,1973,24.81515711645102,Asia,0.46210720887246026
Israel,ISR,1974,25.184842883548985,Asia,0.3696857670979661
Israel,ISR,1975,24.953789279112755,Asia,-0.23105360443623013
Israel,ISR,1976,24.49168207024029,Asia,-0.4621072088724638
Israel,ISR,1977,24.53789279112754,Asia,0.04621072088724887
Israel,ISR,1978,24.630314232902037,Asia,0.09242144177449774
Israel,ISR,1979,24.630314232902037,Asia,0.0
Israel,ISR,1980,24.630314232902037,Asia,0.0
Israel,ISR,1981,24.861367837338264,Asia,0.23105360443622658
Israel,ISR,1982,24.953789279112755,Asia,0.09242144177449063
Israel,ISR,1983,25.55452865064695,Asia,0.6007393715341962
Israel,ISR,1984,26.062846580406656,Asia,0.5083179297597056
Israel,ISR,1985,26.571164510166355,Asia,0.5083179297596985
Israel,ISR,1986,26.756007393715343,Asia,0.18484288354898837
Israel,ISR,1987,26.66358595194085,Asia,-0.09242144177449418
Israel,ISR,1988,26.617375231053604,Asia,-0.046210720887245316
Israel,ISR,1989,26.571164510166355,Asia,-0.04621072088724887
Israel,ISR,1990,26.756007393715343,Asia,0.18484288354898837
Israel,ISR,1991,26.70979667282809,Asia,-0.04621072088725242
Israel,ISR,1992,26.66358595194085,Asia,-0.04621072088724176
Israel,ISR,1993,26.66358595194085,Asia,0.0
Israel,ISR,1994,26.756007393715343,Asia,0.09242144177449418
Israel,ISR,1995,26.478743068391868,Asia,-0.27726432532347545
Israel,ISR,1996,26.062846580406656,Asia,-0.4158964879852114
Israel,ISR,1997,26.01663585951941,Asia,-0.046210720887245316
Israel,ISR,1998,25.97042513863216,Asia,-0.04621072088725242
Israel,ISR,1999,25.831792975970423,Asia,-0.13863216266173595
Israel,ISR,2000,26.155268022181144,Asia,0.32347504621072076
Israel,ISR,2001,25.92421441774492,Asia,-0.23105360443622303
Israel,ISR,2002,26.01663585951941,Asia,0.09242144177449063
Israel,ISR,2003,25.46210720887246,Asia,-0.5545286506469509
Israel,ISR,2004,23.72920517560074,Asia,-1.7329020332717207
Israel,ISR,2005,23.775415896487985,Asia,0.046210720887245316
Israel,ISR,2006,23.512014787430687,Asia,-0.2634011090572983
Israel,ISR,2007,23.941774491682068,Asia,0.42975970425138144
Israel,ISR,2008,23.826247689463955,Asia,-0.11552680221811329
Israel,ISR,2009,24.14972273567468,Asia,0.3234750462107243
Israel,ISR,2010,23.313308687615528,Asia,-0.8364140480591509
Israel,ISR,2011,23.890942698706095,Asia,0.5776340110905664
Israel,ISR,2012,24.31608133086876,Asia,0.425138632162664
Israel,ISR,2013,24.04343807763401,Asia,-0.27264325323474736
Israel,ISR,2014,24.84750462107209,Asia,0.8040665434380792
Israel,ISR,2015,24.671903881700555,Asia,-0.17560073937153575
Israel,ISR,2016,25.508317929759706,Asia,0.8364140480591509
Israel,ISR,2017,29.75970425138632,Asia,4.251386321626615
Israel,ISR,2018,29.634935304990755,Asia,-0.1247689463955659
Israel,ISR,2019,29.500924214417743,Asia,-0.13401109057301142
Israel,ISR,2020,25.0369685767098,Asia,-4.463955637707944
Israel,ISR,2021,24.907578558225502,Asia,-0.12939001848429754
Israel,ISR,2022,24.704251386321623,Asia,-0.2033271719038794
Israel,ISR,2023,24.80129390018484,Asia,0.09704251386321872
Italy,ITA,1961,70.32402842473904,Europe,
Italy,ITA,1962,70.21862568426779,Europe,-0.10540274047124853
Italy,ITA,1963,69.73581313114141,Europe,-0.4828125531263794
Italy,ITA,1964,69.5726088878311,Europe,-0.16320424331031802
Italy,ITA,1965,69.49780694298052,Europe,-0.07480194485057723
Italy,ITA,1966,69.37880384890008,Europe,-0.11900309408044052
Italy,ITA,1967,69.29040155044031,Europe,-0.08840229845976921
Italy,ITA,1968,69.20879942878516,Europe,-0.0816021216551519
Italy,ITA,1969,68.77358811329096,Europe,-0.43521131549420033
Italy,ITA,1970,68.61378395838292,Europe,-0.15980415490803068
Italy,ITA,1971,60.00816021216552,Europe,-8.605623746217404
Italy,ITA,1972,59.52874774744144,Europe,-0.47941246472407784
Italy,ITA,1973,59.44034544898167,Europe,-0.08840229845977632
Italy,ITA,1974,59.50834721702765,Europe,0.06800176804598124
Italy,ITA,1975,59.55934854306212,Europe,0.05100132603447349
Italy,ITA,1976,59.6001496038897,Europe,0.04080106082757595
Italy,ITA,1977,59.50494712862534,Europe,-0.0952024752643581
Italy,ITA,1978,59.804154908027606,Europe,0.2992077794022663
Italy,ITA,1979,59.86875658767128,Europe,0.06460167964367258
Italy,ITA,1980,59.71235252116555,Europe,-0.15640406650572913
Italy,ITA,1981,59.67495154874026,Europe,-0.037400972425288614
Italy,ITA,1982,59.62395022270579,Europe,-0.05100132603447349
Italy,ITA,1983,58.68552582367141,Europe,-0.9384243990343748
Italy,ITA,1984,58.63112440923464,Europe,-0.05440141443677504
Italy,ITA,1985,58.12451123729217,Europe,-0.5066131719424689
Italy,ITA,1986,57.94430655197035,Europe,-0.18020468532181866
Italy,ITA,1987,57.8423038999014,Europe,-0.10200265206894699
Italy,ITA,1988,57.25408860630377,Europe,-0.588215293597635
Italy,ITA,1989,57.29148957872905,Europe,0.03740097242528151
Italy,ITA,1990,57.25748869470606,Europe,-0.034000884022987066
Italy,ITA,1991,54.58501921049948,Europe,-2.67246948420658
Italy,ITA,1992,54.326612491924784,Europe,-0.25840671857469744
Italy,ITA,1993,54.0954064805685,Europe,-0.23120601135628505
Italy,ITA,1994,53.38818809289042,Europe,-0.7072183876780826
Italy,ITA,1995,52.13355547244228,Europe,-1.2546326204481346
Italy,ITA,1996,52.18795688687906,Europe,0.05440141443677504
Italy,ITA,1997,52.17435653326986,Europe,-0.01360035360919909
Italy,ITA,1998,52.64696882118936,Europe,0.47261228791950316
Italy,ITA,1999,53.71799666791337,Europe,1.0710278467240073
Italy,ITA,2000,52.87807979223449,Europe,-0.8399168756788811
Italy,ITA,2001,52.42156378712152,Europe,-0.45651600511296664
Italy,ITA,2002,51.64717737844838,Europe,-0.7743864086731378
Italy,ITA,2003,50.40951176458653,Europe,-1.23766561386185
Italy,ITA,2004,50.32835336367756,Europe,-0.08115840090897564
Italy,ITA,2005,49.83125815811009,Europe,-0.49709520556746867
Italy,ITA,2006,48.02886533792329,Europe,-1.802392820186796
Italy,ITA,2007,47.89021973637046,Europe,-0.138645601552831
Italy,ITA,2008,48.888468067550846,Europe,0.9982483311803847
Italy,ITA,2009,47.28288436956831,Europe,-1.6055836979825386
Italy,ITA,2010,48.45088902264996,Europe,1.1680046530816526
Italy,ITA,2011,46.843952684652265,Europe,-1.6069363379976949
Italy,ITA,2012,46.42598691997105,Europe,-0.41796576468121316
Italy,ITA,2013,46.091208516221535,Europe,-0.3347784037495174
Italy,ITA,2014,44.50861969849655,Europe,-1.5825888177249823
Italy,ITA,2015,43.774812490277895,Europe,-0.7338072082186571
Italy,ITA,2016,43.32505968524067,Europe,-0.44975280503722814
Italy,ITA,2017,43.374329597792496,Europe,0.049269912551828554
Italy,ITA,2018,41.94874846982598,Europe,-1.4255811279665167
Italy,ITA,2019,44.3699956377212,Europe,2.421247167895224
Italy,ITA,2020,42.332263616904,Europe,-2.0377320208172023
Italy,ITA,2021,41.94223159304335,Europe,-0.3900320238606483
Italy,ITA,2022,43.9631475720276,Europe,2.020915978984249
Italy,ITA,2023,44.25658393074529,Europe,0.2934363587176918
Jamaica,JAM,1961,49.2151431209603,North America,
Jamaica,JAM,1962,49.39981532779317,North America,0.18467220683287167
Jamaica,JAM,1963,49.39981532779317,North America,0.0
Jamaica,JAM,1964,49.2151431209603,North America,-0.18467220683287167
Jamaica,JAM,1965,46.81440443213297,North America,-2.4007386888273317
Jamaica,JAM,1966,47.73776546629732,North America,0.9233610341643512
Jamaica,JAM,1967,47.73776546629732,North America,0.0
Jamaica,JAM,1968,47.73776546629732,North America,0.0
Jamaica,JAM,1969,47.73776546629732,North America,0.0
Jamaica,JAM,1970,46.81440443213297,North America,-0.9233610341643512
Jamaica,JAM,1971,46.81440443213297,North America,0.0
Jamaica,JAM,1972,46.81440443213297,North America,0.0
Jamaica,JAM,1973,46.81440443213297,North America,0.0
Jamaica,JAM,1974,46.81440443213297,North America,0.0
Jamaica,JAM,1975,46.81440443213297,North America,0.0
Jamaica,JAM,1976,46.81440443213297,North America,0.0
Jamaica,JAM,1977,46.81440443213297,North America,0.0
Jamaica,JAM,1978,46.81440443213297,North America,0.0
Jamaica,JAM,1979,45.89104339796861,North America,-0.9233610341643583
Jamaica,JAM,1980,45.89104339796861,North America,0.0
Jamaica,JAM,1981,45.89104339796861,North America,0.0
Jamaica,JAM,1982,44.96768236380424,North America,-0.9233610341643654
Jamaica,JAM,1983,44.04432132963989,North America,-0.9233610341643512
Jamaica,JAM,1984,44.04432132963989,North America,0.0
Jamaica,JAM,1985,44.04432132963989,North America,0.0
Jamaica,JAM,1986,44.04432132963989,North America,0.0
Jamaica,JAM,1987,44.04432132963989,North America,0.0
Jamaica,JAM,1988,44.04432132963989,North America,0.0
Jamaica,JAM,1989,44.04432132963989,North America,0.0
Jamaica,JAM,1990,43.95198522622346,North America,-0.09233610341643583
Jamaica,JAM,1991,43.95198522622346,North America,0.0
Jamaica,JAM,1992,43.95198522622346,North America,0.0
Jamaica,JAM,1993,46.44506001846722,North America,2.4930747922437604
Jamaica,JAM,1994,46.16805170821791,North America,-0.2770083102493075
Jamaica,JAM,1995,45.89104339796861,North America,-0.2770083102493004
Jamaica,JAM,1996,45.614035087719294,North America,-0.2770083102493146
Jamaica,JAM,1997,45.15235457063712,North America,-0.46168051708217206
Jamaica,JAM,1998,44.69067405355494,North America,-0.46168051708217916
Jamaica,JAM,1999,44.50600184672207,North America,-0.18467220683287167
Jamaica,JAM,2000,44.22899353647276,North America,-0.2770083102493146
Jamaica,JAM,2001,44.22899353647276,North America,0.0
Jamaica,JAM,2002,43.76731301939058,North America,-0.46168051708217916
Jamaica,JAM,2003,43.76731301939058,North America,0.0
Jamaica,JAM,2004,43.58264081255771,North America,-0.18467220683286456
Jamaica,JAM,2005,43.12096029547553,North America,-0.46168051708218627
Jamaica,JAM,2006,43.12096029547553,North America,0.0
Jamaica,JAM,2007,42.84395198522623,North America,-0.2770083102493004
Jamaica,JAM,2008,41.45891043397968,North America,-1.3850415512465446
Jamaica,JAM,2009,41.18190212373038,North America,-0.2770083102493004
Jamaica,JAM,2010,38.901200369344416,North America,-2.280701754385966
Jamaica,JAM,2011,38.827331486611264,North America,-0.07386888273315151
Jamaica,JAM,2012,38.76269621421976,North America,-0.0646352723915058
Jamaica,JAM,2013,38.67036011080332,North America,-0.09233610341643583
Jamaica,JAM,2014,38.58725761772853,North America,-0.08310249307479012
Jamaica,JAM,2015,38.504155124653735,North America,-0.08310249307479722
Jamaica,JAM,2016,38.504155124653735,North America,0.0
Jamaica,JAM,2017,38.504155124653735,North America,0.0
Jamaica,JAM,2018,38.504155124653735,North America,0.0
Jamaica,JAM,2019,38.504155124653735,North America,0.0
Jamaica,JAM,2020,38.504155124653735,North America,0.0
Jamaica,JAM,2021,38.504155124653735,North America,0.0
Jamaica,JAM,2022,38.504155124653735,North America,0.0
Jamaica,JAM,2023,38.504155124653735,North America,0.0
Japan,JPN,1961,19.38914644123261,Asia,
Japan,JPN,1962,19.416416689391877,Asia,0.027270248159265265
Japan,JPN,1963,19.14371420779929,Asia,-0.27270248159258514
Japan,JPN,1964,19.170984455958543,Asia,0.027270248159251054
Japan,JPN,1965,19.10008181074448,Asia,-0.07090264521406198
Japan,JPN,1966,18.80556313062449,Asia,-0.2945186801199924
Japan,JPN,1967,18.64739569130079,Asia,-0.15816743932369803
Japan,JPN,1968,18.535587673847832,Asia,-0.1118080174529581
Japan,JPN,1969,18.140169075538587,Asia,-0.3954185983092451
Japan,JPN,1970,18.260158167439325,Asia,0.11998909190073803
Japan,JPN,1971,17.842923370602673,Asia,-0.4172347968366523
Japan,JPN,1972,17.65139116202946,Asia,-0.1915322085732143
Japan,JPN,1973,17.5177304964539,Asia,-0.1336606655755581
Japan,JPN,1974,17.394980905619203,Asia,-0.12274959083469739
Japan,JPN,1975,17.25238744884038,Asia,-0.1425934567788225
Japan,JPN,1976,17.115961800818553,Asia,-0.13642564802182733
Japan,JPN,1977,17.03056768558952,Asia,-0.08539411522903251
Japan,JPN,1978,16.943231441048034,Asia,-0.08733624454148625
Japan,JPN,1979,16.85589519650655,Asia,-0.0873362445414827
Japan,JPN,1980,16.794976794976797,Asia,-0.06091840152975436
Japan,JPN,1981,16.705786026200872,Asia,-0.08919076877592502
Japan,JPN,1982,16.641179683233208,Asia,-0.06460634296766443
Japan,JPN,1983,16.572910977607865,Asia,-0.06826870562534282
Japan,JPN,1984,16.569783383602964,Asia,-0.0031275940049013684
Japan,JPN,1985,16.500274273176082,Asia,-0.0695091104268819
Japan,JPN,1986,16.410748560460654,Asia,-0.08952571271542809
Japan,JPN,1987,16.341195831047724,Asia,-0.06955272941292989
Japan,JPN,1988,16.250685682940208,Asia,-0.09051014810751568
Japan,JPN,1989,16.12177729018102,Asia,-0.12890839275918964
Japan,JPN,1990,15.995611629182664,Asia,-0.12616566099835502
Japan,JPN,1991,15.863960504662645,Asia,-0.13165112452001893
Japan,JPN,1992,15.732309380142622,Asia,-0.13165112452002248
Japan,JPN,1993,15.595172792100934,Asia,-0.13713658804168816
Japan,JPN,1994,15.42786615469007,Asia,-0.1673066374108636
Japan,JPN,1995,15.25507405375754,Asia,-0.17279210093253106
Japan,JPN,1996,15.089163237311384,Asia,-0.16591081644615535
Japan,JPN,1997,14.916323731138544,Asia,-0.17283950617284027
Japan,JPN,1998,14.748971193415638,Asia,-0.16735253772290548
Japan,JPN,1999,14.598079561042525,Asia,-0.15089163237311354
Japan,JPN,2000,14.425240054869684,Asia,-0.17283950617284027
Japan,JPN,2001,14.301783264746229,Asia,-0.12345679012345556
Japan,JPN,2002,14.19753086419753,Asia,-0.10425240054869889
Japan,JPN,2003,14.101508916323732,Asia,-0.09602194787379759
Japan,JPN,2004,14.01920438957476,Asia,-0.08230452674897215
Japan,JPN,2005,13.936899862825788,Asia,-0.08230452674897215
Japan,JPN,2006,13.8639231824417,Asia,-0.07297668038408744
Japan,JPN,2007,13.790946502057611,Asia,-0.07297668038408922
Japan,JPN,2008,13.71522633744856,Asia,-0.07572016460905218
Japan,JPN,2009,13.647736625514405,Asia,-0.06748971193415443
Japan,JPN,2010,13.588477366255145,Asia,-0.05925925925926023
Japan,JPN,2011,13.495198902606308,Asia,-0.09327846364883641
Japan,JPN,2012,13.456790123456791,Asia,-0.0384087791495169
Japan,JPN,2013,13.421124828532236,Asia,-0.035665294924555724
Japan,JPN,2014,13.36076817558299,Asia,-0.060356652949245415
Japan,JPN,2015,13.294924554183812,Asia,-0.06584362139917843
Japan,JPN,2016,13.204389574759944,Asia,-0.09053497942386812
Japan,JPN,2017,13.108367626886144,Asia,-0.09602194787379936
Japan,JPN,2018,13.020576131687244,Asia,-0.08779149519889984
Japan,JPN,2019,12.935528120713306,Asia,-0.08504801097393866
Japan,JPN,2020,12.844993141289438,Asia,-0.09053497942386812
Japan,JPN,2021,12.781893004115227,Asia,-0.06310013717421015
Japan,JPN,2022,12.716049382716047,Asia,-0.06584362139918021
Japan,JPN,2023,12.636830306624583,Asia,-0.07921907609146395
Jordan,JOR,1961,12.28467815049864,Asia,
Jordan,JOR,1962,12.307343608340888,Asia,0.022665457842247605
Jordan,JOR,1963,12.318676337262012,Asia,0.011332728921123802
Jordan,JOR,1964,12.36400725294651,Asia,0.04533091568449876
Jordan,JOR,1965,12.375339981867633,Asia,0.011332728921122026
Jordan,JOR,1966,12.398005439709882,Asia,0.02266545784224938
Jordan,JOR,1967,12.432003626473255,Asia,0.033998186763373184
Jordan,JOR,1968,12.454669084315505,Asia,0.02266545784224938
Jordan,JOR,1969,12.466001813236629,Asia,0.011332728921123802
Jordan,JOR,1970,12.511332728921124,Asia,0.04533091568449521
Jordan,JOR,1971,12.52266545784225,Asia,0.011332728921125579
Jordan,JOR,1972,12.567996373526746,Asia,0.045330915684496986
Jordan,JOR,1973,12.57932910244787,Asia,0.011332728921123802
Jordan,JOR,1974,12.624660018132367,Asia,0.045330915684496986
Jordan,JOR,1975,12.63599274705349,Asia,0.011332728921122026
Jordan,JOR,1976,12.65865820489574,Asia,0.022665457842251158
Jordan,JOR,1977,12.669990933816862,Asia,0.011332728921122026
Jordan,JOR,1978,12.71532184950136,Asia,0.045330915684496986
Jordan,JOR,1979,12.749320036264733,Asia,0.033998186763373184
Jordan,JOR,1980,12.77198549410698,Asia,0.022665457842247605
Jordan,JOR,1981,12.665457842248411,Asia,-0.10652765185856872
Jordan,JOR,1982,12.739120580235722,Asia,0.07366273798731093
Jordan,JOR,1983,12.896645512239346,Asia,0.15752493200362316
Jordan,JOR,1984,11.900498640072527,Asia,-0.9961468721668183
Jordan,JOR,1985,12.66772438803264,Asia,0.7672257479601132
Jordan,JOR,1986,12.758386219401633,Asia,0.0906618313689922
Jordan,JOR,1987,13.100634632819585,Asia,0.342248413417952
Jordan,JOR,1988,13.2026291931097,Asia,0.101994560290116
Jordan,JOR,1989,13.030371713508613,Asia,-0.17225747960108784
Jordan,JOR,1990,11.7883046237534,Asia,-1.2420670897552135
Jordan,JOR,1991,11.450589301903898,Asia,-0.33771532184950104
Jordan,JOR,1992,12.700589301903896,Asia,1.2499999999999982
Jordan,JOR,1993,12.352674524025383,Asia,-0.347914777878513
Jordan,JOR,1994,12.14868540344515,Asia,-0.20398912058023377
Jordan,JOR,1995,12.624660018132367,Asia,0.47597461468721747
Jordan,JOR,1996,11.91069809610154,Asia,-0.713961922030828
Jordan,JOR,1997,12.024025385312784,Asia,0.11332728921124513
Jordan,JOR,1998,12.080689029918403,Asia,0.05666364460561901
Jordan,JOR,1999,12.092021758839527,Asia,0.011332728921123802
Jordan,JOR,2000,12.114687216681777,Asia,0.02266545784224938
Jordan,JOR,2001,11.58204895738894,Asia,-0.5326382592928365
Jordan,JOR,2002,11.616047144152311,Asia,0.03399818676337141
Jordan,JOR,2003,11.389392565729828,Asia,-0.22665457842248316
Jordan,JOR,2004,11.752039891205802,Asia,0.3626473254759741
Jordan,JOR,2005,11.48005439709882,Asia,-0.2719854941069819
Jordan,JOR,2006,11.536718041704445,Asia,0.05666364460562434
Jordan,JOR,2007,10.916817769718948,Asia,-0.6199002719854967
Jordan,JOR,2008,11.021078875793291,Asia,0.10426110607434325
Jordan,JOR,2009,11.545393106555531,Asia,0.5243142307622399
Jordan,JOR,2010,11.289704888488398,Asia,-0.2556882180671334
Jordan,JOR,2011,11.29308402793422,Asia,0.0033791394458226875
Jordan,JOR,2012,11.769542689795,Asia,0.4764586618607787
Jordan,JOR,2013,11.901329128182022,Asia,0.13178643838702264
Jordan,JOR,2014,11.984681234512278,Asia,0.08335210633025625
Jordan,JOR,2015,11.897949988736205,Asia,-0.0867312457760736
Jordan,JOR,2016,12.006758278891642,Asia,0.10880829015543725
Jordan,JOR,2017,11.342644739806262,Asia,-0.6641135390853794
Jordan,JOR,2018,11.509348952466771,Asia,0.16670421266050894
Jordan,JOR,2019,11.67308601932563,Asia,0.16373706685885914
Jordan,JOR,2020,11.588620852760322,Asia,-0.08446516656530889
Jordan,JOR,2021,11.521048719508077,Asia,-0.06757213325224498
Jordan,JOR,2022,11.74628916368223,Asia,0.2252404441741529
Jordan,JOR,2023,11.532310741716785,Asia,-0.2139784219654448
Kazakhstan,KAZ,1992,82.03244804978331,Asia,
Kazakhstan,KAZ,1993,82.13764492351002,Asia,0.10519687372671171
Kazakhstan,KAZ,1994,82.10208541689818,Asia,-0.035559506611846814
Kazakhstan,KAZ,1995,80.44838315368375,Asia,-1.6537022632144271
Kazakhstan,KAZ,1996,79.81390524873134,Asia,-0.634477904952405
Kazakhstan,KAZ,1997,79.89472904396784,Asia,0.08082379523649763
Kazakhstan,KAZ,1998,79.76064007111901,Asia,-0.13408897284882926
Kazakhstan,KAZ,1999,79.6663703374449,Asia,-0.09426973367411051
Kazakhstan,KAZ,2000,79.78416120309663,Asia,0.11779086565172747
Kazakhstan,KAZ,2001,79.44793865985109,Asia,-0.33622254324554035
Kazakhstan,KAZ,2002,79.07134126014002,Asia,-0.3765973997110734
Kazakhstan,KAZ,2003,78.89817387117087,Asia,-0.17316738896914785
Kazakhstan,KAZ,2004,78.77560469681816,Asia,-0.12256917435270509
Kazakhstan,KAZ,2005,78.63318146460718,Asia,-0.1424232322109873
Kazakhstan,KAZ,2006,78.48149794421603,Asia,-0.15168352039114552
Kazakhstan,KAZ,2007,78.31818350187058,Asia,-0.16331444234545245
Kazakhstan,KAZ,2008,78.10178908767641,Asia,-0.21639441419416983
Kazakhstan,KAZ,2009,78.07656406267363,Asia,-0.025225025002782786
Kazakhstan,KAZ,2010,80.43923398896173,Asia,2.362669926288106
Kazakhstan,KAZ,2011,80.37504167129681,Asia,-0.06419231766491862
Kazakhstan,KAZ,2012,80.3837833833389,Asia,0.008741712042080962
Kazakhstan,KAZ,2013,80.37711597584916,Asia,-0.006667407489729271
Kazakhstan,KAZ,2014,80.30499685150203,Asia,-0.07211912434713952
Kazakhstan,KAZ,2015,80.10508575026854,Asia,-0.1999111012334822
Kazakhstan,KAZ,2016,80.0985665073897,Asia,-0.006519242878837872
Kazakhstan,KAZ,2017,80.08804682001703,Asia,-0.010519687372678277
Kazakhstan,KAZ,2018,80.02226173278513,Asia,-0.06578508723190168
Kazakhstan,KAZ,2019,79.2585472459903,Asia,-0.7637144867948251
Kazakhstan,KAZ,2020,79.32333222209876,Asia,0.0647849761084558
Kazakhstan,KAZ,2021,79.36648516501833,Asia,0.043152942919576276
Kazakhstan,KAZ,2022,79.36648516501833,Asia,0.0
Kazakhstan,KAZ,2023,79.36648516501833,Asia,0.0
Kenya,KEN,1961,43.97340021787258,Africa,
Kenya,KEN,1962,43.987897353902376,Africa,0.014497136029795854
Kenya,KEN,1963,44.00239466563587,Africa,0.01449731173349278
Kenya,KEN,1964,44.01689197736936,Africa,0.01449731173349278
Kenya,KEN,1965,44.031389113399165,Africa,0.01449713602980296
Kenya,KEN,1966,44.04588642513266,Africa,0.01449731173349278
Kenya,KEN,1967,44.06038373686615,Africa,0.01449731173349278
Kenya,KEN,1968,44.074880872895946,Africa,0.014497136029795854
Kenya,KEN,1969,44.08937818462944,Africa,0.01449731173349278
Kenya,KEN,1970,44.10387549636293,Africa,0.01449731173349278
Kenya,KEN,1971,44.118372632392735,Africa,0.01449713602980296
Kenya,KEN,1972,44.13286994412623,Africa,0.01449731173349278
Kenya,KEN,1973,44.14736725585972,Africa,0.01449731173349278
Kenya,KEN,1974,44.16186439188952,Africa,0.01449713602980296
Kenya,KEN,1975,44.93094844853639,Africa,0.769084056646868
Kenya,KEN,1976,44.94149067013389,Africa,0.010542221597496848
Kenya,KEN,1977,44.94500474399972,Africa,0.003514073865829914
Kenya,KEN,1978,44.73108725445409,Africa,-0.21391748954562928
Kenya,KEN,1979,44.74558439048389,Africa,0.01449713602980296
Kenya,KEN,1980,44.76008170221738,Africa,0.014497311733485674
Kenya,KEN,1981,44.77457901395087,Africa,0.01449731173349278
Kenya,KEN,1982,44.78907614998067,Africa,0.01449713602980296
Kenya,KEN,1983,44.803573461714166,Africa,0.01449731173349278
Kenya,KEN,1984,44.68629300347893,Africa,-0.11728045823523559
Kenya,KEN,1985,46.19251449555469,Africa,1.5062214920757597
Kenya,KEN,1986,46.2403955090136,Africa,0.04788101345891249
Kenya,KEN,1987,46.3638291105879,Africa,0.12343360157429828
Kenya,KEN,1988,46.77717363038971,Africa,0.41334451980181086
Kenya,KEN,1989,47.478672382893485,Africa,0.7014987525037739
Kenya,KEN,1990,46.99592824261166,Africa,-0.4827441402818238
Kenya,KEN,1991,47.19842833046351,Africa,0.20250008785184548
Kenya,KEN,1992,47.55554784411568,Africa,0.3571195136521723
Kenya,KEN,1993,47.16241258741259,Africa,-0.3931352567030899
Kenya,KEN,1994,47.86566820114558,Africa,0.703255613732992
Kenya,KEN,1995,47.85556699581825,Africa,-0.010101205327330831
Kenya,KEN,1996,46.52241698000491,Africa,-1.333150015813338
Kenya,KEN,1997,46.78817039744175,Africa,0.2657534174368408
Kenya,KEN,1998,46.56371068629863,Africa,-0.22445971114312613
Kenya,KEN,1999,47.31264943599115,Africa,0.7489387496925204
Kenya,KEN,2000,46.96695417647679,Africa,-0.34569525951435764
Kenya,KEN,2001,47.157114242541375,Africa,0.19016006606458546
Kenya,KEN,2002,47.12021646695014,Africa,-0.036897775591235416
Kenya,KEN,2003,47.21861053519345,Africa,0.09839406824330865
Kenya,KEN,2004,47.42594089327758,Africa,0.20733035808412836
Kenya,KEN,2005,47.44351126260674,Africa,0.017570369329163782
Kenya,KEN,2006,47.53487718311839,Africa,0.09136592051164882
Kenya,KEN,2007,47.55657202094388,Africa,0.02169483782549264
Kenya,KEN,2008,47.59583722809854,Africa,0.03926520715465642
Kenya,KEN,2009,47.98650964613277,Africa,0.39067241803422803
Kenya,KEN,2010,48.11958182520997,Africa,0.13307217907720315
Kenya,KEN,2011,49.074089503461366,Africa,0.9545076782513959
Kenya,KEN,2012,49.67034437923885,Africa,0.5962548757774826
Kenya,KEN,2013,49.79286976842253,Africa,0.12252538918367861
Kenya,KEN,2014,49.74715799276101,Africa,-0.045711775661516185
Kenya,KEN,2015,49.56196790364773,Africa,-0.18519008911328427
Kenya,KEN,2016,49.66148697474453,Africa,0.09951907109680036
Kenya,KEN,2017,48.92889013833978,Africa,-0.7325968364047455
Kenya,KEN,2018,49.55216649490558,Africa,0.6232763565657962
Kenya,KEN,2019,49.51748518038538,Africa,-0.03468131452019918
Kenya,KEN,2020,49.38921109365281,Africa,-0.12827408673256713
Kenya,KEN,2021,49.40139750924594,Africa,0.01218641559312772
Kenya,KEN,2022,49.48304535750555,Africa,0.08164784825961391
Kenya,KEN,2023,49.52632238567832,Africa,0.04327702817276702
Kiribati,KIR,1961,48.14814814814815,Oceania,
Kiribati,KIR,1962,48.14814814814815,Oceania,0.0
Kiribati,KIR,1963,53.086419753086425,Oceania,4.938271604938272
Kiribati,KIR,1964,53.086419753086425,Oceania,0.0
Kiribati,KIR,1965,53.086419753086425,Oceania,0.0
Kiribati,KIR,1966,53.086419753086425,Oceania,0.0
Kiribati,KIR,1967,46.913580246913575,Oceania,-6.172839506172849
Kiribati,KIR,1968,46.913580246913575,Oceania,0.0
Kiribati,KIR,1969,46.913580246913575,Oceania,0.0
Kiribati,KIR,1970,46.913580246913575,Oceania,0.0
Kiribati,KIR,1971,46.913580246913575,Oceania,0.0
Kiribati,KIR,1972,46.913580246913575,Oceania,0.0
Kiribati,KIR,1973,46.913580246913575,Oceania,0.0
Kiribati,KIR,1974,46.913580246913575,Oceania,0.0
Kiribati,KIR,1975,46.913580246913575,Oceania,0.0
Kiribati,KIR,1976,46.913580246913575,Oceania,0.0
Kiribati,KIR,1977,46.913580246913575,Oceania,0.0
Kiribati,KIR,1978,46.913580246913575,Oceania,0.0
Kiribati,KIR,1979,46.913580246913575,Oceania,0.0
Kiribati,KIR,1980,46.913580246913575,Oceania,0.0
Kiribati,KIR,1981,46.913580246913575,Oceania,0.0
Kiribati,KIR,1982,46.913580246913575,Oceania,0.0
Kiribati,KIR,1983,46.913580246913575,Oceania,0.0
Kiribati,KIR,1984,48.14814814814815,Oceania,1.234567901234577
Kiribati,KIR,1985,48.14814814814815,Oceania,0.0
Kiribati,KIR,1986,48.14814814814815,Oceania,0.0
Kiribati,KIR,1987,48.14814814814815,Oceania,0.0
Kiribati,KIR,1988,48.14814814814815,Oceania,0.0
Kiribati,KIR,1989,48.14814814814815,Oceania,0.0
Kiribati,KIR,1990,48.14814814814815,Oceania,0.0
Kiribati,KIR,1991,48.14814814814815,Oceania,0.0
Kiribati,KIR,1992,48.14814814814815,Oceania,0.0
Kiribati,KIR,1993,45.67901234567901,Oceania,-2.4691358024691397
Kiribati,KIR,1994,45.67901234567901,Oceania,0.0
Kiribati,KIR,1995,45.67901234567901,Oceania,0.0
Kiribati,KIR,1996,45.67901234567901,Oceania,0.0
Kiribati,KIR,1997,45.67901234567901,Oceania,0.0
Kiribati,KIR,1998,41.9753086419753,Oceania,-3.7037037037037095
Kiribati,KIR,1999,41.9753086419753,Oceania,0.0
Kiribati,KIR,2000,41.9753086419753,Oceania,0.0
Kiribati,KIR,2001,41.9753086419753,Oceania,0.0
Kiribati,KIR,2002,41.9753086419753,Oceania,0.0
Kiribati,KIR,2003,41.9753086419753,Oceania,0.0
Kiribati,KIR,2004,41.9753086419753,Oceania,0.0
Kiribati,KIR,2005,41.9753086419753,Oceania,0.0
Kiribati,KIR,2006,41.9753086419753,Oceania,0.0
Kiribati,KIR,2007,41.9753086419753,Oceania,0.0
Kiribati,KIR,2008,41.9753086419753,Oceania,0.0
Kiribati,KIR,2009,41.9753086419753,Oceania,0.0
Kiribati,KIR,2010,41.9753086419753,Oceania,0.0
Kiribati,KIR,2011,41.9753086419753,Oceania,0.0
Kiribati,KIR,2012,41.9753086419753,Oceania,0.0
Kiribati,KIR,2013,41.9753086419753,Oceania,0.0
Kiribati,KIR,2014,41.9753086419753,Oceania,0.0
Kiribati,KIR,2015,41.9753086419753,Oceania,0.0
Kiribati,KIR,2016,41.9753086419753,Oceania,0.0
Kiribati,KIR,2017,41.9753086419753,Oceania,0.0
Kiribati,KIR,2018,41.9753086419753,Oceania,0.0
Kiribati,KIR,2019,41.9753086419753,Oceania,0.0
Kiribati,KIR,2020,41.9753086419753,Oceania,0.0
Kiribati,KIR,2021,41.9753086419753,Oceania,0.0
Kiribati,KIR,2022,41.9753086419753,Oceania,0.0
Kiribati,KIR,2023,41.9753086419753,Oceania,0.0
"Korea, Dem. People's Rep.",PRK,1961,18.479362179220995,Asia,
"Korea, Dem. People's Rep.",PRK,1962,18.485175649862967,Asia,0.005813470641971463
"Korea, Dem. People's Rep.",PRK,1963,18.48766713728096,Asia,0.0024914874179913227
"Korea, Dem. People's Rep.",PRK,1964,18.48766713728096,Asia,0.0
"Korea, Dem. People's Rep.",PRK,1965,18.49597209534092,Asia,0.008304958059962786
"Korea, Dem. People's Rep.",PRK,1966,18.506768540818868,Asia,0.010796445477947003
"Korea, Dem. People's Rep.",PRK,1967,18.51092101984885,Asia,0.004152479029983169
"Korea, Dem. People's Rep.",PRK,1968,18.51507349887883,Asia,0.004152479029979617
"Korea, Dem. People's Rep.",PRK,1969,18.515903994684827,Asia,0.0008304958059959233
"Korea, Dem. People's Rep.",PRK,1970,18.53666638983473,Asia,0.020762395149901636
"Korea, Dem. People's Rep.",PRK,1971,18.66539323976414,Asia,0.12872684992941075
"Korea, Dem. People's Rep.",PRK,1972,18.648783323644217,Asia,-0.01660991611992202
"Korea, Dem. People's Rep.",PRK,1973,19.109708495972093,Asia,0.460925172327876
"Korea, Dem. People's Rep.",PRK,1974,19.14541981562993,Asia,0.03571131965783536
"Korea, Dem. People's Rep.",PRK,1975,19.282451623619306,Asia,0.13703180798937709
"Korea, Dem. People's Rep.",PRK,1976,19.32397641391911,Asia,0.04152479029980327
"Korea, Dem. People's Rep.",PRK,1977,19.363840212606924,Asia,0.03986379868781498
"Korea, Dem. People's Rep.",PRK,1978,19.38875508678681,Asia,0.024914874179884805
"Korea, Dem. People's Rep.",PRK,1979,19.40868698613072,Asia,0.019931899343912818
"Korea, Dem. People's Rep.",PRK,1980,20.24084378373889,Asia,0.8321567976081674
"Korea, Dem. People's Rep.",PRK,1981,20.33967278465244,Asia,0.0988290009135504
"Korea, Dem. People's Rep.",PRK,1982,20.416908894610085,Asia,0.07723610995764574
"Korea, Dem. People's Rep.",PRK,1983,20.51407690391164,Asia,0.097168009301555
"Korea, Dem. People's Rep.",PRK,1984,20.621210862885142,Asia,0.10713395897350253
"Korea, Dem. People's Rep.",PRK,1985,20.737480275724607,Asia,0.11626941283946479
"Korea, Dem. People's Rep.",PRK,1986,20.739971763142595,Asia,0.00249148741798777
"Korea, Dem. People's Rep.",PRK,1987,20.74661572959057,Asia,0.006643966447974492
"Korea, Dem. People's Rep.",PRK,1988,20.74744622539656,Asia,0.0008304958059888179
"Korea, Dem. People's Rep.",PRK,1989,20.750768208620546,Asia,0.003321983223987246
"Korea, Dem. People's Rep.",PRK,1990,20.799476787642224,Asia,0.04870857902167813
"Korea, Dem. People's Rep.",PRK,1991,20.97585748691969,Asia,0.17638069927746614
"Korea, Dem. People's Rep.",PRK,1992,20.99465991196745,Asia,0.01880242504775964
"Korea, Dem. People's Rep.",PRK,1993,20.91682584502948,Asia,-0.0778340669379709
"Korea, Dem. People's Rep.",PRK,1994,21.853716468731832,Asia,0.9368906237023538
"Korea, Dem. People's Rep.",PRK,1995,21.765708828170418,Asia,-0.08800764056141475
"Korea, Dem. People's Rep.",PRK,1996,20.963557844032888,Asia,-0.8021509841375298
"Korea, Dem. People's Rep.",PRK,1997,20.96731168507599,Asia,0.0037538410431032787
"Korea, Dem. People's Rep.",PRK,1998,20.970849597209533,Asia,0.0035379121335417096
"Korea, Dem. People's Rep.",PRK,1999,20.98349804833485,Asia,0.012648451125318871
"Korea, Dem. People's Rep.",PRK,2000,21.00473382609418,Asia,0.02123577775932972
"Korea, Dem. People's Rep.",PRK,2001,21.03122664230545,Asia,0.02649281621127031
"Korea, Dem. People's Rep.",PRK,2002,21.041217506851588,Asia,0.00999086454613618
"Korea, Dem. People's Rep.",PRK,2003,21.04746283531268,Asia,0.006245328461091049
"Korea, Dem. People's Rep.",PRK,2004,21.085275309359687,Asia,0.03781247404700849
"Korea, Dem. People's Rep.",PRK,2005,21.5139606344988,Asia,0.4286853251391136
"Korea, Dem. People's Rep.",PRK,2006,21.54745453035462,Asia,0.033493895855819744
"Korea, Dem. People's Rep.",PRK,2007,21.56483680757412,Asia,0.017382277219500253
"Korea, Dem. People's Rep.",PRK,2008,22.06039365501204,Asia,0.4955568474379177
"Korea, Dem. People's Rep.",PRK,2009,22.142853583589403,Asia,0.0824599285773644
"Korea, Dem. People's Rep.",PRK,2010,22.20154472219916,Asia,0.058691138609756166
"Korea, Dem. People's Rep.",PRK,2011,21.859480109625444,Asia,-0.342064612573715
"Korea, Dem. People's Rep.",PRK,2012,21.85283614317748,Asia,-0.006643966447963834
"Korea, Dem. People's Rep.",PRK,2013,21.85283614317748,Asia,0.0
"Korea, Dem. People's Rep.",PRK,2014,21.834922348642134,Asia,-0.017913794535346028
"Korea, Dem. People's Rep.",PRK,2015,21.846964537829084,Asia,0.01204218918694977
"Korea, Dem. People's Rep.",PRK,2016,21.61780583008056,Asia,-0.22915870774852465
"Korea, Dem. People's Rep.",PRK,2017,21.56797608172079,Asia,-0.04982974835976961
"Korea, Dem. People's Rep.",PRK,2018,21.57628103978075,Asia,0.008304958059959233
"Korea, Dem. People's Rep.",PRK,2019,21.551366165600864,Asia,-0.024914874179884805
"Korea, Dem. People's Rep.",PRK,2020,21.563823602690807,Asia,0.012457437089942403
"Korea, Dem. People's Rep.",PRK,2021,21.559671123660827,Asia,-0.004152479029979617
"Korea, Dem. People's Rep.",PRK,2022,21.553027157212856,Asia,-0.006643966447970939
"Korea, Dem. People's Rep.",PRK,2023,21.55385765301885,Asia,0.0008304958059923706
"Korea, Rep.",KOR,1961,21.90545303752851,Asia,
"Korea, Rep.",KOR,1962,21.573709309558367,Asia,-0.3317437279701423
"Korea, Rep.",KOR,1963,21.77068214804064,Asia,0.19697283848227087
"Korea, Rep.",KOR,1964,22.71407837445573,Asia,0.9433962264150928
"Korea, Rep.",KOR,1965,23.61600663487456,Asia,0.9019282604188277
"Korea, Rep.",KOR,1966,23.999585320340035,Asia,0.38357868546547635
"Korea, Rep.",KOR,1967,24.217292141820444,Asia,0.21770682148040876
"Korea, Rep.",KOR,1968,24.289861082313912,Asia,0.0725689404934684
"Korea, Rep.",KOR,1969,24.22765913331951,Asia,-0.06220194899440301
"Korea, Rep.",KOR,1970,24.09288824383164,Asia,-0.13477088948786786
"Korea, Rep.",KOR,1971,23.833713456354964,Asia,-0.25917478747667744
"Korea, Rep.",KOR,1972,23.53307070288202,Asia,-0.30064275347294256
"Korea, Rep.",KOR,1973,23.54343769438109,Asia,0.010366991499068945
"Korea, Rep.",KOR,1974,23.51233671988389,Asia,-0.03110097449719973
"Korea, Rep.",KOR,1975,23.55380468588016,Asia,0.041467965996268674
"Korea, Rep.",KOR,1976,23.53307070288202,Asia,-0.02073398299813789
"Korea, Rep.",KOR,1977,23.50196972838482,Asia,-0.03110097449719973
"Korea, Rep.",KOR,1978,23.46050176238856,Asia,-0.04146796599626157
"Korea, Rep.",KOR,1979,23.34646485589882,Asia,-0.11403690648974063
"Korea, Rep.",KOR,1980,23.29462989840348,Asia,-0.05183495749534117
"Korea, Rep.",KOR,1981,23.273895915405348,Asia,-0.020733982998130784
"Korea, Rep.",KOR,1982,23.253161932407217,Asia,-0.020733982998130784
"Korea, Rep.",KOR,1983,23.180592991913745,Asia,-0.07256894049347196
"Korea, Rep.",KOR,1984,23.10802405142028,Asia,-0.07256894049346485
"Korea, Rep.",KOR,1985,23.014721127928677,Asia,-0.09330292349160274
"Korea, Rep.",KOR,1986,22.983620153431477,Asia,-0.03110097449719973
"Korea, Rep.",KOR,1987,23.00435413642961,Asia,0.020733982998130784
"Korea, Rep.",KOR,1988,22.95251917893427,Asia,-0.05183495749533762
"Korea, Rep.",KOR,1989,22.77628032345013,Asia,-0.1762388554841401
"Korea, Rep.",KOR,1990,22.58967447646693,Asia,-0.18660584698320193
"Korea, Rep.",KOR,1991,22.403068629483723,Asia,-0.18660584698320548
"Korea, Rep.",KOR,1992,22.14389384200705,Asia,-0.2591747874766739
"Korea, Rep.",KOR,1993,21.957287995023844,Asia,-0.18660584698320548
"Korea, Rep.",KOR,1994,21.72921418204437,Asia,-0.22807381297947416
"Korea, Rep.",KOR,1995,21.23159859008916,Asia,-0.4976155919552099
"Korea, Rep.",KOR,1996,20.81691893012648,Asia,-0.41467965996267964
"Korea, Rep.",KOR,1997,20.557744142649803,Asia,-0.25917478747667744
"Korea, Rep.",KOR,1998,20.412606261662862,Asia,-0.14513788098694036
"Korea, Rep.",KOR,1999,20.25710138917686,Asia,-0.1555048724860022
"Korea, Rep.",KOR,2000,20.45407422765913,Asia,0.19697283848227087
"Korea, Rep.",KOR,2001,20.10543725449659,Asia,-0.3486369731625416
"Korea, Rep.",KOR,2002,19.82642835003616,Asia,-0.27900890446042936
"Korea, Rep.",KOR,2003,19.64876033057851,Asia,-0.17766801945764854
"Korea, Rep.",KOR,2004,19.55174550712663,Asia,-0.09701482345188239
"Korea, Rep.",KOR,2005,19.42178626742385,Asia,-0.129959239702778
"Korea, Rep.",KOR,2006,19.17836498761354,Asia,-0.2434212798103097
"Korea, Rep.",KOR,2007,18.984729673957904,Asia,-0.19363531365563702
"Korea, Rep.",KOR,2008,18.73389009176204,Asia,-0.2508395821958658
"Korea, Rep.",KOR,2009,18.49371522769421,Asia,-0.2401748640678285
"Korea, Rep.",KOR,2010,18.24074074074074,Asia,-0.2529744869534696
"Korea, Rep.",KOR,2011,18.068731350962032,Asia,-0.17200938977870806
"Korea, Rep.",KOR,2012,18.3742678039256,Asia,0.3055364529635689
"Korea, Rep.",KOR,2013,18.154291462238007,Asia,-0.2199763416875946
"Korea, Rep.",KOR,2014,17.944165041568304,Asia,-0.21012642066970244
"Korea, Rep.",KOR,2015,17.815177792600952,Asia,-0.12898724896735203
"Korea, Rep.",KOR,2016,17.446070838761297,Asia,-0.36910695383965475
"Korea, Rep.",KOR,2017,17.195159470823505,Asia,-0.25091136793779256
"Korea, Rep.",KOR,2018,16.94011484823626,Asia,-0.2550446225872456
"Korea, Rep.",KOR,2019,16.772540983606557,Asia,-0.16757386462970203
"Korea, Rep.",KOR,2020,16.608606557377048,Asia,-0.1639344262295097
"Korea, Rep.",KOR,2021,16.424180327868854,Asia,-0.18442622950819398
"Korea, Rep.",KOR,2022,16.229508196721312,Asia,-0.19467213114754145
"Korea, Rep.",KOR,2023,16.065573770491802,Asia,-0.1639344262295097
Kuwait,KWT,1961,7.575757575757576,Asia,
Kuwait,KWT,1962,7.575757575757576,Asia,0.0
Kuwait,KWT,1963,7.575757575757576,Asia,0.0
Kuwait,KWT,1964,7.575757575757576,Asia,0.0
Kuwait,KWT,1965,7.575757575757576,Asia,0.0
Kuwait,KWT,1966,7.575757575757576,Asia,0.0
Kuwait,KWT,1967,7.575757575757576,Asia,0.0
Kuwait,KWT,1968,7.575757575757576,Asia,0.0
Kuwait,KWT,1969,7.575757575757576,Asia,0.0
Kuwait,KWT,1970,7.575757575757576,Asia,0.0
Kuwait,KWT,1971,7.575757575757576,Asia,0.0
Kuwait,KWT,1972,7.575757575757576,Asia,0.0
Kuwait,KWT,1973,7.575757575757576,Asia,0.0
Kuwait,KWT,1974,7.575757575757576,Asia,0.0
Kuwait,KWT,1975,7.575757575757576,Asia,0.0
Kuwait,KWT,1976,7.575757575757576,Asia,0.0
Kuwait,KWT,1977,7.575757575757576,Asia,0.0
Kuwait,KWT,1978,7.575757575757576,Asia,0.0
Kuwait,KWT,1979,7.575757575757576,Asia,0.0
Kuwait,KWT,1980,7.575757575757576,Asia,0.0
Kuwait,KWT,1981,7.631874298540965,Asia,0.05611672278338897
Kuwait,KWT,1982,7.631874298540965,Asia,0.0
Kuwait,KWT,1983,7.631874298540965,Asia,0.0
Kuwait,KWT,1984,7.687991021324354,Asia,0.05611672278338897
Kuwait,KWT,1985,7.687991021324354,Asia,0.0
Kuwait,KWT,1986,7.744107744107744,Asia,0.05611672278338986
Kuwait,KWT,1987,7.744107744107744,Asia,0.0
Kuwait,KWT,1988,7.912457912457913,Asia,0.1683501683501687
Kuwait,KWT,1989,7.912457912457913,Asia,0.0
Kuwait,KWT,1990,7.912457912457913,Asia,0.0
Kuwait,KWT,1991,7.912457912457913,Asia,0.0
Kuwait,KWT,1992,7.912457912457913,Asia,0.0
Kuwait,KWT,1993,7.968574635241302,Asia,0.05611672278338897
Kuwait,KWT,1994,7.968574635241302,Asia,0.0
Kuwait,KWT,1995,7.968574635241302,Asia,0.0
Kuwait,KWT,1996,8.024691358024691,Asia,0.05611672278338986
Kuwait,KWT,1997,8.024691358024691,Asia,0.0
Kuwait,KWT,1998,8.024691358024691,Asia,0.0
Kuwait,KWT,1999,8.080808080808081,Asia,0.05611672278338986
Kuwait,KWT,2000,8.305274971941639,Asia,0.22446689113355767
Kuwait,KWT,2001,8.473625140291807,Asia,0.1683501683501678
Kuwait,KWT,2002,8.473625140291807,Asia,0.0
Kuwait,KWT,2003,8.473625140291807,Asia,0.0
Kuwait,KWT,2004,8.417508417508419,Asia,-0.056116722783388084
Kuwait,KWT,2005,8.417508417508419,Asia,0.0
Kuwait,KWT,2006,8.417508417508419,Asia,0.0
Kuwait,KWT,2007,8.473625140291807,Asia,0.056116722783388084
Kuwait,KWT,2008,8.473625140291807,Asia,0.0
Kuwait,KWT,2009,8.501683501683502,Asia,0.02805836139169493
Kuwait,KWT,2010,8.529741863075197,Asia,0.02805836139169493
Kuwait,KWT,2011,8.557800224466892,Asia,0.02805836139169493
Kuwait,KWT,2012,8.529741863075197,Asia,-0.02805836139169493
Kuwait,KWT,2013,8.61952861952862,Asia,0.08978675645342271
Kuwait,KWT,2014,8.535353535353535,Asia,-0.08417508417508479
Kuwait,KWT,2015,8.383838383838384,Asia,-0.1515151515151505
Kuwait,KWT,2016,8.417508417508419,Asia,0.03367003367003463
Kuwait,KWT,2017,8.496071829405162,Asia,0.07856341189674332
Kuwait,KWT,2018,8.417508417508419,Asia,-0.07856341189674332
Kuwait,KWT,2019,8.417508417508419,Asia,0.0
Kuwait,KWT,2020,8.417508417508419,Asia,0.0
Kuwait,KWT,2021,8.417508417508419,Asia,0.0
Kuwait,KWT,2022,8.417508417508419,Asia,0.0
Kuwait,KWT,2023,8.417508417508419,Asia,0.0
Kyrgyz Republic,KGZ,1992,52.59645464025026,Asia,
Kyrgyz Republic,KGZ,1993,52.76329509906152,Asia,0.16684045881126508
Kyrgyz Republic,KGZ,1994,53.85297184567257,Asia,1.0896767466110475
Kyrgyz Republic,KGZ,1995,54.93743482794577,Asia,1.0844629822732017
Kyrgyz Republic,KGZ,1996,55.479666319082376,Asia,0.5422314911366044
Kyrgyz Republic,KGZ,1997,55.58394160583941,Asia,0.10427528675703002
Kyrgyz Republic,KGZ,1998,55.73514077163713,Asia,0.15119916579772053
Kyrgyz Republic,KGZ,1999,55.9228362877998,Asia,0.18769551616266966
Kyrgyz Republic,KGZ,2000,55.86027111574556,Asia,-0.06256517205423506
Kyrgyz Republic,KGZ,2001,56.18352450469239,Asia,0.3232533889468314
Kyrgyz Republic,KGZ,2002,56.18352450469239,Asia,0.0
Kyrgyz Republic,KGZ,2003,56.51720542231491,Asia,0.33368091762251595
Kyrgyz Republic,KGZ,2004,56.15224191866528,Asia,-0.3649635036496264
Kyrgyz Republic,KGZ,2005,56.02189781021898,Asia,-0.13034410844630173
Kyrgyz Republic,KGZ,2006,55.94942648592284,Asia,-0.07247132429613856
Kyrgyz Republic,KGZ,2007,55.93639207507821,Asia,-0.013034410844632305
Kyrgyz Republic,KGZ,2008,55.92909280500521,Asia,-0.007299270072998354
Kyrgyz Republic,KGZ,2009,55.356100104275285,Asia,-0.5729927007299267
Kyrgyz Republic,KGZ,2010,55.32794577685088,Asia,-0.028154327424402936
Kyrgyz Republic,KGZ,2011,55.310218978102185,Asia,-0.017726798748697092
Kyrgyz Republic,KGZ,2012,55.22054223149113,Asia,-0.08967674661105463
Kyrgyz Republic,KGZ,2013,55.04014598540146,Asia,-0.1803962460896713
Kyrgyz Republic,KGZ,2014,55.0422314911366,Asia,0.0020855057351383266
Kyrgyz Republic,KGZ,2015,55.03753910323253,Asia,-0.0046923879040647876
Kyrgyz Republic,KGZ,2016,54.958811261730965,Asia,-0.07872784150156775
Kyrgyz Republic,KGZ,2017,54.95359749739311,Asia,-0.005213764337852922
Kyrgyz Republic,KGZ,2018,54.07090719499479,Asia,-0.8826903023983235
Kyrgyz Republic,KGZ,2019,54.05839416058394,Asia,-0.012513034410851276
Kyrgyz Republic,KGZ,2020,54.05526590198123,Asia,-0.00312825860270749
Kyrgyz Republic,KGZ,2021,54.04640250260688,Asia,-0.008863399374348546
Kyrgyz Republic,KGZ,2022,55.25260688216893,Asia,1.2062043795620454
Kyrgyz Republic,KGZ,2023,54.00857142857143,Asia,-1.2440354535974976
Lao PDR,LAO,1961,6.7157712305026,Asia,
Lao PDR,LAO,1962,6.7157712305026,Asia,0.0
Lao PDR,LAO,1963,6.499133448873485,Asia,-0.21663778162911562
Lao PDR,LAO,1964,6.282495667244367,Asia,-0.2166377816291174
Lao PDR,LAO,1965,6.282495667244367,Asia,0.0
Lao PDR,LAO,1966,6.32582322357019,Asia,0.043327556325822414
Lao PDR,LAO,1967,6.32582322357019,Asia,0.0
Lao PDR,LAO,1968,6.369150779896014,Asia,0.04332755632582419
Lao PDR,LAO,1969,6.377816291161179,Asia,0.008665511265165016
Lao PDR,LAO,1970,6.39948006932409,Asia,0.021663778162911207
Lao PDR,LAO,1971,6.421143847487001,Asia,0.021663778162911207
Lao PDR,LAO,1972,6.551126516464471,Asia,0.1299826689774699
Lao PDR,LAO,1973,6.637781629116119,Asia,0.08665511265164749
Lao PDR,LAO,1974,6.737435008665512,Asia,0.09965337954939368
Lao PDR,LAO,1975,6.793760831889081,Asia,0.056325823223568605
Lao PDR,LAO,1976,6.84575389948007,Asia,0.051993067590989206
Lao PDR,LAO,1977,6.889081455805893,Asia,0.043327556325822414
Lao PDR,LAO,1978,6.923743500866551,Asia,0.034662045060658286
Lao PDR,LAO,1979,6.954072790294627,Asia,0.030329289428076223
Lao PDR,LAO,1980,6.95840554592721,Asia,0.004332755632582952
Lao PDR,LAO,1981,6.971403812824957,Asia,0.01299826689774708
Lao PDR,LAO,1982,7.006065857885615,Asia,0.034662045060658286
Lao PDR,LAO,1983,7.0190641247833625,Asia,0.01299826689774708
Lao PDR,LAO,1984,7.062391681109186,Asia,0.0433275563258233
Lao PDR,LAO,1985,7.084055459272097,Asia,0.021663778162911207
Lao PDR,LAO,1986,7.097053726169844,Asia,0.01299826689774708
Lao PDR,LAO,1987,7.105719237435008,Asia,0.008665511265164128
Lao PDR,LAO,1988,7.149046793760832,Asia,0.04332755632582419
Lao PDR,LAO,1989,7.1577123050259965,Asia,0.008665511265164128
Lao PDR,LAO,1990,7.192374350086656,Asia,0.034662045060659175
Lao PDR,LAO,1991,7.20103986135182,Asia,0.008665511265164128
Lao PDR,LAO,1992,7.209705372616984,Asia,0.008665511265164128
Lao PDR,LAO,1993,7.214038128249567,Asia,0.004332755632582952
Lao PDR,LAO,1994,7.322357019064126,Asia,0.1083188908145587
Lao PDR,LAO,1995,7.365684575389948,Asia,0.043327556325822414
Lao PDR,LAO,1996,7.365684575389948,Asia,0.0
Lao PDR,LAO,1997,7.608318890814559,Asia,0.24263431542461067
Lao PDR,LAO,1998,7.647313691507798,Asia,0.03899480069323946
Lao PDR,LAO,1999,7.681975736568458,Asia,0.03466204506066006
Lao PDR,LAO,2000,7.824956672443674,Asia,0.1429809358752161
Lao PDR,LAO,2001,7.976603119584055,Asia,0.1516464471403811
Lao PDR,LAO,2002,8.128249566724437,Asia,0.1516464471403811
Lao PDR,LAO,2003,8.279896013864818,Asia,0.1516464471403811
Lao PDR,LAO,2004,8.431542461005199,Asia,0.1516464471403811
Lao PDR,LAO,2005,8.60051993067591,Asia,0.16897746967071114
Lao PDR,LAO,2006,8.773830155979203,Asia,0.1733102253032932
Lao PDR,LAO,2007,8.93847487001733,Asia,0.1646447140381273
Lao PDR,LAO,2008,9.116117850953206,Asia,0.17764298093587527
Lao PDR,LAO,2009,9.393414211438476,Asia,0.27729636048526984
Lao PDR,LAO,2010,9.503899480069324,Asia,0.11048526863084795
Lao PDR,LAO,2011,9.617850953206238,Asia,0.11395147313691467
Lao PDR,LAO,2012,9.782712305025996,Asia,0.16486135181975747
Lao PDR,LAO,2013,10.149046793760832,Asia,0.3663344887348359
Lao PDR,LAO,2014,10.34315424610052,Asia,0.19410745233968818
Lao PDR,LAO,2015,10.454506065857885,Asia,0.11135181975736508
Lao PDR,LAO,2016,10.511265164644715,Asia,0.05675909878683072
Lao PDR,LAO,2017,10.223570190641247,Asia,-0.2876949740034682
Lao PDR,LAO,2018,10.051126516464471,Asia,-0.17244367417677609
Lao PDR,LAO,2019,9.804592720970536,Asia,-0.24653379549393506
Lao PDR,LAO,2020,9.56629116117851,Asia,-0.23830155979202594
Lao PDR,LAO,2021,9.577123050259964,Asia,0.010831889081453383
Lao PDR,LAO,2022,9.791161178509531,Asia,0.2140381282495678
Lao PDR,LAO,2023,9.909878682842288,Asia,0.11871750433275707
Late-demographic dividend,LTE,1961,32.973476888023406,Other,
Late-demographic dividend,LTE,1962,33.30483122363929,Other,0.33135433561588457
Late-demographic dividend,LTE,1963,33.642274741920644,Other,0.3374435182813542
Late-demographic dividend,LTE,1964,33.96188920119007,Other,0.3196144592694239
Late-demographic dividend,LTE,1965,34.339753651547525,Other,0.37786445035745686
Late-demographic dividend,LTE,1966,34.67241537881322,Other,0.33266172726569465
Late-demographic dividend,LTE,1967,34.9936893129686,Other,0.3212739341553785
Late-demographic dividend,LTE,1968,35.331778855536456,Other,0.3380895425678574
Late-demographic dividend,LTE,1969,35.69007361519503,Other,0.3582947596585768
Late-demographic dividend,LTE,1970,36.06367228643568,Other,0.37359867124065005
Late-demographic dividend,LTE,1971,36.50151403531721,Other,0.4378417488815245
Late-demographic dividend,LTE,1972,36.88535945927214,Other,0.3838454239549307
Late-demographic dividend,LTE,1973,37.31979677288982,Other,0.43443731361768556
Late-demographic dividend,LTE,1974,37.78381980917242,Other,0.46402303628259745
Late-demographic dividend,LTE,1975,38.152051368866594,Other,0.3682315596941734
Late-demographic dividend,LTE,1976,38.043243350798,Other,-0.10880801806859353
Late-demographic dividend,LTE,1977,38.54441465387346,Other,0.5011713030754592
Late-demographic dividend,LTE,1978,39.01146955212889,Other,0.46705489825542656
Late-demographic dividend,LTE,1979,39.35400444621723,Other,0.34253489408834525
Late-demographic dividend,LTE,1980,39.775317157759496,Other,0.4213127115422637
Late-demographic dividend,LTE,1981,40.08669248824843,Other,0.31137533048893573
Late-demographic dividend,LTE,1982,40.57127907031466,Other,0.4845865820662283
Late-demographic dividend,LTE,1983,41.100043437036014,Other,0.5287643667213544
Late-demographic dividend,LTE,1984,41.6482512433696,Other,0.5482078063335862
Late-demographic dividend,LTE,1985,42.2175297331322,Other,0.5692784897626026
Late-demographic dividend,LTE,1986,42.4177928033182,Other,0.2002630701859971
Late-demographic dividend,LTE,1987,42.61527867072409,Other,0.19748586740588792
Late-demographic dividend,LTE,1988,42.80604510515072,Other,0.1907664344266351
Late-demographic dividend,LTE,1989,43.01074463380927,Other,0.20469952865854424
Late-demographic dividend,LTE,1990,43.2015253563343,Other,0.19078072252503375
Late-demographic dividend,LTE,1991,43.38774814701437,Other,0.18622279068006975
Late-demographic dividend,LTE,1992,34.77396967405423,Other,-8.613778472960142
Late-demographic dividend,LTE,1993,34.68574676141684,Other,-0.08822291263739146
Late-demographic dividend,LTE,1994,34.72905539672927,Other,0.04330863531243523
Late-demographic dividend,LTE,1995,34.53848179712992,Other,-0.19057359959935383
Late-demographic dividend,LTE,1996,34.52161253616006,Other,-0.016869260969855304
Late-demographic dividend,LTE,1997,34.81270988750089,Other,0.2910973513408237
Late-demographic dividend,LTE,1998,34.81533597252818,Other,0.0026260850272947778
Late-demographic dividend,LTE,1999,34.82470802556848,Other,0.009372053040301864
Late-demographic dividend,LTE,2000,34.85866114056991,Other,0.03395311500142384
Late-demographic dividend,LTE,2001,34.76171481644984,Other,-0.09694632412006854
Late-demographic dividend,LTE,2002,34.74306548909781,Other,-0.018649327352029843
Late-demographic dividend,LTE,2003,34.393985872605704,Other,-0.34907961649210506
Late-demographic dividend,LTE,2004,34.36812627495744,Other,-0.025859597648263843
Late-demographic dividend,LTE,2005,34.372025431228735,Other,0.0038991562712951122
Late-demographic dividend,LTE,2006,34.39394329265328,Other,0.02191786142454788
Late-demographic dividend,LTE,2007,34.39108846409874,Other,-0.002854828554539779
Late-demographic dividend,LTE,2008,34.430073392221686,Other,0.038984928122943074
Late-demographic dividend,LTE,2009,34.442199097995086,Other,0.012125705773399886
Late-demographic dividend,LTE,2010,34.57199058099448,Other,0.12979148299939425
Late-demographic dividend,LTE,2011,34.55484185274456,Other,-0.01714872824992142
Late-demographic dividend,LTE,2012,34.557178015478044,Other,0.0023361627334850255
Late-demographic dividend,LTE,2013,34.60423600233389,Other,0.04705798685584739
Late-demographic dividend,LTE,2014,34.56460215577953,Other,-0.03963384655435931
Late-demographic dividend,LTE,2015,34.58363438732055,Other,0.01903223154101852
Late-demographic dividend,LTE,2016,34.57597009219495,Other,-0.007664295125600518
Late-demographic dividend,LTE,2017,34.53909139509412,Other,-0.036878697100831914
Late-demographic dividend,LTE,2018,34.44345356219069,Other,-0.09563783290342798
Late-demographic dividend,LTE,2019,34.30565876509497,Other,-0.1377947970957223
Late-demographic dividend,LTE,2020,34.228177183670965,Other,-0.07748158142400285
Late-demographic dividend,LTE,2021,34.126312106699736,Other,-0.10186507697122948
Late-demographic dividend,LTE,2022,34.21271521218528,Other,0.08640310548554453
Latvia,LVA,1992,40.65759236344352,Europe,
Latvia,LVA,1993,40.400469249682615,Europe,-0.2571231137609047
Latvia,LVA,1994,40.818294309544086,Europe,0.417825059861471
Latvia,LVA,1995,29.440596525623924,Europe,-11.377697783920162
Latvia,LVA,1996,30.11554469924631,Europe,0.6749481736223863
Latvia,LVA,1997,28.47638484902052,Europe,-1.6391598502257914
Latvia,LVA,1998,28.106770372989214,Europe,-0.3696144760313054
Latvia,LVA,1999,25.98550468446173,Europe,-2.121265688527483
Latvia,LVA,2000,25.519469040770083,Europe,-0.4660356436916473
Latvia,LVA,2001,25.40697767849969,Europe,-0.11249136227039358
Latvia,LVA,2002,25.631960403040484,Europe,0.22498272454079427
Latvia,LVA,2003,25.423047873109745,Europe,-0.20891252993073905
Latvia,LVA,2004,26.38725954971315,Europe,0.964211676603405
Latvia,LVA,2005,27.865717453838368,Europe,1.478457904125218
Latvia,LVA,2006,29.81021100165523,Europe,1.9444935478168617
Latvia,LVA,2007,29.553087887894325,Europe,-0.2571231137609047
Latvia,LVA,2008,29.32810516335353,Europe,-0.22498272454079427
Latvia,LVA,2009,29.456666720233983,Europe,0.12856155688045234
Latvia,LVA,2010,29.0067012711524,Europe,-0.4499654490815814
Latvia,LVA,2011,29.18347341186302,Europe,0.17677214071061798
Latvia,LVA,2012,29.585228277114435,Europe,0.4017548652514158
Latvia,LVA,2013,30.16375528307648,Europe,0.5785270059620444
Latvia,LVA,2014,30.0834043100262,Europe,-0.0803509730502796
Latvia,LVA,2015,30.284281742651903,Europe,0.20087743262570257
Latvia,LVA,2016,31.031545792019543,Europe,0.7472640493676401
Latvia,LVA,2017,31.063686181239653,Europe,0.03214038922011042
Latvia,LVA,2018,31.14403715428994,Europe,0.08035097305028671
Latvia,LVA,2019,31.497581435711187,Europe,0.3535442814212466
Latvia,LVA,2020,31.64068777117146,Europe,0.14310633546027418
Latvia,LVA,2021,31.65675719106541,Europe,0.016069419893948833
Latvia,LVA,2022,31.65675719106541,Europe,0.0
Latvia,LVA,2023,31.672826610959344,Europe,0.016069419893934622
Least developed countries: UN classification,LDC,1961,32.248110623093865,Other,
Least developed countries: UN classification,LDC,1962,32.27770693289599,Other,0.029596309802123244
Least developed countries: UN classification,LDC,1963,32.37051667141185,Other,0.09280973851586083
Least developed countries: UN classification,LDC,1964,32.43475930925528,Other,0.06424263784342799
Least developed countries: UN classification,LDC,1965,32.472237091252104,Other,0.037477781996827275
Least developed countries: UN classification,LDC,1966,32.504356302989294,Other,0.032119211737189346
Least developed countries: UN classification,LDC,1967,32.532086851403335,Other,0.027730548414041323
Least developed countries: UN classification,LDC,1968,32.604790738213566,Other,0.07270388681023121
Least developed countries: UN classification,LDC,1969,32.626004968981945,Other,0.02121423076837914
Least developed countries: UN classification,LDC,1970,32.6480459987546,Other,0.022041029772651655
Least developed countries: UN classification,LDC,1971,32.67630948423889,Other,0.02826348548429536
Least developed countries: UN classification,LDC,1972,32.71556874024261,Other,0.03925925600371727
Least developed countries: UN classification,LDC,1973,32.70237896919061,Other,-0.013189771051997923
Least developed countries: UN classification,LDC,1974,32.677230678624284,Other,-0.025148290566328058
Least developed countries: UN classification,LDC,1975,32.724636539821894,Other,0.04740586119761048
Least developed countries: UN classification,LDC,1976,32.75432579159748,Other,0.029689251775586456
Least developed countries: UN classification,LDC,1977,32.758503997912946,Other,0.004178206315465616
Least developed countries: UN classification,LDC,1978,32.84097757359982,Other,0.08247357568687619
Least developed countries: UN classification,LDC,1979,32.83835665165737,Other,-0.0026209219424515595
Least developed countries: UN classification,LDC,1980,32.895702105859094,Other,0.0573454542017231
Least developed countries: UN classification,LDC,1981,32.9632239453199,Other,0.06752183946080947
Least developed countries: UN classification,LDC,1982,33.00147281230747,Other,0.03824886698756558
Least developed countries: UN classification,LDC,1983,33.07299157127736,Other,0.07151875896989424
Least developed countries: UN classification,LDC,1984,33.11233150065678,Other,0.039339929379416105
Least developed countries: UN classification,LDC,1985,33.228372908465936,Other,0.11604140780915628
Least developed countries: UN classification,LDC,1986,33.32124506165046,Other,0.09287215318452269
Least developed countries: UN classification,LDC,1987,33.36153947118319,Other,0.04029440953273422
Least developed countries: UN classification,LDC,1988,33.45142933899675,Other,0.0898898678135609
Least developed countries: UN classification,LDC,1989,33.503387817514565,Other,0.0519584785178111
Least developed countries: UN classification,LDC,1990,33.60269381597649,Other,0.09930599846192223
Least developed countries: UN classification,LDC,1991,33.721193041789704,Other,0.11849922581321692
Least developed countries: UN classification,LDC,1992,33.795610505145966,Other,0.0744174633562622
Least developed countries: UN classification,LDC,1993,33.95949790291282,Other,0.16388739776685668
Least developed countries: UN classification,LDC,1994,34.117739846000354,Other,0.15824194308753192
Least developed countries: UN classification,LDC,1995,34.242902537605644,Other,0.12516269160528992
Least developed countries: UN classification,LDC,1996,34.396092194252965,Other,0.15318965664732076
Least developed countries: UN classification,LDC,1997,34.57172954596774,Other,0.17563735171477646
Least developed countries: UN classification,LDC,1998,34.69002684974021,Other,0.11829730377246506
Least developed countries: UN classification,LDC,1999,34.903578467153174,Other,0.2135516174129677
Least developed countries: UN classification,LDC,2000,35.096055095565085,Other,0.19247662841191016
Least developed countries: UN classification,LDC,2001,35.26794335596544,Other,0.1718882604003582
Least developed countries: UN classification,LDC,2002,35.35497733505714,Other,0.08703397909170008
Least developed countries: UN classification,LDC,2003,35.602763682631284,Other,0.24778634757414153
Least developed countries: UN classification,LDC,2004,35.418792320760694,Other,-0.18397136187059004
Least developed countries: UN classification,LDC,2005,35.82651169907488,Other,0.4077193783141837
Least developed countries: UN classification,LDC,2006,35.97197507435626,Other,0.14546337528138054
Least developed countries: UN classification,LDC,2007,36.150983438539136,Other,0.17900836418287724
Least developed countries: UN classification,LDC,2008,36.308341965191616,Other,0.15735852665248018
Least developed countries: UN classification,LDC,2009,36.54279361427649,Other,0.2344516490848747
Least developed countries: UN classification,LDC,2010,36.79561622786469,Other,0.2528226135882008
Least developed countries: UN classification,LDC,2011,37.00711683332801,Other,0.21150060546332128
Least developed countries: UN classification,LDC,2012,39.51003880279296,Other,2.50292196946495
Least developed countries: UN classification,LDC,2013,39.70901235897673,Other,0.19897355618376622
Least developed countries: UN classification,LDC,2014,39.845601567181525,Other,0.13658920820479636
Least developed countries: UN classification,LDC,2015,39.96920043923515,Other,0.12359887205362696
Least developed countries: UN classification,LDC,2016,40.09623258868821,Other,0.12703214945305774
Least developed countries: UN classification,LDC,2017,40.24272679557643,Other,0.1464942068882209
Least developed countries: UN classification,LDC,2018,40.37577740936169,Other,0.13305061378525807
Least developed countries: UN classification,LDC,2019,40.45629802613549,Other,0.08052061677380351
Least developed countries: UN classification,LDC,2020,40.53633561167562,Other,0.08003758554012563
Least developed countries: UN classification,LDC,2021,40.61999445641752,Other,0.08365884474190466
Least developed countries: UN classification,LDC,2022,40.67502791932302,Other,0.05503346290549871
Lebanon,LBN,1961,54.936461388074285,Asia,
Lebanon,LBN,1962,55.718475073313776,Asia,0.782013685239491
Lebanon,LBN,1963,55.718475073313776,Asia,0.0
Lebanon,LBN,1964,56.695992179863154,Asia,0.977517106549378
Lebanon,LBN,1965,58.260019550342136,Asia,1.564027370478982
Lebanon,LBN,1966,58.260019550342136,Asia,0.0
Lebanon,LBN,1967,59.2375366568915,Asia,0.9775171065493637
Lebanon,LBN,1968,60.215053763440864,Asia,0.9775171065493637
Lebanon,LBN,1969,60.60606060606061,Asia,0.3910068426197455
Lebanon,LBN,1970,61.09481915933529,Asia,0.4887585532746783
Lebanon,LBN,1971,61.58357771260997,Asia,0.4887585532746854
Lebanon,LBN,1972,62.07233626588465,Asia,0.4887585532746783
Lebanon,LBN,1973,63.049853372434015,Asia,0.9775171065493637
Lebanon,LBN,1974,62.56109481915934,Asia,-0.4887585532746783
Lebanon,LBN,1975,62.07233626588465,Asia,-0.4887585532746854
Lebanon,LBN,1976,61.58357771260997,Asia,-0.4887585532746783
Lebanon,LBN,1977,61.09481915933529,Asia,-0.4887585532746854
Lebanon,LBN,1978,60.50830889540567,Asia,-0.5865102639296182
Lebanon,LBN,1979,59.92179863147605,Asia,-0.5865102639296182
Lebanon,LBN,1980,58.748778103616814,Asia,-1.1730205278592365
Lebanon,LBN,1981,58.45552297165201,Asia,-0.29325513196480557
Lebanon,LBN,1982,58.45552297165201,Asia,0.0
Lebanon,LBN,1983,58.45552297165201,Asia,0.0
Lebanon,LBN,1984,58.45552297165201,Asia,0.0
Lebanon,LBN,1985,58.55327468230694,Asia,0.09775171065493282
Lebanon,LBN,1986,58.65102639296188,Asia,0.09775171065493993
Lebanon,LBN,1987,59.04203323558163,Asia,0.3910068426197455
Lebanon,LBN,1988,59.04203323558163,Asia,0.0
Lebanon,LBN,1989,59.04203323558163,Asia,0.0
Lebanon,LBN,1990,59.13978494623656,Asia,0.09775171065493282
Lebanon,LBN,1991,59.2375366568915,Asia,0.09775171065493993
Lebanon,LBN,1992,59.2375366568915,Asia,0.0
Lebanon,LBN,1993,59.2375366568915,Asia,0.0
Lebanon,LBN,1994,59.33528836754643,Asia,0.09775171065493282
Lebanon,LBN,1995,59.53079178885631,Asia,0.19550342130987985
Lebanon,LBN,1996,60.410557184750736,Asia,0.8797653958944238
Lebanon,LBN,1997,60.80156402737048,Asia,0.3910068426197455
Lebanon,LBN,1998,61.19257086999023,Asia,0.3910068426197455
Lebanon,LBN,1999,56.94037145650049,Asia,-4.252199413489734
Lebanon,LBN,2000,58.1622678396872,Asia,1.22189638318671
Lebanon,LBN,2001,58.45552297165201,Asia,0.29325513196480557
Lebanon,LBN,2002,60.215053763440864,Asia,1.7595307917888547
Lebanon,LBN,2003,61.29032258064516,Asia,1.0752688172042966
Lebanon,LBN,2004,62.39491691104594,Asia,1.1045943304007793
Lebanon,LBN,2005,63.83186705767351,Asia,1.4369501466275736
Lebanon,LBN,2006,66.37341153470186,Asia,2.5415444770283457
Lebanon,LBN,2007,66.18768328445748,Asia,-0.1857282502443809
Lebanon,LBN,2008,64.80938416422288,Asia,-1.378299120234601
Lebanon,LBN,2009,64.80938416422288,Asia,0.0
Lebanon,LBN,2010,62.56109481915934,Asia,-2.24828934506354
Lebanon,LBN,2011,63.63636363636363,Asia,1.0752688172042966
Lebanon,LBN,2012,64.32062561094818,Asia,0.6842619745845511
Lebanon,LBN,2013,64.51612903225806,Asia,0.19550342130987985
Lebanon,LBN,2014,64.71163245356793,Asia,0.19550342130986564
Lebanon,LBN,2015,65.00488758553274,Asia,0.2932551319648127
Lebanon,LBN,2016,65.59139784946237,Asia,0.5865102639296254
Lebanon,LBN,2017,65.81818181818181,Asia,0.22678396871944528
Lebanon,LBN,2018,65.64516129032259,Asia,-0.17302052785922228
Lebanon,LBN,2019,65.62072336265885,Asia,-0.02443792766374031
Lebanon,LBN,2020,65.89589442815249,Asia,0.27517106549363746
Lebanon,LBN,2021,66.62949169110459,Asia,0.7335972629521024
Lebanon,LBN,2022,66.12756598240469,Asia,-0.5019257086999005
Lebanon,LBN,2023,65.9055522971652,Asia,-0.22201368523948872
Lesotho,LSO,1961,85.01317523056655,Africa,
Lesotho,LSO,1962,84.84848484848484,Africa,-0.16469038208170161
Lesotho,LSO,1963,84.84848484848484,Africa,0.0
Lesotho,LSO,1964,84.91436100131752,Africa,0.06587615283267212
Lesotho,LSO,1965,84.91436100131752,Africa,0.0
Lesotho,LSO,1966,85.0790513833992,Africa,0.1646903820816874
Lesotho,LSO,1967,85.0790513833992,Africa,0.0
Lesotho,LSO,1968,83.43214756258234,Africa,-1.6469038208168598
Lesotho,LSO,1969,81.62055335968378,Africa,-1.8115942028985614
Lesotho,LSO,1970,79.9407114624506,Africa,-1.6798418972331888
Lesotho,LSO,1971,77.86561264822134,Africa,-2.07509881422925
Lesotho,LSO,1972,77.70092226613966,Africa,-0.1646903820816874
Lesotho,LSO,1973,77.70092226613966,Africa,0.0
Lesotho,LSO,1974,77.70092226613966,Africa,0.0
Lesotho,LSO,1975,78.26086956521739,Africa,0.5599472990777343
Lesotho,LSO,1976,77.70092226613966,Africa,-0.5599472990777343
Lesotho,LSO,1977,75.49407114624506,Africa,-2.206851119894594
Lesotho,LSO,1978,75.5270092226614,Africa,0.032938076416343165
Lesotho,LSO,1979,76.0540184453228,Africa,0.5270092226613912
Lesotho,LSO,1980,75.6258234519104,Africa,-0.4281949934123901
Lesotho,LSO,1981,75.82345191040844,Africa,0.19762845849803057
Lesotho,LSO,1982,75.49407114624506,Africa,-0.3293807641633748
Lesotho,LSO,1983,75.32938076416337,Africa,-0.1646903820816874
Lesotho,LSO,1984,75.7905138339921,Africa,0.46113306982871904
Lesotho,LSO,1985,76.02108036890645,Africa,0.23056653491435952
Lesotho,LSO,1986,75.46113306982872,Africa,-0.5599472990777343
Lesotho,LSO,1987,76.74571805006588,Africa,1.284584980237156
Lesotho,LSO,1988,77.17391304347827,Africa,0.4281949934123901
Lesotho,LSO,1989,75.92226613965745,Africa,-1.251646903820813
Lesotho,LSO,1990,76.44927536231883,Africa,0.527009222661377
Lesotho,LSO,1991,76.51515151515152,Africa,0.06587615283268633
Lesotho,LSO,1992,76.9433465085639,Africa,0.4281949934123901
Lesotho,LSO,1993,76.87747035573122,Africa,-0.06587615283268633
Lesotho,LSO,1994,76.71277997364953,Africa,-0.1646903820816874
Lesotho,LSO,1995,76.54808959156784,Africa,-0.1646903820816874
Lesotho,LSO,1996,76.61396574440053,Africa,0.06587615283268633
Lesotho,LSO,1997,76.71277997364953,Africa,0.09881422924900107
Lesotho,LSO,1998,76.71277997364953,Africa,0.0
Lesotho,LSO,1999,76.71277997364953,Africa,0.0
Lesotho,LSO,2000,76.87747035573122,Africa,0.1646903820816874
Lesotho,LSO,2001,76.87747035573122,Africa,0.0
Lesotho,LSO,2002,75.8893280632411,Africa,-0.9881422924901244
Lesotho,LSO,2003,75.8893280632411,Africa,0.0
Lesotho,LSO,2004,76.21870882740448,Africa,0.329380764163389
Lesotho,LSO,2005,76.64690382081687,Africa,0.4281949934123901
Lesotho,LSO,2006,75.98814229249012,Africa,-0.6587615283267496
Lesotho,LSO,2007,76.71277997364953,Africa,0.7246376811594075
Lesotho,LSO,2008,77.79973649538867,Africa,1.0869565217391397
Lesotho,LSO,2009,77.04216073781292,Africa,-0.7575757575757507
Lesotho,LSO,2010,76.61396574440053,Africa,-0.4281949934123901
Lesotho,LSO,2011,76.1528326745718,Africa,-0.46113306982873326
Lesotho,LSO,2012,75.2733860342556,Africa,-0.8794466403162033
Lesotho,LSO,2013,74.1798418972332,Africa,-1.0935441370223913
Lesotho,LSO,2014,74.97694334650856,Africa,0.7971014492753596
Lesotho,LSO,2015,73.22134387351778,Africa,-1.755599472990781
Lesotho,LSO,2016,77.60210803689066,Africa,4.3807641633728736
Lesotho,LSO,2017,79.64426877470355,Africa,2.0421607378128925
Lesotho,LSO,2018,80.14822134387352,Africa,0.503952569169968
Lesotho,LSO,2019,70.96179183135705,Africa,-9.186429512516469
Lesotho,LSO,2020,77.38471673254283,Africa,6.42292490118578
Lesotho,LSO,2021,73.43214756258234,Africa,-3.9525691699604835
Lesotho,LSO,2022,74.94729907773386,Africa,1.5151515151515156
Lesotho,LSO,2023,77.75849802371542,Africa,2.811198945981559
Liberia,LBR,1961,11.905730897009969,Africa,
Liberia,LBR,1962,11.88496677740864,Africa,-0.02076411960132951
Liberia,LBR,1963,11.88496677740864,Africa,0.0
Liberia,LBR,1964,11.853820598006644,Africa,-0.031146179401995155
Liberia,LBR,1965,11.853820598006644,Africa,0.0
Liberia,LBR,1966,11.82267441860465,Africa,-0.03114617940199338
Liberia,LBR,1967,11.82267441860465,Africa,0.0
Liberia,LBR,1968,11.801910299003325,Africa,-0.02076411960132596
Liberia,LBR,1969,11.801910299003325,Africa,0.0
Liberia,LBR,1970,11.781146179401992,Africa,-0.020764119601333064
Liberia,LBR,1971,11.781146179401992,Africa,0.0
Liberia,LBR,1972,11.781146179401992,Africa,0.0
Liberia,LBR,1973,11.781146179401992,Africa,0.0
Liberia,LBR,1974,11.781146179401992,Africa,0.0
Liberia,LBR,1975,11.781146179401992,Africa,0.0
Liberia,LBR,1976,11.781146179401992,Africa,0.0
Liberia,LBR,1977,11.833056478405316,Africa,0.05191029900332467
Liberia,LBR,1978,11.833056478405316,Africa,0.0
Liberia,LBR,1979,11.833056478405316,Africa,0.0
Liberia,LBR,1980,11.833056478405316,Africa,0.0
Liberia,LBR,1981,11.833056478405316,Africa,0.0
Liberia,LBR,1982,11.874584717607974,Africa,0.04152823920265725
Liberia,LBR,1983,11.926495016611296,Africa,0.05191029900332289
Liberia,LBR,1984,11.93687707641196,Africa,0.010382059800663868
Liberia,LBR,1985,11.957641196013288,Africa,0.020764119601327735
Liberia,LBR,1986,12.05107973421927,Africa,0.09343853820598191
Liberia,LBR,1987,12.113372093023257,Africa,0.06229235880398676
Liberia,LBR,1988,12.082225913621263,Africa,-0.03114617940199338
Liberia,LBR,1989,12.082225913621263,Africa,0.0
Liberia,LBR,1990,11.044019933554818,Africa,-1.0382059800664454
Liberia,LBR,1991,11.358181063122924,Africa,0.31416112956810593
Liberia,LBR,1992,11.66860672757475,Africa,0.3104256644518255
Liberia,LBR,1993,11.980776578073089,Africa,0.31216985049833923
Liberia,LBR,1994,12.293066860465116,Africa,0.31229028239202705
Liberia,LBR,1995,12.609138289036546,Africa,0.3160714285714299
Liberia,LBR,1996,12.927967192691032,Africa,0.31882890365448624
Liberia,LBR,1997,13.242068106312294,Africa,0.314100913621262
Liberia,LBR,1998,13.566669435215948,Africa,0.324601328903654
Liberia,LBR,1999,13.8781146179402,Africa,0.3114451827242526
Liberia,LBR,2000,14.193482142857142,Africa,0.3153675249169421
Liberia,LBR,2001,14.506779485049831,Africa,0.3132973421926888
Liberia,LBR,2002,14.821140988372097,Africa,0.31436150332226553
Liberia,LBR,2003,15.135464078073088,Africa,0.31432308970099143
Liberia,LBR,2004,15.449584717607973,Africa,0.31412063953488456
Liberia,LBR,2005,15.759581602990034,Africa,0.30999688538206094
Liberia,LBR,2006,16.069356312292356,Africa,0.30977470930232265
Liberia,LBR,2007,16.37438642026578,Africa,0.30503010797342256
Liberia,LBR,2008,16.68627284053156,Africa,0.3118864202657825
Liberia,LBR,2009,16.996792981727577,Africa,0.31052014119601523
Liberia,LBR,2010,17.307252906976743,Africa,0.310459925249166
Liberia,LBR,2011,17.61481623754153,Africa,0.30756333056478624
Liberia,LBR,2012,17.926040282392027,Africa,0.3112240448504977
Liberia,LBR,2013,18.236620639534884,Africa,0.31058035714285737
Liberia,LBR,2014,18.5462344269103,Africa,0.30961378737541523
Liberia,LBR,2015,18.858525747508303,Africa,0.31229132059800335
Liberia,LBR,2016,19.17029381229236,Africa,0.31176806478405794
Liberia,LBR,2017,19.48389015780731,Africa,0.31359634551494864
Liberia,LBR,2018,19.797589285714288,Africa,0.31369912790697896
Liberia,LBR,2019,19.96511627906977,Africa,0.16752699335548016
Liberia,LBR,2020,19.96511627906977,Africa,0.0
Liberia,LBR,2021,19.96511627906977,Africa,0.0
Liberia,LBR,2022,19.96511627906977,Africa,0.0
Liberia,LBR,2023,19.96511627906977,Africa,0.0
Libya,LBY,1961,6.34825011082442,Africa,
Libya,LBY,1962,6.469304477306569,Africa,0.12105436648214862
Libya,LBY,1963,6.584107209838935,Africa,0.11480273253236639
Libya,LBY,1964,6.702319924525728,Africa,0.11821271468679306
Libya,LBY,1965,6.817122657058095,Africa,0.11480273253236728
Libya,LBY,1966,6.9353353717448885,Africa,0.11821271468679306
Libya,LBY,1967,7.050138104277254,Africa,0.1148027325323655
Libya,LBY,1968,7.169487479682189,Africa,0.11934937540493529
Libya,LBY,1969,7.285995203291769,Africa,0.11650772360957973
Libya,LBY,1970,7.40250292690135,Africa,0.11650772360958062
Libya,LBY,1971,7.521852302306285,Africa,0.11934937540493529
Libya,LBY,1972,7.637223365197722,Africa,0.1153710628914375
Libya,LBY,1973,7.754867749525444,Africa,0.11764438432772195
Libya,LBY,1974,7.870238812416881,Africa,0.11537106289143662
Libya,LBY,1975,7.987883196744604,Africa,0.11764438432772284
Libya,LBY,1976,8.103254259636042,Africa,0.11537106289143839
Libya,LBY,1977,8.220898643963762,Africa,0.11764438432772018
Libya,LBY,1978,8.339111358650557,Africa,0.11821271468679484
Libya,LBY,1979,8.453914091182922,Africa,0.11480273253236462
Libya,LBY,1980,8.570421814792503,Africa,0.1165077236095815
Libya,LBY,1981,8.63009650249497,Africa,0.059674687702466755
Libya,LBY,1982,8.69090785091558,Africa,0.060811348420610756
Libya,LBY,1983,8.755129181490616,Africa,0.06422133057503565
Libya,LBY,1984,8.760812485081328,Africa,0.00568330359071112
Libya,LBY,1985,8.767632449390183,Africa,0.00681996430885512
Libya,LBY,1986,8.772179092262752,Africa,0.004546642872568896
Libya,LBY,1987,8.775020744058105,Africa,0.0028416517953537834
Libya,LBY,1988,8.775020744058105,Africa,0.0
Libya,LBY,1989,8.777862395853461,Africa,0.00284165179535556
Libya,LBY,1990,8.783545699444172,Africa,0.00568330359071112
Libya,LBY,1991,8.78638735123953,Africa,0.002841651795357336
Libya,LBY,1992,8.789229003034885,Africa,0.00284165179535556
Libya,LBY,1993,8.789229003034885,Africa,0.0
Libya,LBY,1994,8.794912306625594,Africa,0.005683303590709343
Libya,LBY,1995,8.81764552098844,Africa,0.022733214362846255
Libya,LBY,1996,8.90346340520818,Africa,0.08581788421973968
Libya,LBY,1997,8.90346340520818,Africa,0.0
Libya,LBY,1998,8.780704047648817,Africa,-0.12275935755936374
Libya,LBY,1999,8.780704047648817,Africa,0.0
Libya,LBY,2000,8.780704047648817,Africa,0.0
Libya,LBY,2001,8.780704047648817,Africa,0.0
Libya,LBY,2002,8.780704047648817,Africa,0.0
Libya,LBY,2003,8.780704047648817,Africa,0.0
Libya,LBY,2004,8.743762574309194,Africa,-0.03694147333962228
Libya,LBY,2005,8.743762574309194,Africa,0.0
Libya,LBY,2006,8.743762574309194,Africa,0.0
Libya,LBY,2007,8.743762574309194,Africa,0.0
Libya,LBY,2008,8.743762574309194,Africa,0.0
Libya,LBY,2009,8.743762574309194,Africa,0.0
Libya,LBY,2010,8.724439342100776,Africa,-0.019323232208417807
Libya,LBY,2011,8.724439342100776,Africa,0.0
Libya,LBY,2012,8.72671266353706,Africa,0.002273321436284448
Libya,LBY,2013,8.72671266353706,Africa,0.0
Libya,LBY,2014,8.723871011741705,Africa,-0.00284165179535556
Libya,LBY,2015,8.723871011741705,Africa,0.0
Libya,LBY,2016,8.723871011741705,Africa,0.0
Libya,LBY,2017,8.723871011741705,Africa,0.0
Libya,LBY,2018,8.723871011741705,Africa,0.0
Libya,LBY,2019,8.723871011741705,Africa,0.0
Libya,LBY,2020,8.723871011741705,Africa,0.0
Libya,LBY,2021,8.723871011741705,Africa,0.0
Libya,LBY,2022,8.723871011741705,Africa,0.0
Libya,LBY,2023,8.723871011741705,Africa,0.0
Liechtenstein,LIE,1961,56.25,Europe,
Liechtenstein,LIE,1962,56.25,Europe,0.0
Liechtenstein,LIE,1963,56.25,Europe,0.0
Liechtenstein,LIE,1964,56.25,Europe,0.0
Liechtenstein,LIE,1965,56.25,Europe,0.0
Liechtenstein,LIE,1966,56.25,Europe,0.0
Liechtenstein,LIE,1967,56.25,Europe,0.0
Liechtenstein,LIE,1968,56.25,Europe,0.0
Liechtenstein,LIE,1969,56.25,Europe,0.0
Liechtenstein,LIE,1970,56.25,Europe,0.0
Liechtenstein,LIE,1971,56.25,Europe,0.0
Liechtenstein,LIE,1972,56.25,Europe,0.0
Liechtenstein,LIE,1973,56.25,Europe,0.0
Liechtenstein,LIE,1974,56.25,Europe,0.0
Liechtenstein,LIE,1975,56.25,Europe,0.0
Liechtenstein,LIE,1976,56.25,Europe,0.0
Liechtenstein,LIE,1977,56.25,Europe,0.0
Liechtenstein,LIE,1978,56.25,Europe,0.0
Liechtenstein,LIE,1979,56.25,Europe,0.0
Liechtenstein,LIE,1980,56.25,Europe,0.0
Liechtenstein,LIE,1981,56.25,Europe,0.0
Liechtenstein,LIE,1982,56.25,Europe,0.0
Liechtenstein,LIE,1983,56.25,Europe,0.0
Liechtenstein,LIE,1984,56.25,Europe,0.0
Liechtenstein,LIE,1985,56.25,Europe,0.0
Liechtenstein,LIE,1986,50.0,Europe,-6.25
Liechtenstein,LIE,1987,50.0,Europe,0.0
Liechtenstein,LIE,1988,50.0,Europe,0.0
Liechtenstein,LIE,1989,50.0,Europe,0.0
Liechtenstein,LIE,1990,43.75,Europe,-6.25
Liechtenstein,LIE,1991,43.75,Europe,0.0
Liechtenstein,LIE,1992,43.75,Europe,0.0
Liechtenstein,LIE,1993,43.75,Europe,0.0
Liechtenstein,LIE,1994,43.75,Europe,0.0
Liechtenstein,LIE,1995,43.75,Europe,0.0
Liechtenstein,LIE,1996,43.75,Europe,0.0
Liechtenstein,LIE,1997,43.75,Europe,0.0
Liechtenstein,LIE,1998,43.75,Europe,0.0
Liechtenstein,LIE,1999,43.75,Europe,0.0
Liechtenstein,LIE,2000,43.75,Europe,0.0
Liechtenstein,LIE,2001,43.125,Europe,-0.625
Liechtenstein,LIE,2002,42.3125,Europe,-0.8125
Liechtenstein,LIE,2003,41.5,Europe,-0.8125
Liechtenstein,LIE,2004,40.6875,Europe,-0.8125
Liechtenstein,LIE,2005,39.875,Europe,-0.8125
Liechtenstein,LIE,2006,39.0625,Europe,-0.8125
Liechtenstein,LIE,2007,38.25,Europe,-0.8125
Liechtenstein,LIE,2008,37.4375,Europe,-0.8125
Liechtenstein,LIE,2009,36.625,Europe,-0.8125
Liechtenstein,LIE,2010,35.8125,Europe,-0.8125
Liechtenstein,LIE,2011,35.0,Europe,-0.8125
Liechtenstein,LIE,2012,34.1875,Europe,-0.8125
Liechtenstein,LIE,2013,33.375,Europe,-0.8125
Liechtenstein,LIE,2014,32.75,Europe,-0.625
Liechtenstein,LIE,2015,32.625,Europe,-0.125
Liechtenstein,LIE,2016,32.5,Europe,-0.125
Liechtenstein,LIE,2017,32.375,Europe,-0.125
Liechtenstein,LIE,2018,32.375,Europe,0.0
Liechtenstein,LIE,2019,32.3125,Europe,-0.0625
Liechtenstein,LIE,2020,32.3125,Europe,0.0
Liechtenstein,LIE,2021,32.3125,Europe,0.0
Liechtenstein,LIE,2022,32.3125,Europe,0.0
Liechtenstein,LIE,2023,32.3125,Europe,0.0
Lithuania,LTU,1992,54.06828334396937,Europe,
Lithuania,LTU,1993,53.17485641352904,Europe,-0.8934269304403273
Lithuania,LTU,1994,49.87236758136567,Europe,-3.3024888321633696
Lithuania,LTU,1995,54.4033184428845,Europe,4.530950861518825
Lithuania,LTU,1996,54.41927249521379,Europe,0.015954052329291812
Lithuania,LTU,1997,54.51499680918953,Europe,0.09572431397574377
Lithuania,LTU,1998,54.64262922782387,Europe,0.1276324186343345
Lithuania,LTU,1999,55.77536694320357,Europe,1.1327377153797045
Lithuania,LTU,2000,54.530950861518825,Europe,-1.2444160816847472
Lithuania,LTU,2001,46.20293554562858,Europe,-8.328015315890248
Lithuania,LTU,2002,46.02744097000638,Europe,-0.17549457562219573
Lithuania,LTU,2003,40.539246968730055,Europe,-5.488194001276327
Lithuania,LTU,2004,41.54913848117422,Europe,1.0098915124441632
Lithuania,LTU,2005,45.26164645820038,Europe,3.7125079770261635
Lithuania,LTU,2006,44.52297383535418,Europe,-0.7386726228462024
Lithuania,LTU,2007,43.01052967453734,Europe,-1.512444160816841
Lithuania,LTU,2008,42.63422417231751,Europe,-0.3763055022198287
Lithuania,LTU,2009,42.90386916633426,Europe,0.2696449940167511
Lithuania,LTU,2010,44.23294774631033,Europe,1.3290785799760698
Lithuania,LTU,2011,44.7697609854166,Europe,0.536813239106273
Lithuania,LTU,2012,45.3489485273,Europe,0.5791875418833996
Lithuania,LTU,2013,46.1332269644994,Europe,0.7842784371993972
Lithuania,LTU,2014,47.12529928172386,Europe,0.9920723172244621
Lithuania,LTU,2015,47.97924980047885,Europe,0.853950518754985
Lithuania,LTU,2016,47.15526324191437,Europe,-0.8239865585644779
Lithuania,LTU,2017,46.85908590220463,Europe,-0.29617733970973603
Lithuania,LTU,2018,47.05412741497685,Europe,0.19504151277221382
Lithuania,LTU,2019,47.50878313637815,Europe,0.45465572140130206
Lithuania,LTU,2020,46.99457042478441,Europe,-0.5142127115937356
Lithuania,LTU,2021,46.92221689825906,Europe,-0.07235352652535454
Lithuania,LTU,2022,46.50341831192896,Europe,-0.41879858633009803
Lithuania,LTU,2023,45.89456869009585,Europe,-0.6088496218331088
Luxembourg,LUX,2000,49.71916440729318,Europe,
Luxembourg,LUX,2001,49.71916440729318,Europe,0.0
Luxembourg,LUX,2002,49.71916440729318,Europe,0.0
Luxembourg,LUX,2003,49.71916440729318,Europe,0.0
Luxembourg,LUX,2004,49.71916440729318,Europe,0.0
Luxembourg,LUX,2005,50.10759537922516,Europe,0.3884309719319816
Luxembourg,LUX,2006,50.10759537922516,Europe,0.0
Luxembourg,LUX,2007,50.88445732308912,Europe,0.7768619438639632
Luxembourg,LUX,2008,50.88445732308912,Europe,0.0
Luxembourg,LUX,2009,50.76792803150953,Europe,-0.1165292915795959
Luxembourg,LUX,2010,50.89999456196639,Europe,0.13206653045686068
Luxembourg,LUX,2011,50.98933368551075,Europe,0.08933912354436302
Luxembourg,LUX,2012,51.04759833130055,Europe,0.05826464578979795
Luxembourg,LUX,2013,50.83784560645728,Europe,-0.2097527248432698
Luxembourg,LUX,2014,50.88057301336979,Europe,0.04272740691251187
Luxembourg,LUX,2015,50.98933368551075,Europe,0.10876067214095997
Luxembourg,LUX,2016,50.74889491388485,Europe,-0.24043877162590377
Luxembourg,LUX,2017,50.94582941665436,Europe,0.19693450276951552
Luxembourg,LUX,2018,51.10159023639908,Europe,0.1557608197447209
Luxembourg,LUX,2019,51.1106795211423,Europe,0.009089284743218684
Luxembourg,LUX,2020,51.32186944058172,Europe,0.21118991943941978
Luxembourg,LUX,2021,51.584332248316144,Europe,0.26246280773442265
Luxembourg,LUX,2022,51.47114346309517,Europe,-0.1131887852209772
Luxembourg,LUX,2023,51.6606200912036,Europe,0.18947662810843013
Madagascar,MDG,1961,60.43436393025415,Africa,
Madagascar,MDG,1962,60.47735323451525,Africa,0.04298930426109848
Madagascar,MDG,1963,60.52034253877635,Africa,0.04298930426109848
Madagascar,MDG,1964,60.563331843037446,Africa,0.04298930426109848
Madagascar,MDG,1965,60.606321147298544,Africa,0.04298930426109848
Madagascar,MDG,1966,60.64931045155966,Africa,0.04298930426111269
Madagascar,MDG,1967,60.69229975582076,Africa,0.04298930426110559
Madagascar,MDG,1968,60.735289060081854,Africa,0.04298930426109138
Madagascar,MDG,1969,60.78687622519517,Africa,0.05158716511331818
Madagascar,MDG,1970,60.82126766860405,Africa,0.034391443408878786
Madagascar,MDG,1971,60.85565911201293,Africa,0.034391443408878786
Madagascar,MDG,1972,60.90724627712625,Africa,0.05158716511331818
Madagascar,MDG,1973,60.941637720535134,Africa,0.03439144340888589
Madagascar,MDG,1974,61.001822746500665,Africa,0.06018502596553077
Madagascar,MDG,1975,61.49018124290676,Africa,0.48835849640609297
Madagascar,MDG,1976,61.49877910375898,Africa,0.008597860852219696
Madagascar,MDG,1977,61.78250851188224,Africa,0.2837294081232642
Madagascar,MDG,1978,61.90459813598377,Africa,0.1220896241015268
Madagascar,MDG,1979,61.93898957939265,Africa,0.034391443408878786
Madagascar,MDG,1980,61.97338102280153,Africa,0.03439144340888589
Madagascar,MDG,1981,62.03356604876706,Africa,0.060185025965523664
Madagascar,MDG,1982,62.07655535302816,Africa,0.04298930426110559
Madagascar,MDG,1983,62.13674037899371,Africa,0.06018502596554498
Madagascar,MDG,1984,62.179729683254806,Africa,0.04298930426109848
Madagascar,MDG,1985,62.23991470922034,Africa,0.060185025965537875
Madagascar,MDG,1986,62.28290401348144,Africa,0.04298930426109848
Madagascar,MDG,1987,62.31729545689032,Africa,0.034391443408878786
Madagascar,MDG,1988,62.36888262200364,Africa,0.05158716511331818
Madagascar,MDG,1989,62.41187192626475,Africa,0.04298930426111269
Madagascar,MDG,1990,62.46345909137806,Africa,0.05158716511331107
Madagascar,MDG,1991,62.50644839563917,Africa,0.04298930426110559
Madagascar,MDG,1992,62.54083983904805,Africa,0.034391443408878786
Madagascar,MDG,1993,62.74718849950133,Africa,0.20634866045327982
Madagascar,MDG,1994,62.72999277779688,Africa,-0.0171957217044465
Madagascar,MDG,1995,62.72999277779688,Africa,0.0
Madagascar,MDG,1996,62.929463149568384,Africa,0.19947037177150406
Madagascar,MDG,1997,64.46676066994532,Africa,1.5372975203769315
Madagascar,MDG,1998,66.18633284038931,Africa,1.7195721704439961
Madagascar,MDG,1999,67.92310073253775,Africa,1.7367678921484355
Madagascar,MDG,2000,69.64267290298174,Africa,1.7195721704439961
Madagascar,MDG,2001,70.23248615744403,Africa,0.5898132544622854
Madagascar,MDG,2002,70.23248615744403,Africa,0.0
Madagascar,MDG,2003,70.23248615744403,Africa,0.0
Madagascar,MDG,2004,70.23248615744403,Africa,0.0
Madagascar,MDG,2005,70.31846476596623,Africa,0.08597860852219696
Madagascar,MDG,2006,70.31846476596623,Africa,0.0
Madagascar,MDG,2007,70.31846476596623,Africa,0.0
Madagascar,MDG,2008,70.32190391030711,Africa,0.0034391443408878786
Madagascar,MDG,2009,70.32190391030711,Africa,0.0
Madagascar,MDG,2010,70.32190391030711,Africa,0.0
Madagascar,MDG,2011,70.29108191029486,Africa,-0.030822000012250328
Madagascar,MDG,2012,70.29108191029486,Africa,0.0
Madagascar,MDG,2013,70.29047782743211,Africa,-0.000604082862750488
Madagascar,MDG,2014,70.29047782743211,Africa,0.0
Madagascar,MDG,2015,70.29047782743211,Africa,0.0
Madagascar,MDG,2016,70.29047782743211,Africa,0.0
Madagascar,MDG,2017,70.29047782743211,Africa,0.0
Madagascar,MDG,2018,70.29047782743211,Africa,0.0
Madagascar,MDG,2019,70.29047782743211,Africa,0.0
Madagascar,MDG,2020,70.29047782743211,Africa,0.0
Madagascar,MDG,2021,70.29047782743211,Africa,0.0
Madagascar,MDG,2022,70.29047782743211,Africa,0.0
Madagascar,MDG,2023,70.29047782743211,Africa,0.0
Malawi,MWI,1961,33.94145099703012,Africa,
Malawi,MWI,1962,35.00212134068732,Africa,1.0606703436572005
Malawi,MWI,1963,35.53245651251591,Africa,0.5303351718285896
Malawi,MWI,1964,36.06279168434451,Africa,0.5303351718286038
Malawi,MWI,1965,38.2159524819686,Africa,2.153160797624089
Malawi,MWI,1966,38.7462876537972,Africa,0.5303351718285967
Malawi,MWI,1967,38.237165888841744,Africa,-0.5091217649554522
Malawi,MWI,1968,39.31904963937208,Africa,1.0818837505303378
Malawi,MWI,1969,39.84938481120068,Africa,0.5303351718285967
Malawi,MWI,1970,39.31904963937208,Africa,-0.5303351718285967
Malawi,MWI,1971,40.91005515485787,Africa,1.59100551548579
Malawi,MWI,1972,41.44039032668647,Africa,0.5303351718285967
Malawi,MWI,1973,41.97072549851506,Africa,0.5303351718285896
Malawi,MWI,1974,42.002545608824775,Africa,0.031820110309716654
Malawi,MWI,1975,41.47221043699618,Africa,-0.5303351718285967
Malawi,MWI,1976,41.49342384386932,Africa,0.021213406873144436
Malawi,MWI,1977,41.52524395417904,Africa,0.031820110309716654
Malawi,MWI,1978,42.08739923631735,Africa,0.5621552821383133
Malawi,MWI,1979,42.1086126431905,Africa,0.021213406873144436
Malawi,MWI,1980,40.62367416207043,Africa,-1.4849384811200679
Malawi,MWI,1981,41.68434450572762,Africa,1.0606703436571934
Malawi,MWI,1982,42.74501484938481,Africa,1.0606703436571863
Malawi,MWI,1983,41.79041154009334,Africa,-0.9546033092914712
Malawi,MWI,1984,42.320746711921934,Africa,0.5303351718285967
Malawi,MWI,1985,42.47984726347052,Africa,0.15910055154858327
Malawi,MWI,1986,43.5405176071277,Africa,1.0606703436571792
Malawi,MWI,1987,43.593551124310565,Africa,0.053033517182868195
Malawi,MWI,1988,43.64658464149343,Africa,0.053033517182868195
Malawi,MWI,1989,44.176919813322016,Africa,0.5303351718285825
Malawi,MWI,1990,44.73907509546033,Africa,0.5621552821383133
Malawi,MWI,1991,45.82095884599067,Africa,1.0818837505303378
Malawi,MWI,1992,45.29062367416207,Africa,-0.5303351718285967
Malawi,MWI,1993,45.29062367416207,Africa,0.0
Malawi,MWI,1994,43.16928298684769,Africa,-2.1213406873143796
Malawi,MWI,1995,45.396690708527785,Africa,2.2274077216800947
Malawi,MWI,1996,46.45736105218498,Africa,1.0606703436571934
Malawi,MWI,1997,46.987696224013575,Africa,0.5303351718285967
Malawi,MWI,1998,48.578701739499365,Africa,1.59100551548579
Malawi,MWI,1999,49.63937208315656,Africa,1.0606703436571934
Malawi,MWI,2000,50.16970725498516,Africa,0.5303351718286038
Malawi,MWI,2001,51.23037759864234,Africa,1.0606703436571792
Malawi,MWI,2002,51.23037759864234,Africa,0.0
Malawi,MWI,2003,52.82138311412813,Africa,1.59100551548579
Malawi,MWI,2004,52.82138311412813,Africa,0.0
Malawi,MWI,2005,54.94272380144252,Africa,2.1213406873143867
Malawi,MWI,2006,56.05642766228256,Africa,1.1137038608400402
Malawi,MWI,2007,56.05642766228256,Africa,0.0
Malawi,MWI,2008,57.64743317776835,Africa,1.59100551548579
Malawi,MWI,2009,58.17776834959695,Africa,0.5303351718286038
Malawi,MWI,2010,58.17776834959695,Africa,0.0
Malawi,MWI,2011,58.17776834959695,Africa,0.0
Malawi,MWI,2012,58.17776834959695,Africa,0.0
Malawi,MWI,2013,58.81417055579126,Africa,0.6364022061943047
Malawi,MWI,2014,59.93848112006789,Africa,1.1243105642766338
Malawi,MWI,2015,60.52184980907934,Africa,0.5833686890114507
Malawi,MWI,2016,61.115825201527365,Africa,0.5939753924480229
Malawi,MWI,2017,61.699193890538815,Africa,0.5833686890114507
Malawi,MWI,2018,62.29316928298685,Africa,0.5939753924480371
Malawi,MWI,2019,62.8765379719983,Africa,0.5833686890114507
Malawi,MWI,2020,63.47051336444633,Africa,0.59397539244803
Malawi,MWI,2021,64.17055579126007,Africa,0.700042426813738
Malawi,MWI,2022,64.17055579126007,Africa,0.0
Malawi,MWI,2023,64.17055579126007,Africa,0.0
Malaysia,MYS,1961,9.388951453355654,Asia,
Malaysia,MYS,1962,9.590473291736416,Asia,0.20152183838076176
Malaysia,MYS,1963,9.970689392786486,Asia,0.3802161010500704
Malaysia,MYS,1964,10.159853903515446,Asia,0.18916451072895946
Malaysia,MYS,1965,10.644772485162076,Asia,0.48491858164662993
Malaysia,MYS,1966,10.677613757418962,Asia,0.03284127225688671
Malaysia,MYS,1967,10.871039415614062,Asia,0.19342565819509971
Malaysia,MYS,1968,11.262517120681784,Asia,0.3914777050677216
Malaysia,MYS,1969,11.431867295693197,Asia,0.16935017501141303
Malaysia,MYS,1970,11.824714655303609,Asia,0.3928473596104123
Malaysia,MYS,1971,12.049246690001524,Asia,0.2245320346979156
Malaysia,MYS,1972,12.418292497336784,Asia,0.3690458073352598
Malaysia,MYS,1973,12.664404200273932,Asia,0.24611170293714757
Malaysia,MYS,1974,12.848790138487292,Asia,0.18438593821336013
Malaysia,MYS,1975,13.2525947344392,Asia,0.40380459595190743
Malaysia,MYS,1976,13.512768224014607,Asia,0.26017348957540776
Malaysia,MYS,1977,13.911855120986152,Asia,0.39908689697154465
Malaysia,MYS,1978,14.396591082027088,Asia,0.4847359610409363
Malaysia,MYS,1979,14.728686653477402,Asia,0.33209557145031354
Malaysia,MYS,1980,14.96575863643281,Asia,0.237071982955408
Malaysia,MYS,1981,15.354710089788464,Asia,0.38895145335565395
Malaysia,MYS,1982,15.546461725764724,Asia,0.1917516359762601
Malaysia,MYS,1983,15.843676761527924,Asia,0.29721503576319996
Malaysia,MYS,1984,15.876183229341043,Asia,0.0325064678131195
Malaysia,MYS,1985,16.483792421244864,Asia,0.6076091919038209
Malaysia,MYS,1986,17.40952670826358,Asia,0.9257342870187166
Malaysia,MYS,1987,18.485466443463704,Asia,1.075939735200123
Malaysia,MYS,1988,19.43022371024197,Asia,0.944757266778268
Malaysia,MYS,1989,20.458682087962256,Asia,1.028458377720284
Malaysia,MYS,1990,20.564906406939585,Asia,0.10622431897732909
Malaysia,MYS,1991,20.68026175620149,Asia,0.11535534926190394
Malaysia,MYS,1992,20.716785877339827,Asia,0.03652412113833847
Malaysia,MYS,1993,20.975194034393542,Asia,0.2584081570537151
Malaysia,MYS,1994,21.27803987216558,Asia,0.3028458377720362
Malaysia,MYS,1995,21.20225232080353,Asia,-0.07578755136204762
Malaysia,MYS,1996,21.187338304672043,Asia,-0.014914016131488239
Malaysia,MYS,1997,21.180033480444376,Asia,-0.007304824227666984
Malaysia,MYS,1998,21.137422005782984,Asia,-0.042611474661391924
Malaysia,MYS,1999,21.14472683001065,Asia,0.007304824227666984
Malaysia,MYS,2000,21.11915994521382,Asia,-0.02556688479683089
Malaysia,MYS,2001,21.1444224623345,Asia,0.025262517120680172
Malaysia,MYS,2002,21.41987520925278,Asia,0.2754527469182797
Malaysia,MYS,2003,21.65953431745549,Asia,0.23965910820270864
Malaysia,MYS,2004,21.706589560188707,Asia,0.047055242733218705
Malaysia,MYS,2005,21.71483792421245,Asia,0.008248364023742738
Malaysia,MYS,2006,21.534621823162382,Asia,-0.18021610105006758
Malaysia,MYS,2007,21.632019479531277,Asia,0.0973976563688943
Malaysia,MYS,2008,21.76350631562928,Asia,0.13148683609800216
Malaysia,MYS,2009,21.97534621823162,Asia,0.21183990260234253
Malaysia,MYS,2010,22.4906406939583,Asia,0.5152944757266802
Malaysia,MYS,2011,22.9207122203622,Asia,0.4300715264038999
Malaysia,MYS,2012,23.82955410135444,Asia,0.9088418809922381
Malaysia,MYS,2013,24.52990412418201,Asia,0.7003500228275712
Malaysia,MYS,2014,24.620301323999392,Asia,0.09039719981738159
Malaysia,MYS,2015,26.084218535991475,Asia,1.463917211992083
Malaysia,MYS,2016,26.08735352305585,Asia,0.003134987064374428
Malaysia,MYS,2017,26.08735352305585,Asia,0.0
Malaysia,MYS,2018,26.08735352305585,Asia,0.0
Malaysia,MYS,2019,26.08735352305585,Asia,0.0
Malaysia,MYS,2020,26.08735352305585,Asia,0.0
Malaysia,MYS,2021,26.08735352305585,Asia,0.0
Malaysia,MYS,2022,26.08735352305585,Asia,0.0
Malaysia,MYS,2023,26.08735352305585,Asia,0.0
Maldives,MDV,1961,16.666666666666664,Asia,
Maldives,MDV,1962,16.666666666666664,Asia,0.0
Maldives,MDV,1963,16.666666666666664,Asia,0.0
Maldives,MDV,1964,16.666666666666664,Asia,0.0
Maldives,MDV,1965,16.666666666666664,Asia,0.0
Maldives,MDV,1966,16.666666666666664,Asia,0.0
Maldives,MDV,1967,16.666666666666664,Asia,0.0
Maldives,MDV,1968,16.666666666666664,Asia,0.0
Maldives,MDV,1969,16.666666666666664,Asia,0.0
Maldives,MDV,1970,16.666666666666664,Asia,0.0
Maldives,MDV,1971,20.0,Asia,3.3333333333333357
Maldives,MDV,1972,20.0,Asia,0.0
Maldives,MDV,1973,23.33333333333333,Asia,3.3333333333333286
Maldives,MDV,1974,23.33333333333333,Asia,0.0
Maldives,MDV,1975,23.33333333333333,Asia,0.0
Maldives,MDV,1976,23.33333333333333,Asia,0.0
Maldives,MDV,1977,23.33333333333333,Asia,0.0
Maldives,MDV,1978,23.33333333333333,Asia,0.0
Maldives,MDV,1979,23.33333333333333,Asia,0.0
Maldives,MDV,1980,23.33333333333333,Asia,0.0
Maldives,MDV,1981,23.33333333333333,Asia,0.0
Maldives,MDV,1982,26.666666666666668,Asia,3.3333333333333393
Maldives,MDV,1983,26.666666666666668,Asia,0.0
Maldives,MDV,1984,26.666666666666668,Asia,0.0
Maldives,MDV,1985,26.666666666666668,Asia,0.0
Maldives,MDV,1986,26.666666666666668,Asia,0.0
Maldives,MDV,1987,26.666666666666668,Asia,0.0
Maldives,MDV,1988,26.666666666666668,Asia,0.0
Maldives,MDV,1989,26.666666666666668,Asia,0.0
Maldives,MDV,1990,26.666666666666668,Asia,0.0
Maldives,MDV,1991,26.666666666666668,Asia,0.0
Maldives,MDV,1992,26.666666666666668,Asia,0.0
Maldives,MDV,1993,26.666666666666668,Asia,0.0
Maldives,MDV,1994,26.666666666666668,Asia,0.0
Maldives,MDV,1995,26.666666666666668,Asia,0.0
Maldives,MDV,1996,26.666666666666668,Asia,0.0
Maldives,MDV,1997,26.666666666666668,Asia,0.0
Maldives,MDV,1998,26.666666666666668,Asia,0.0
Maldives,MDV,1999,26.666666666666668,Asia,0.0
Maldives,MDV,2000,30.0,Asia,3.333333333333332
Maldives,MDV,2001,33.33333333333333,Asia,3.3333333333333286
Maldives,MDV,2002,40.0,Asia,6.666666666666671
Maldives,MDV,2003,40.0,Asia,0.0
Maldives,MDV,2004,36.66666666666666,Asia,-3.333333333333343
Maldives,MDV,2005,30.0,Asia,-6.666666666666657
Maldives,MDV,2006,23.33333333333333,Asia,-6.666666666666671
Maldives,MDV,2007,23.33333333333333,Asia,0.0
Maldives,MDV,2008,23.33333333333333,Asia,0.0
Maldives,MDV,2009,23.33333333333333,Asia,0.0
Maldives,MDV,2010,23.0,Asia,-0.3333333333333286
Maldives,MDV,2011,23.0,Asia,0.0
Maldives,MDV,2012,21.333333333333336,Asia,-1.6666666666666643
Maldives,MDV,2013,21.333333333333336,Asia,0.0
Maldives,MDV,2014,21.333333333333336,Asia,0.0
Maldives,MDV,2015,21.333333333333336,Asia,0.0
Maldives,MDV,2016,21.333333333333336,Asia,0.0
Maldives,MDV,2017,21.333333333333336,Asia,0.0
Maldives,MDV,2018,21.333333333333336,Asia,0.0
Maldives,MDV,2019,21.333333333333336,Asia,0.0
Maldives,MDV,2020,21.333333333333336,Asia,0.0
Maldives,MDV,2021,19.666666666666664,Asia,-1.6666666666666714
Maldives,MDV,2022,19.666666666666664,Asia,0.0
Maldives,MDV,2023,19.798657718120804,Asia,0.1319910514541398
Mali,MLI,1961,25.97792147124628,Africa,
Mali,MLI,1962,25.982019193732125,Africa,0.004097722485845168
Mali,MLI,1963,25.986116916217966,Africa,0.004097722485841615
Mali,MLI,1964,25.990214638703808,Africa,0.004097722485841615
Mali,MLI,1965,25.994312361189653,Africa,0.004097722485845168
Mali,MLI,1966,25.99759053917832,Africa,0.003278177988665476
Mali,MLI,1967,26.002507806161333,Africa,0.004917266983014201
Mali,MLI,1968,26.002507806161333,Africa,0.0
Mali,MLI,1969,26.002507806161333,Africa,0.0
Mali,MLI,1970,26.04348503101976,Africa,0.04097722485842681
Mali,MLI,1971,26.04348503101976,Africa,0.0
Mali,MLI,1972,26.04348503101976,Africa,0.0
Mali,MLI,1973,26.04348503101976,Africa,0.0
Mali,MLI,1974,26.084462255878183,Africa,0.040977224858423256
Mali,MLI,1975,26.12543948073661,Africa,0.04097722485842681
Mali,MLI,1976,26.28852883567313,Africa,0.16308935493652044
Mali,MLI,1977,26.286889746678792,Africa,-0.001639088994338067
Mali,MLI,1978,26.286889746678792,Africa,0.0
Mali,MLI,1979,26.29098746916464,Africa,0.0040977224858487205
Mali,MLI,1980,26.29098746916464,Africa,0.0
Mali,MLI,1981,26.293446102656144,Africa,0.002458633491503548
Mali,MLI,1982,26.293446102656144,Africa,0.0
Mali,MLI,1983,26.293446102656144,Africa,0.0
Mali,MLI,1984,26.293446102656144,Africa,0.0
Mali,MLI,1985,26.30983699259951,Africa,0.01639088994336646
Mali,MLI,1986,26.31229562609102,Africa,0.0024586334915106534
Mali,MLI,1987,26.31229562609102,Africa,0.0
Mali,MLI,1988,26.326227882542884,Africa,0.013932256451862912
Mali,MLI,1989,26.326227882542884,Africa,0.0
Mali,MLI,1990,26.33032560502873,Africa,0.004097722485845168
Mali,MLI,1991,26.34261877248625,Africa,0.012293167457521292
Mali,MLI,1992,26.432768667174784,Africa,0.0901498946885333
Mali,MLI,1993,27.176095526106597,Africa,0.7433268589318125
Mali,MLI,1994,28.90533441513207,Africa,1.7292388890254742
Mali,MLI,1995,29.02744654521017,Africa,0.12211213007810073
Mali,MLI,1996,30.036305821224563,Africa,1.008859276014391
Mali,MLI,1997,30.855850318393035,Africa,0.8195444971684722
Mali,MLI,1998,30.855850318393035,Africa,0.0
Mali,MLI,1999,30.855850318393035,Africa,0.0
Mali,MLI,2000,31.687687983019035,Africa,0.8318376646260006
Mali,MLI,2001,32.215474639195534,Africa,0.5277866561764988
Mali,MLI,2002,32.52280382563371,Africa,0.3073291864381744
Mali,MLI,2003,33.376769191683266,Africa,0.8539653660495574
Mali,MLI,2004,32.52854063711389,Africa,-0.8482285545693742
Mali,MLI,2005,33.103041329628994,Africa,0.5745006925151017
Mali,MLI,2006,33.16368762241946,Africa,0.06064629279046585
Mali,MLI,2007,33.271047951548525,Africa,0.10736032912906524
Mali,MLI,2008,33.46279702341438,Africa,0.191749071865857
Mali,MLI,2009,33.6473069767823,Africa,0.18450995336792175
Mali,MLI,2010,33.6631545906785,Africa,0.01584761389619871
Mali,MLI,2011,33.808723477491206,Africa,0.14556888681270408
Mali,MLI,2012,33.96565436530376,Africa,0.15693088781255682
Mali,MLI,2013,34.11656217474327,Africa,0.15090780943950932
Mali,MLI,2014,34.25356714937838,Africa,0.1370049746351043
Mali,MLI,2015,34.3826333603783,Africa,0.12906621099992321
Mali,MLI,2016,34.605957268949915,Africa,0.223323908571615
Mali,MLI,2017,34.74003712536572,Africa,0.1340798564158021
Mali,MLI,2018,34.91164212130898,Africa,0.1716049959432624
Mali,MLI,2019,35.0888286250502,Africa,0.17718650374121836
Mali,MLI,2020,35.24767888607512,Africa,0.1588502610249236
Mali,MLI,2021,35.434385628467695,Africa,0.18670674239257323
Mali,MLI,2022,35.46612584925299,Africa,0.03174022078529504
Mali,MLI,2023,35.46946688630459,Africa,0.0033410370515980503
Malta,MLT,1961,56.25,Europe,
Malta,MLT,1962,53.125,Europe,-3.125
Malta,MLT,1963,50.0,Europe,-3.125
Malta,MLT,1964,46.875,Europe,-3.125
Malta,MLT,1965,43.75,Europe,-3.125
Malta,MLT,1966,43.75,Europe,0.0
Malta,MLT,1967,43.75,Europe,0.0
Malta,MLT,1968,43.75,Europe,0.0
Malta,MLT,1969,43.75,Europe,0.0
Malta,MLT,1970,43.75,Europe,0.0
Malta,MLT,1971,43.75,Europe,0.0
Malta,MLT,1972,43.75,Europe,0.0
Malta,MLT,1973,43.75,Europe,0.0
Malta,MLT,1974,43.75,Europe,0.0
Malta,MLT,1975,40.625,Europe,-3.125
Malta,MLT,1976,40.625,Europe,0.0
Malta,MLT,1977,43.75,Europe,3.125
Malta,MLT,1978,43.75,Europe,0.0
Malta,MLT,1979,43.75,Europe,0.0
Malta,MLT,1980,40.625,Europe,-3.125
Malta,MLT,1981,40.625,Europe,0.0
Malta,MLT,1982,40.625,Europe,0.0
Malta,MLT,1983,40.625,Europe,0.0
Malta,MLT,1984,40.625,Europe,0.0
Malta,MLT,1985,40.625,Europe,0.0
Malta,MLT,1986,40.625,Europe,0.0
Malta,MLT,1987,40.625,Europe,0.0
Malta,MLT,1988,40.625,Europe,0.0
Malta,MLT,1989,40.625,Europe,0.0
Malta,MLT,1990,40.625,Europe,0.0
Malta,MLT,1991,40.625,Europe,0.0
Malta,MLT,1992,40.625,Europe,0.0
Malta,MLT,1993,40.625,Europe,0.0
Malta,MLT,1994,40.625,Europe,0.0
Malta,MLT,1995,34.375,Europe,-6.25
Malta,MLT,1996,34.375,Europe,0.0
Malta,MLT,1997,31.25,Europe,-3.125
Malta,MLT,1998,28.125,Europe,-3.125
Malta,MLT,1999,28.125,Europe,0.0
Malta,MLT,2000,28.125,Europe,0.0
Malta,MLT,2001,31.25,Europe,3.125
Malta,MLT,2002,31.25,Europe,0.0
Malta,MLT,2003,32.5,Europe,1.25
Malta,MLT,2004,31.25,Europe,-1.25
Malta,MLT,2005,29.062500000000004,Europe,-2.1874999999999964
Malta,MLT,2006,29.062500000000004,Europe,0.0
Malta,MLT,2007,29.062500000000004,Europe,0.0
Malta,MLT,2008,29.062500000000004,Europe,0.0
Malta,MLT,2009,29.062500000000004,Europe,0.0
Malta,MLT,2010,32.28125,Europe,3.2187499999999964
Malta,MLT,2011,32.28125,Europe,0.0
Malta,MLT,2012,32.1875,Europe,-0.09375
Malta,MLT,2013,31.96875,Europe,-0.21875
Malta,MLT,2014,31.96875,Europe,0.0
Malta,MLT,2015,31.96875,Europe,0.0
Malta,MLT,2016,32.4375,Europe,0.46875
Malta,MLT,2017,32.4375,Europe,0.0
Malta,MLT,2018,32.4375,Europe,0.0
Malta,MLT,2019,32.4375,Europe,0.0
Malta,MLT,2020,28.46875,Europe,-3.96875
Malta,MLT,2021,27.34375,Europe,-1.125
Malta,MLT,2022,27.34375,Europe,0.0
Malta,MLT,2023,25.909375,Europe,-1.4343749999999993
Marshall Islands,MHL,1991,47.22222222222222,Oceania,
Marshall Islands,MHL,1992,47.22222222222222,Oceania,0.0
Marshall Islands,MHL,1993,47.22222222222222,Oceania,0.0
Marshall Islands,MHL,1994,47.22222222222222,Oceania,0.0
Marshall Islands,MHL,1995,47.22222222222222,Oceania,0.0
Marshall Islands,MHL,1996,47.22222222222222,Oceania,0.0
Marshall Islands,MHL,1997,47.22222222222222,Oceania,0.0
Marshall Islands,MHL,1998,47.22222222222222,Oceania,0.0
Marshall Islands,MHL,1999,47.22222222222222,Oceania,0.0
Marshall Islands,MHL,2000,47.22222222222222,Oceania,0.0
Marshall Islands,MHL,2001,47.22222222222222,Oceania,0.0
Marshall Islands,MHL,2002,47.22222222222222,Oceania,0.0
Marshall Islands,MHL,2003,47.22222222222222,Oceania,0.0
Marshall Islands,MHL,2004,47.22222222222222,Oceania,0.0
Marshall Islands,MHL,2005,47.22222222222222,Oceania,0.0
Marshall Islands,MHL,2006,47.22222222222222,Oceania,0.0
Marshall Islands,MHL,2007,47.22222222222222,Oceania,0.0
Marshall Islands,MHL,2008,47.22222222222222,Oceania,0.0
Marshall Islands,MHL,2009,47.22222222222222,Oceania,0.0
Marshall Islands,MHL,2010,47.22222222222222,Oceania,0.0
Marshall Islands,MHL,2011,47.22222222222222,Oceania,0.0
Marshall Islands,MHL,2012,41.66666666666667,Oceania,-5.55555555555555
Marshall Islands,MHL,2013,38.88888888888889,Oceania,-2.7777777777777786
Marshall Islands,MHL,2014,38.88888888888889,Oceania,0.0
Marshall Islands,MHL,2015,38.88888888888889,Oceania,0.0
Marshall Islands,MHL,2016,38.88888888888889,Oceania,0.0
Marshall Islands,MHL,2017,38.88888888888889,Oceania,0.0
Marshall Islands,MHL,2018,38.88888888888889,Oceania,0.0
Marshall Islands,MHL,2019,38.88888888888889,Oceania,0.0
Marshall Islands,MHL,2020,38.88888888888889,Oceania,0.0
Marshall Islands,MHL,2021,38.88888888888889,Oceania,0.0
Marshall Islands,MHL,2022,38.88888888888889,Oceania,0.0
Marshall Islands,MHL,2023,38.88888888888889,Oceania,0.0
Mauritania,MRT,1961,38.34481420393907,Africa,
Mauritania,MRT,1962,38.34481420393907,Africa,0.0
Mauritania,MRT,1963,38.34578441835645,Africa,0.0009702144173786564
Mauritania,MRT,1964,38.34578441835645,Africa,0.0
Mauritania,MRT,1965,38.34578441835645,Africa,0.0
Mauritania,MRT,1966,38.34578441835645,Africa,0.0
Mauritania,MRT,1967,38.34578441835645,Africa,0.0
Mauritania,MRT,1968,38.34578441835645,Africa,0.0
Mauritania,MRT,1969,38.35548656253032,Africa,0.009702144173864724
Mauritania,MRT,1970,38.35548656253032,Africa,0.0
Mauritania,MRT,1971,38.31667798583487,Africa,-0.038808576695444685
Mauritania,MRT,1972,38.31667798583487,Africa,0.0
Mauritania,MRT,1973,38.30406519840885,Africa,-0.01261278742602201
Mauritania,MRT,1974,38.27495876588726,Africa,-0.029106432521587067
Mauritania,MRT,1975,38.27107790821771,Africa,-0.003880857669550153
Mauritania,MRT,1976,38.27398855146987,Africa,0.0029106432521572856
Mauritania,MRT,1977,38.27495876588726,Africa,0.0009702144173928673
Mauritania,MRT,1978,38.27107790821771,Africa,-0.003880857669550153
Mauritania,MRT,1979,38.27398855146987,Africa,0.0029106432521572856
Mauritania,MRT,1980,38.28854176773066,Africa,0.014553216260793533
Mauritania,MRT,1981,38.30794605607839,Africa,0.019404288347729448
Mauritania,MRT,1982,38.32735034442612,Africa,0.019404288347729448
Mauritania,MRT,1983,38.346754632773845,Africa,0.019404288347722343
Mauritania,MRT,1984,38.35742699136509,Africa,0.01067235859124338
Mauritania,MRT,1985,38.37683127971282,Africa,0.019404288347729448
Mauritania,MRT,1986,38.39623556806055,Africa,0.019404288347729448
Mauritania,MRT,1987,38.41563985640827,Africa,0.019404288347722343
Mauritania,MRT,1988,38.43504414475599,Africa,0.019404288347722343
Mauritania,MRT,1989,38.454448433103714,Africa,0.019404288347722343
Mauritania,MRT,1990,38.47482293586882,Africa,0.020374502765108105
Mauritania,MRT,1991,38.48452508004269,Africa,0.009702144173864724
Mauritania,MRT,1992,38.49616765305132,Africa,0.011642573008636248
Mauritania,MRT,1993,38.50781022605996,Africa,0.011642573008636248
Mauritania,MRT,1994,38.52721451440768,Africa,0.019404288347722343
Mauritania,MRT,1995,38.52721451440768,Africa,0.0
Mauritania,MRT,1996,38.52721451440768,Africa,0.0
Mauritania,MRT,1997,38.52721451440768,Africa,0.0
Mauritania,MRT,1998,38.52721451440768,Africa,0.0
Mauritania,MRT,1999,38.52721451440768,Africa,0.0
Mauritania,MRT,2000,38.52721451440768,Africa,0.0
Mauritania,MRT,2001,38.52721451440768,Africa,0.0
Mauritania,MRT,2002,38.52721451440768,Africa,0.0
Mauritania,MRT,2003,38.52721451440768,Africa,0.0
Mauritania,MRT,2004,38.52721451440768,Africa,0.0
Mauritania,MRT,2005,38.52721451440768,Africa,0.0
Mauritania,MRT,2006,38.52721451440768,Africa,0.0
Mauritania,MRT,2007,38.52721451440768,Africa,0.0
Mauritania,MRT,2008,38.52721451440768,Africa,0.0
Mauritania,MRT,2009,38.52721451440768,Africa,0.0
Mauritania,MRT,2010,38.52721451440768,Africa,0.0
Mauritania,MRT,2011,38.52721451440768,Africa,0.0
Mauritania,MRT,2012,38.52721451440768,Africa,0.0
Mauritania,MRT,2013,38.52721451440768,Africa,0.0
Mauritania,MRT,2014,38.52721451440768,Africa,0.0
Mauritania,MRT,2015,38.52721451440768,Africa,0.0
Mauritania,MRT,2016,38.52721451440768,Africa,0.0
Mauritania,MRT,2017,38.52721451440768,Africa,0.0
Mauritania,MRT,2018,38.52721451440768,Africa,0.0
Mauritania,MRT,2019,38.52721451440768,Africa,0.0
Mauritania,MRT,2020,38.52721451440768,Africa,0.0
Mauritania,MRT,2021,38.52721451440768,Africa,0.0
Mauritania,MRT,2022,38.52721451440768,Africa,0.0
Mauritania,MRT,2023,38.52721451440768,Africa,0.0
Mauritius,MUS,1961,48.76847290640394,Africa,
Mauritius,MUS,1962,49.26108374384236,Africa,0.49261083743841994
Mauritius,MUS,1963,49.26108374384236,Africa,0.0
Mauritius,MUS,1964,49.26108374384236,Africa,0.0
Mauritius,MUS,1965,49.75369458128079,Africa,0.49261083743842704
Mauritius,MUS,1966,48.76847290640394,Africa,-0.985221674876847
Mauritius,MUS,1967,51.72413793103448,Africa,2.955665024630534
Mauritius,MUS,1968,54.67980295566503,Africa,2.955665024630555
Mauritius,MUS,1969,54.67980295566503,Africa,0.0
Mauritius,MUS,1970,55.172413793103445,Africa,0.49261083743841283
Mauritius,MUS,1971,55.172413793103445,Africa,0.0
Mauritius,MUS,1972,55.66502463054187,Africa,0.49261083743842704
Mauritius,MUS,1973,55.66502463054187,Africa,0.0
Mauritius,MUS,1974,55.66502463054187,Africa,0.0
Mauritius,MUS,1975,55.66502463054187,Africa,0.0
Mauritius,MUS,1976,56.15763546798029,Africa,0.49261083743841994
Mauritius,MUS,1977,56.15763546798029,Africa,0.0
Mauritius,MUS,1978,56.15763546798029,Africa,0.0
Mauritius,MUS,1979,56.15763546798029,Africa,0.0
Mauritius,MUS,1980,56.15763546798029,Africa,0.0
Mauritius,MUS,1981,56.15763546798029,Africa,0.0
Mauritius,MUS,1982,56.15763546798029,Africa,0.0
Mauritius,MUS,1983,56.15763546798029,Africa,0.0
Mauritius,MUS,1984,56.15763546798029,Africa,0.0
Mauritius,MUS,1985,56.15763546798029,Africa,0.0
Mauritius,MUS,1986,56.15763546798029,Africa,0.0
Mauritius,MUS,1987,56.15763546798029,Africa,0.0
Mauritius,MUS,1988,55.66502463054187,Africa,-0.49261083743841994
Mauritius,MUS,1989,55.04665024630542,Africa,-0.6183743842364535
Mauritius,MUS,1990,54.491133004926105,Africa,-0.555517241379313
Mauritius,MUS,1991,53.93566502463054,Africa,-0.5554679802955675
Mauritius,MUS,1992,53.69458128078818,Africa,-0.24108374384235987
Mauritius,MUS,1993,52.70935960591133,Africa,-0.985221674876847
Mauritius,MUS,1994,51.96522167487685,Africa,-0.74413793103448
Mauritius,MUS,1995,50.96950738916256,Africa,-0.9957142857142927
Mauritius,MUS,1996,49.91088669950739,Africa,-1.0586206896551715
Mauritius,MUS,1997,49.16674876847291,Africa,-0.74413793103448
Mauritius,MUS,1998,49.59650246305418,Africa,0.4297536945812723
Mauritius,MUS,1999,48.48546798029557,Africa,-1.1110344827586118
Mauritius,MUS,2000,49.10389162561576,Africa,0.6184236453201919
Mauritius,MUS,2001,50.24630541871922,Africa,1.142413793103458
Mauritius,MUS,2002,49.26108374384236,Africa,-0.9852216748768541
Mauritius,MUS,2003,48.76847290640394,Africa,-0.49261083743841994
Mauritius,MUS,2004,48.27586206896552,Africa,-0.49261083743841994
Mauritius,MUS,2005,47.29064039408867,Africa,-0.9852216748768541
Mauritius,MUS,2006,46.30541871921182,Africa,-0.985221674876847
Mauritius,MUS,2007,45.320197044334975,Africa,-0.985221674876847
Mauritius,MUS,2008,44.82758620689656,Africa,-0.49261083743841283
Mauritius,MUS,2009,44.82758620689656,Africa,0.0
Mauritius,MUS,2010,44.82758620689656,Africa,0.0
Mauritius,MUS,2011,44.56685027541312,Africa,-0.2607359314834454
Mauritius,MUS,2012,43.56534802203305,Africa,-1.0015022533800675
Mauritius,MUS,2013,43.064596895343016,Africa,-0.5007511266900337
Mauritius,MUS,2014,43.064596895343016,Africa,0.0
Mauritius,MUS,2015,43.064596895343016,Africa,0.0
Mauritius,MUS,2016,43.064596895343016,Africa,0.0
Mauritius,MUS,2017,43.064596895343016,Africa,0.0
Mauritius,MUS,2018,43.064596895343016,Africa,0.0
Mauritius,MUS,2019,43.064596895343016,Africa,0.0
Mauritius,MUS,2020,43.064596895343016,Africa,0.0
Mauritius,MUS,2021,43.064596895343016,Africa,0.0
Mauritius,MUS,2022,43.064596895343016,Africa,0.0
Mauritius,MUS,2023,43.04326489734602,Africa,-0.021331997996995256
Mexico,MEX,1961,50.57537488104118,North America,
Mexico,MEX,1962,50.50489981738213,North America,-0.0704750636590461
Mexico,MEX,1963,50.468890660768025,North America,-0.03600915661410653
Mexico,MEX,1964,50.4380256693845,North America,-0.030864991383523943
Mexico,MEX,1965,50.40201651277039,North America,-0.036009156614113635
Mexico,MEX,1966,50.368579438771576,North America,-0.033437073998811684
Mexico,MEX,1967,50.32999819954217,North America,-0.03858123922940848
Mexico,MEX,1968,50.29398904292805,North America,-0.03600915661412074
Mexico,MEX,1969,50.26312405154454,North America,-0.030864991383509732
Mexico,MEX,1970,50.22505722883819,North America,-0.03806682270634809
Mexico,MEX,1971,49.86650891226626,North America,-0.35854831657192676
Mexico,MEX,1972,49.97556521515471,North America,0.10905630288844748
Mexico,MEX,1973,50.10416934591939,North America,0.12860413076467836
Mexico,MEX,1974,50.18184624090127,North America,0.07767689498188446
Mexico,MEX,1975,50.18184624090127,North America,0.0
Mexico,MEX,1976,50.18184624090127,North America,0.0
Mexico,MEX,1977,50.20756706705419,North America,0.02572082615292004
Mexico,MEX,1978,50.51467373132025,North America,0.30710666426605826
Mexico,MEX,1979,50.4117904267085,North America,-0.10288330461175121
Mexico,MEX,1980,50.50541423390519,North America,0.09362380719669261
Mexico,MEX,1981,50.52084672959696,North America,0.015432495691769077
Mexico,MEX,1982,50.574860464518125,North America,0.05401373492116335
Mexico,MEX,1983,51.96635715939196,North America,1.3914966948738368
Mexico,MEX,1984,51.9720157411456,North America,0.005658581753635872
Mexico,MEX,1985,52.07721392011111,North America,0.10519817896551587
Mexico,MEX,1986,52.18292651559968,North America,0.10571259548856915
Mexico,MEX,1987,52.7534144396718,North America,0.5704879240721183
Mexico,MEX,1988,53.01113711772422,North America,0.2577226780524171
Mexico,MEX,1989,53.525039224259885,North America,0.5139021065356673
Mexico,MEX,1990,54.09141181614754,North America,0.5663725918876565
Mexico,MEX,1991,54.60737158877544,North America,0.5159597726279017
Mexico,MEX,1992,54.61920316880578,North America,0.01183158003033924
Mexico,MEX,1993,54.62074641837496,North America,0.0015432495691740655
Mexico,MEX,1994,54.62589058360554,North America,0.005144165230582587
Mexico,MEX,1995,54.628462666220834,North America,0.002572082615294846
Mexico,MEX,1996,54.687620566372594,North America,0.059157900151760145
Mexico,MEX,1997,54.687620566372594,North America,0.0
Mexico,MEX,1998,54.69533681421848,North America,0.0077162478458845385
Mexico,MEX,1999,54.69585123074153,North America,0.0005144165230532849
Mexico,MEX,2000,54.697908896833766,North America,0.002057666092234456
Mexico,MEX,2001,54.81108053190668,North America,0.11317163507291639
Mexico,MEX,2002,54.81108053190668,North America,0.0
Mexico,MEX,2003,54.81108053190668,North America,0.0
Mexico,MEX,2004,54.82136886236786,North America,0.010288330461179385
Mexico,MEX,2005,54.82136886236786,North America,0.0
Mexico,MEX,2006,54.82136886236786,North America,0.0
Mexico,MEX,2007,54.88824301036549,North America,0.06687414799763047
Mexico,MEX,2008,53.16751974073407,North America,-1.7207232696314207
Mexico,MEX,2009,52.82131742071555,North America,-0.34620232001852
Mexico,MEX,2010,52.37120296303917,North America,-0.4501144576763849
Mexico,MEX,2011,52.121710949355695,North America,-0.24949201368347218
Mexico,MEX,2012,51.70503356567813,North America,-0.4166773836775661
Mexico,MEX,2013,51.17724221301988,North America,-0.5277913526582481
Mexico,MEX,2014,50.79760281900254,North America,-0.3796393940173388
Mexico,MEX,2015,50.76262249543455,North America,-0.034980323567992855
Mexico,MEX,2016,50.58669204454848,North America,-0.17593045088607084
Mexico,MEX,2017,49.87062424445073,North America,-0.716067800097747
Mexico,MEX,2018,49.64942513953548,North America,-0.2211991049152502
Mexico,MEX,2019,49.4385143650814,North America,-0.2109107744540779
Mexico,MEX,2020,51.51494410864477,North America,2.0764297435633665
Mexico,MEX,2021,51.50640782941947,North America,-0.00853627922529654
Mexico,MEX,2022,50.87012268834074,North America,-0.63628514107873
Mexico,MEX,2023,50.69338799866251,North America,-0.17673468967823425
"Micronesia, Fed. Sts.",FSM,1991,7.857142857142857,Oceania,
"Micronesia, Fed. Sts.",FSM,1992,7.857142857142857,Oceania,0.0
"Micronesia, Fed. Sts.",FSM,1993,7.857142857142857,Oceania,0.0
"Micronesia, Fed. Sts.",FSM,1994,7.857142857142857,Oceania,0.0
"Micronesia, Fed. Sts.",FSM,1995,7.857142857142857,Oceania,0.0
"Micronesia, Fed. Sts.",FSM,1996,7.857142857142857,Oceania,0.0
"Micronesia, Fed. Sts.",FSM,1997,7.857142857142857,Oceania,0.0
"Micronesia, Fed. Sts.",FSM,1998,7.857142857142857,Oceania,0.0
"Micronesia, Fed. Sts.",FSM,1999,7.857142857142857,Oceania,0.0
"Micronesia, Fed. Sts.",FSM,2000,7.857142857142857,Oceania,0.0
"Micronesia, Fed. Sts.",FSM,2001,7.857142857142857,Oceania,0.0
"Micronesia, Fed. Sts.",FSM,2002,7.857142857142857,Oceania,0.0
"Micronesia, Fed. Sts.",FSM,2003,7.857142857142857,Oceania,0.0
"Micronesia, Fed. Sts.",FSM,2004,7.857142857142857,Oceania,0.0
"Micronesia, Fed. Sts.",FSM,2005,7.857142857142857,Oceania,0.0
"Micronesia, Fed. Sts.",FSM,2006,7.857142857142857,Oceania,0.0
"Micronesia, Fed. Sts.",FSM,2007,7.857142857142857,Oceania,0.0
"Micronesia, Fed. Sts.",FSM,2008,7.857142857142857,Oceania,0.0
"Micronesia, Fed. Sts.",FSM,2009,7.142857142857142,Oceania,-0.7142857142857144
"Micronesia, Fed. Sts.",FSM,2010,7.142857142857142,Oceania,0.0
"Micronesia, Fed. Sts.",FSM,2011,7.142857142857142,Oceania,0.0
"Micronesia, Fed. Sts.",FSM,2012,7.142857142857142,Oceania,0.0
"Micronesia, Fed. Sts.",FSM,2013,7.142857142857142,Oceania,0.0
"Micronesia, Fed. Sts.",FSM,2014,7.142857142857142,Oceania,0.0
"Micronesia, Fed. Sts.",FSM,2015,7.142857142857142,Oceania,0.0
"Micronesia, Fed. Sts.",FSM,2016,7.142857142857142,Oceania,0.0
"Micronesia, Fed. Sts.",FSM,2017,7.142857142857142,Oceania,0.0
"Micronesia, Fed. Sts.",FSM,2018,7.142857142857142,Oceania,0.0
"Micronesia, Fed. Sts.",FSM,2019,7.142857142857142,Oceania,0.0
"Micronesia, Fed. Sts.",FSM,2020,7.142857142857142,Oceania,0.0
"Micronesia, Fed. Sts.",FSM,2021,7.142857142857142,Oceania,0.0
"Micronesia, Fed. Sts.",FSM,2022,7.142857142857142,Oceania,0.0
"Micronesia, Fed. Sts.",FSM,2023,7.142857142857142,Oceania,0.0
Moldova,MDA,1992,77.88256769090356,Europe,
Moldova,MDA,1993,77.60242792109257,Europe,-0.28013976981098665
Moldova,MDA,1994,77.62598664238008,Europe,0.023558721287514572
Moldova,MDA,1995,77.6191922259338,Europe,-0.00679441644628298
Moldova,MDA,1996,77.6191922259338,Europe,0.0
Moldova,MDA,1997,77.64277035236938,Europe,0.02357812643558077
Moldova,MDA,1998,77.66636280765725,Europe,0.023592455287868574
Moldova,MDA,1999,77.72036474164133,Europe,0.054001933984082484
Moldova,MDA,2000,77.37226277372264,Europe,-0.3481019679186943
Moldova,MDA,2001,77.22019464720195,Europe,-0.1520681265206889
Moldova,MDA,2002,77.06812652068126,Europe,-0.1520681265206889
Moldova,MDA,2003,76.90903559476726,Europe,-0.15909092591400054
Moldova,MDA,2004,76.70316301703163,Europe,-0.20587257773563294
Moldova,MDA,2005,75.98054119793251,Europe,-0.7226218190991176
Moldova,MDA,2006,75.49407114624506,Europe,-0.48647005168744784
Moldova,MDA,2007,75.55487990270599,Europe,0.0608087564609292
Moldova,MDA,2008,75.43326238978413,Europe,-0.1216175129218584
Moldova,MDA,2009,75.15962298570994,Europe,-0.2736394040741885
Moldova,MDA,2010,75.03805175038052,Europe,-0.12157123532942649
Moldova,MDA,2011,74.94672754946727,Europe,-0.09132420091324889
Moldova,MDA,2012,74.86305538648813,Europe,-0.08367216297914126
Moldova,MDA,2013,74.84793187347933,Europe,-0.015123513008802547
Moldova,MDA,2014,70.40754257907543,Europe,-4.4403892944039
Moldova,MDA,2015,70.49878345498783,Europe,0.09124087591240482
Moldova,MDA,2016,70.49574209245742,Europe,-0.0030413625304106517
Moldova,MDA,2017,70.45606567345698,Europe,-0.039676419000443275
Moldova,MDA,2018,68.63553016089256,Europe,-1.820535512564419
Moldova,MDA,2019,68.77111467224555,Europe,0.1355845113529881
Moldova,MDA,2020,75.14459655887559,Europe,6.373481886630046
Moldova,MDA,2021,75.06840985101854,Europe,-0.07618670785704751
Moldova,MDA,2022,74.96958637469587,Europe,-0.09882347632267852
Moldova,MDA,2023,74.09656847859095,Europe,-0.873017896104912
Mongolia,MNG,1961,90.91345342573828,Asia,
Mongolia,MNG,1962,90.91345342573828,Asia,0.0
Mongolia,MNG,1963,90.91345342573828,Asia,0.0
Mongolia,MNG,1964,90.9121609674679,Asia,-0.0012924582703846
Mongolia,MNG,1965,90.91345342573828,Asia,0.0012924582703846
Mongolia,MNG,1966,90.91345342573828,Asia,0.0
Mongolia,MNG,1967,90.91345342573828,Asia,0.0
Mongolia,MNG,1968,90.91345342573828,Asia,0.0
Mongolia,MNG,1969,90.8934203225474,Asia,-0.02003310319088314
Mongolia,MNG,1970,90.91409965487344,Asia,0.020679332326039912
Mongolia,MNG,1971,90.91345342573828,Asia,-0.0006462291351567728
Mongolia,MNG,1972,90.91345342573828,Asia,0.0
Mongolia,MNG,1973,90.91345342573828,Asia,0.0
Mongolia,MNG,1974,90.91345342573828,Asia,0.0
Mongolia,MNG,1975,90.91345342573828,Asia,0.0
Mongolia,MNG,1976,81.1353603811995,Asia,-9.778093044538778
Mongolia,MNG,1977,81.40871530538429,Asia,0.2733549241847868
Mongolia,MNG,1978,81.37123401554335,Asia,-0.037481289840940235
Mongolia,MNG,1979,80.59317413677627,Asia,-0.7780598787670812
Mongolia,MNG,1980,80.51174926574251,Asia,-0.08142487103376084
Mongolia,MNG,1981,80.46780568454969,Asia,-0.0439435811928206
Mongolia,MNG,1982,80.47168305936081,Asia,0.003877374811125378
Mongolia,MNG,1983,80.76313239933087,Asia,0.2914493399700575
Mongolia,MNG,1984,80.52467384844628,Asia,-0.23845855088458734
Mongolia,MNG,1985,80.51174926574251,Asia,-0.012924582703774945
Mongolia,MNG,1986,80.47556043417194,Asia,-0.036188831570569846
Mongolia,MNG,1987,80.70691046456948,Asia,0.231350030397536
Mongolia,MNG,1988,80.92985951620953,Asia,0.2229490516400574
Mongolia,MNG,1989,81.12243579849574,Asia,0.19257628228621115
Mongolia,MNG,1990,81.20256821125913,Asia,0.08013241276339045
Mongolia,MNG,1991,81.50888082133852,Asia,0.30631261007938804
Mongolia,MNG,1992,79.86745881795947,Asia,-1.6414220033790485
Mongolia,MNG,1993,76.98139950020717,Asia,-2.8860593177522986
Mongolia,MNG,1994,76.55811941665863,Asia,-0.42328008354854774
Mongolia,MNG,1995,76.55811941665863,Asia,0.0
Mongolia,MNG,1996,76.55811941665863,Asia,0.0
Mongolia,MNG,1997,83.29311946359425,Asia,6.735000046935625
Mongolia,MNG,1998,83.44886068517471,Asia,0.1557412215804561
Mongolia,MNG,1999,84.1920241906416,Asia,0.7431635054668959
Mongolia,MNG,2000,84.31351526805706,Asia,0.12149107741545606
Mongolia,MNG,2001,84.09347424752535,Asia,-0.22004102053170982
Mongolia,MNG,2002,84.08603033189222,Asia,-0.007443915633132292
Mongolia,MNG,2003,73.50127018377107,Asia,-10.584760148121148
Mongolia,MNG,2004,73.43635319426707,Asia,-0.06491698950399893
Mongolia,MNG,2005,73.29166784423127,Asia,-0.1446853500358003
Mongolia,MNG,2006,73.66312252799567,Asia,0.37145468376439794
Mongolia,MNG,2007,73.63275254896212,Asia,-0.03036997903355143
Mongolia,MNG,2008,73.5213912374525,Asia,-0.11136131150961148
Mongolia,MNG,2009,73.36925476239907,Asia,-0.15213647505343886
Mongolia,MNG,2010,73.33884675729539,Asia,-0.03040800510368058
Mongolia,MNG,2011,73.32647759405884,Asia,-0.012369163236542136
Mongolia,MNG,2012,73.24948510724192,Asia,-0.07699248681691984
Mongolia,MNG,2013,73.22527304109256,Asia,-0.024212066149360112
Mongolia,MNG,2014,73.00162900127899,Asia,-0.2236440398135784
Mongolia,MNG,2015,72.99021727585597,Asia,-0.011411725423016605
Mongolia,MNG,2016,72.92367713093176,Asia,-0.06654014492420401
Mongolia,MNG,2017,72.86357138334535,Asia,-0.06010574758641951
Mongolia,MNG,2018,72.84163479969563,Asia,-0.021936583649718955
Mongolia,MNG,2019,72.66419565672483,Asia,-0.17743914297079755
Mongolia,MNG,2020,72.21898914556458,Asia,-0.4452065111602508
Mongolia,MNG,2021,72.17917447562033,Asia,-0.039814669944249204
Mongolia,MNG,2022,71.90965066034889,Asia,-0.269523815271441
Mongolia,MNG,2023,68.95557295893013,Asia,-2.954077701418754
Montenegro,MNE,2006,38.28996282527881,Europe,
Montenegro,MNE,2007,38.215613382899626,Europe,-0.07434944237918728
Montenegro,MNE,2008,38.141263940520446,Europe,-0.07434944237918018
Montenegro,MNE,2009,38.215613382899626,Europe,0.07434944237918018
Montenegro,MNE,2010,38.06691449814127,Europe,-0.14869888475835324
Montenegro,MNE,2011,38.141263940520446,Europe,0.07434944237917307
Montenegro,MNE,2012,38.141263940520446,Europe,0.0
Montenegro,MNE,2013,16.589591078066913,Europe,-21.551672862453533
Montenegro,MNE,2014,17.124163568773234,Europe,0.5345724907063207
Montenegro,MNE,2015,17.20446096654275,Europe,0.08029739776951672
Montenegro,MNE,2016,19.01115241635688,Europe,1.806691449814128
Montenegro,MNE,2017,19.055762081784387,Europe,0.044609665427508105
Montenegro,MNE,2018,19.092936802973977,Europe,0.03717472118959009
Montenegro,MNE,2019,19.107806691449813,Europe,0.014869888475836035
Montenegro,MNE,2020,19.17843866171004,Europe,0.0706319702602265
Montenegro,MNE,2021,19.00074349442379,Europe,-0.1776951672862488
Montenegro,MNE,2022,18.88475836431227,Europe,-0.11598513011152178
Montenegro,MNE,2023,19.592565055762083,Europe,0.7078066914498145
Morocco,MAR,1961,52.35918806291168,Africa,
Morocco,MAR,1962,52.82968140879151,Africa,0.4704933458798308
Morocco,MAR,1963,53.434601424922704,Africa,0.6049200161311958
Morocco,MAR,1964,54.01711699601201,Africa,0.5825155710893029
Morocco,MAR,1965,54.7116547923108,Africa,0.6945377962987962
Morocco,MAR,1966,55.4241161446431,Africa,0.7124613523322978
Morocco,MAR,1967,55.872205045481024,Africa,0.44808890083792363
Morocco,MAR,1968,56.54433839673791,Africa,0.672133351256889
Morocco,MAR,1969,56.972263297038126,Africa,0.42792490030021213
Morocco,MAR,1970,57.59062598019447,Africa,0.6183626831563416
Morocco,MAR,1971,58.1014473271497,Africa,0.5108213469552325
Morocco,MAR,1972,58.63243267464265,Africa,0.5309853474929511
Morocco,MAR,1973,59.209052207035626,Africa,0.576619532392975
Morocco,MAR,1974,59.66838449473448,Africa,0.4593322876988566
Morocco,MAR,1975,60.31144969751288,Africa,0.643065202778395
Morocco,MAR,1976,60.83352005377549,Africa,0.5220703562626099
Morocco,MAR,1977,61.61774591082232,Africa,0.7842258570468346
Morocco,MAR,1978,62.554335648666815,Africa,0.9365897378444927
Morocco,MAR,1979,62.74703114496975,Africa,0.1926954963029388
Morocco,MAR,1980,64.82186869818509,Africa,2.074837553215332
Morocco,MAR,1981,65.18037194712078,Africa,0.3585032489356905
Morocco,MAR,1982,65.37530808872955,Africa,0.19493614160877826
Morocco,MAR,1983,65.59041003809098,Africa,0.21510194936142568
Morocco,MAR,1984,65.83912166704012,Africa,0.24871162894913823
Morocco,MAR,1985,65.87049070132198,Africa,0.03136903428186599
Morocco,MAR,1986,66.09231458660093,Africa,0.22182388527895114
Morocco,MAR,1987,66.47098364328927,Africa,0.37866905668833795
Morocco,MAR,1988,66.64575397714542,Africa,0.17477033385614504
Morocco,MAR,1989,67.3627604750168,Africa,0.717006497871381
Morocco,MAR,1990,67.98790051534841,Africa,0.6251400403316154
Morocco,MAR,1991,68.0147882590186,Africa,0.026887743670187092
Morocco,MAR,1992,68.59959668384494,Africa,0.5848084248263348
Morocco,MAR,1993,68.81245798790052,Africa,0.21286130405557913
Morocco,MAR,1994,69.37934125028008,Africa,0.5668832623795623
Morocco,MAR,1995,68.89760250952274,Africa,-0.48173874075733636
Morocco,MAR,1996,69.38382254089179,Africa,0.4862200313690437
Morocco,MAR,1997,69.22473672417657,Africa,-0.15908581671521915
Morocco,MAR,1998,69.40622899395026,Africa,0.18149226977369892
Morocco,MAR,1999,68.77212637239525,Africa,-0.6341026215550158
Morocco,MAR,2000,68.68025991485548,Africa,-0.09186645753976563
Morocco,MAR,2001,68.04839793860631,Africa,-0.6318619762491693
Morocco,MAR,2002,67.85346179699754,Africa,-0.19493614160877826
Morocco,MAR,2003,69.18216446336545,Africa,1.3287026663679171
Morocco,MAR,2004,67.3112256329823,Africa,-1.8709388303831531
Morocco,MAR,2005,67.1947120770782,Africa,-0.11651355590410617
Morocco,MAR,2006,67.09836432892673,Africa,-0.09634774815145875
Morocco,MAR,2007,67.1297333632086,Africa,0.03136903428186599
Morocco,MAR,2008,67.17678691463142,Africa,0.047053551422820306
Morocco,MAR,2009,67.22518485323774,Africa,0.04839793860631403
Morocco,MAR,2010,67.1931436253641,Africa,-0.03204122787363417
Morocco,MAR,2011,67.45193815818956,Africa,0.25879453282546194
Morocco,MAR,2012,68.12233923369931,Africa,0.6704010755097443
Morocco,MAR,2013,68.53013667936365,Africa,0.40779744566434317
Morocco,MAR,2014,67.40421241317499,Africa,-1.1259242661886617
Morocco,MAR,2015,67.3246695048174,Africa,-0.07954290835759537
Morocco,MAR,2016,69.17992381805959,Africa,1.8552543132421988
Morocco,MAR,2017,69.5643024871163,Africa,0.3843786690567015
Morocco,MAR,2018,68.39750660990364,Africa,-1.1667958772126497
Morocco,MAR,2019,66.34978041676003,Africa,-2.0477261931436175
Morocco,MAR,2020,67.02052296661438,Africa,0.6707425498543529
Morocco,MAR,2021,67.03503652251848,Africa,0.014513555904102304
Morocco,MAR,2022,65.80912189110464,Africa,-1.2259146314138434
Morocco,MAR,2023,66.74493815818956,Africa,0.9358162670849168
Mozambique,MOZ,1961,43.52730232203261,Africa,
Mozambique,MOZ,1962,43.54129047025611,Africa,0.013988148223496921
Mozambique,MOZ,1963,43.55400696864111,Africa,0.01271649838500366
Mozambique,MOZ,1964,43.56418016734912,Africa,0.010173198708010034
Mozambique,MOZ,1965,43.576896665734125,Africa,0.01271649838500366
Mozambique,MOZ,1966,43.58452656476513,Africa,0.007629899031002196
Mozambique,MOZ,1967,43.61758946056614,Africa,0.03306289580100952
Mozambique,MOZ,1968,43.74475444441618,Africa,0.1271649838500437
Mozambique,MOZ,1969,43.87700602762023,Africa,0.13225158320405228
Mozambique,MOZ,1970,43.98509626389278,Africa,0.10809023627254533
Mozambique,MOZ,1971,43.98509626389278,Africa,0.0
Mozambique,MOZ,1972,44.00925761082428,Africa,0.02416134693149985
Mozambique,MOZ,1973,44.07538340242631,Africa,0.06612579160203325
Mozambique,MOZ,1974,44.07538340242631,Africa,0.0
Mozambique,MOZ,1975,44.10081639919632,Africa,0.02543299677000732
Mozambique,MOZ,1976,44.10081639919632,Africa,0.0
Mozambique,MOZ,1977,44.10081639919632,Africa,0.0
Mozambique,MOZ,1978,44.10081639919632,Africa,0.0
Mozambique,MOZ,1979,44.10081639919632,Africa,0.0
Mozambique,MOZ,1980,44.10081639919632,Africa,0.0
Mozambique,MOZ,1981,44.164398891121344,Africa,0.06358249192502541
Mozambique,MOZ,1982,44.26613087820137,Africa,0.10173198708002928
Mozambique,MOZ,1983,44.26613087820137,Africa,0.0
Mozambique,MOZ,1984,44.393295862051424,Africa,0.12716498385005082
Mozambique,MOZ,1985,44.45687835397645,Africa,0.06358249192502541
Mozambique,MOZ,1986,44.52046084590148,Africa,0.06358249192503251
Mozambique,MOZ,1987,44.64762582975152,Africa,0.1271649838500366
Mozambique,MOZ,1988,44.711208321676544,Africa,0.06358249192502541
Mozambique,MOZ,1989,44.77479081360157,Africa,0.06358249192502541
Mozambique,MOZ,1990,44.83837330552659,Africa,0.0635824919250183
Mozambique,MOZ,1991,45.11686462015819,Africa,0.2784913146316015
Mozambique,MOZ,1992,45.39535593478979,Africa,0.2784913146316015
Mozambique,MOZ,1993,45.6738472494214,Africa,0.2784913146316086
Mozambique,MOZ,1994,45.952338564053,Africa,0.2784913146316015
Mozambique,MOZ,1995,46.2308298786846,Africa,0.2784913146316015
Mozambique,MOZ,1996,46.50932119331621,Africa,0.2784913146316086
Mozambique,MOZ,1997,46.78781250794781,Africa,0.2784913146316015
Mozambique,MOZ,1998,47.06630382257941,Africa,0.2784913146315944
Mozambique,MOZ,1999,47.344795137211015,Africa,0.2784913146316086
Mozambique,MOZ,2000,47.623286451842624,Africa,0.2784913146316086
Mozambique,MOZ,2001,47.90506625295659,Africa,0.28177980111396295
Mozambique,MOZ,2002,48.18684605407056,Africa,0.28177980111397005
Mozambique,MOZ,2003,48.46862585518451,Africa,0.28177980111395584
Mozambique,MOZ,2004,48.75040565629848,Africa,0.28177980111397005
Mozambique,MOZ,2005,49.032185457412446,Africa,0.28177980111396295
Mozambique,MOZ,2006,49.31396525852641,Africa,0.28177980111396295
Mozambique,MOZ,2007,49.59574505964038,Africa,0.28177980111397005
Mozambique,MOZ,2008,49.87752486075434,Africa,0.28177980111396295
Mozambique,MOZ,2009,50.15930466186831,Africa,0.28177980111397005
Mozambique,MOZ,2010,50.44108446298228,Africa,0.28177980111397005
Mozambique,MOZ,2011,50.70358859584425,Africa,0.26250413286197016
Mozambique,MOZ,2012,50.96609272870622,Africa,0.26250413286197016
Mozambique,MOZ,2013,51.27068847122257,Africa,0.3045957425163479
Mozambique,MOZ,2014,51.52123909560263,Africa,0.25055062438006104
Mozambique,MOZ,2015,51.82316437345812,Africa,0.3019252778554886
Mozambique,MOZ,2016,52.248289630967214,Africa,0.42512525750909447
Mozambique,MOZ,2017,52.57992319234975,Africa,0.33163356138253874
Mozambique,MOZ,2018,52.775162135354414,Africa,0.19523894300466083
Mozambique,MOZ,2019,52.79792466746357,Africa,0.02276253210915513
Mozambique,MOZ,2020,52.779358579821455,Africa,-0.01856608764211387
Mozambique,MOZ,2021,52.77427198046746,Africa,-0.005086599353994359
Mozambique,MOZ,2022,52.772618835677406,Africa,-0.0016531447900547391
Mozambique,MOZ,2023,52.78915028357791,Africa,0.01653144790050476
Myanmar,MMR,1961,15.959237384092786,Asia,
Myanmar,MMR,1962,16.020442513082596,Asia,0.06120512898981012
Myanmar,MMR,1963,16.07705725739817,Asia,0.05661474431557423
Myanmar,MMR,1964,16.24996174679438,Asia,0.17290448939620973
Myanmar,MMR,1965,16.19334700247881,Asia,-0.056614744315570675
Myanmar,MMR,1966,16.433577133763812,Asia,0.2402301312850028
Myanmar,MMR,1967,16.47489059583193,Asia,0.0413134620681177
Myanmar,MMR,1968,16.476420724056677,Asia,0.0015301282247470738
Myanmar,MMR,1969,16.47489059583193,Asia,-0.0015301282247470738
Myanmar,MMR,1970,16.526914955473266,Asia,0.05202435964133656
Myanmar,MMR,1971,16.53303546837225,Asia,0.006120512898984742
Myanmar,MMR,1972,16.53303546837225,Asia,0.0
Myanmar,MMR,1973,15.793983535820304,Asia,-0.7390519325519467
Myanmar,MMR,1974,15.810814946292496,Asia,0.016831410472191166
Myanmar,MMR,1975,15.832236741438932,Asia,0.02142179514643594
Myanmar,MMR,1976,15.855188664810113,Asia,0.022951923371181238
Myanmar,MMR,1977,15.84600789546164,Asia,-0.00918076934847356
Myanmar,MMR,1978,15.862839305933838,Asia,0.01683141047219827
Myanmar,MMR,1979,15.878140588181289,Asia,0.015301282247451198
Myanmar,MMR,1980,15.890381613979253,Asia,0.012241025797964156
Myanmar,MMR,1981,15.94546623007008,Asia,0.055084616090827154
Myanmar,MMR,1982,15.976068794564984,Asia,0.030602564494904172
Myanmar,MMR,1983,15.97147840989075,Asia,-0.004590384674234116
Myanmar,MMR,1984,15.946996358294824,Asia,-0.024482051595926535
Myanmar,MMR,1985,15.957707255868042,Asia,0.010710897573218858
Myanmar,MMR,1986,15.966888025216514,Asia,0.009180769348471784
Myanmar,MMR,1987,15.946996358294824,Asia,-0.019891666921690643
Myanmar,MMR,1988,15.87202007528231,Asia,-0.07497628301251424
Myanmar,MMR,1989,15.905682896226702,Asia,0.03366282094439299
Myanmar,MMR,1990,15.956177127643295,Asia,0.05049423141659304
Myanmar,MMR,1991,15.937815588946352,Asia,-0.01836153869694357
Myanmar,MMR,1992,15.910273280900938,Asia,-0.027542308045413577
Myanmar,MMR,1993,15.983719435688712,Asia,0.07344615478777428
Myanmar,MMR,1994,15.94546623007008,Asia,-0.038253205618632435
Myanmar,MMR,1995,15.989839948587692,Asia,0.04437371851761185
Myanmar,MMR,1996,16.072466872723933,Asia,0.08262692413624073
Myanmar,MMR,1997,16.095418796095114,Asia,0.022951923371181238
Myanmar,MMR,1998,16.086238026746642,Asia,-0.009180769348471784
Myanmar,MMR,1999,16.233130336322183,Asia,0.14689230957554145
Myanmar,MMR,2000,16.543746365945466,Asia,0.31061602962328294
Myanmar,MMR,2001,16.73807265048811,Asia,0.1943262845426439
Myanmar,MMR,2002,16.716650855341676,Asia,-0.021421795146434164
Myanmar,MMR,2003,16.803868164152156,Asia,0.08721730881048018
Myanmar,MMR,2004,16.95999510269046,Asia,0.1561269385383035
Myanmar,MMR,2005,17.23858209868985,Asia,0.2785869959993903
Myanmar,MMR,2006,17.74679786371218,Asia,0.5082157650223316
Myanmar,MMR,2007,18.337617823479004,Asia,0.5908199597668222
Myanmar,MMR,2008,18.79199767338629,Asia,0.4543798499072871
Myanmar,MMR,2009,19.043318536660035,Asia,0.2513208632737438
Myanmar,MMR,2010,19.17460123075039,Asia,0.13128269409035553
Myanmar,MMR,2011,19.22270354666381,Asia,0.04810231591341818
Myanmar,MMR,2012,19.21304447676644,Asia,-0.00965906989736709
Myanmar,MMR,2013,19.27328964292277,Asia,0.06024516615632791
Myanmar,MMR,2014,19.342193911925037,Asia,0.06890426900226743
Myanmar,MMR,2015,19.521344858210327,Asia,0.17915094628529005
Myanmar,MMR,2016,19.54716749900426,Asia,0.02582264079393326
Myanmar,MMR,2017,19.99785522788204,Asia,0.4506877288777815
Myanmar,MMR,2018,20.02650528573617,Asia,0.02865005785412933
Myanmar,MMR,2019,19.885705530871764,Asia,-0.14079975486440688
Myanmar,MMR,2020,19.88753887875956,Asia,0.0018333478877963216
Myanmar,MMR,2021,19.88753887875956,Asia,0.0
Myanmar,MMR,2022,19.88753887875956,Asia,0.0
Myanmar,MMR,2023,19.9140944121838,Asia,0.026555533424239997
Namibia,NAM,1961,46.93607355852737,Africa,
Namibia,NAM,1962,46.93607355852737,Africa,0.0
Namibia,NAM,1963,46.93607355852737,Africa,0.0
Namibia,NAM,1964,46.94093211383596,Africa,0.004858555308594248
Namibia,NAM,1965,46.94093211383596,Africa,0.0
Namibia,NAM,1966,46.94093211383596,Africa,0.0
Namibia,NAM,1967,46.944576030317386,Africa,0.0036439164814225933
Namibia,NAM,1968,46.944576030317386,Africa,0.0
Namibia,NAM,1969,46.944576030317386,Africa,0.0
Namibia,NAM,1970,46.94700530797167,Africa,0.002429277654286466
Namibia,NAM,1971,46.949434585625966,Africa,0.0024292776542935712
Namibia,NAM,1972,46.949434585625966,Africa,0.0
Namibia,NAM,1973,46.949434585625966,Africa,0.0
Namibia,NAM,1974,46.949434585625966,Africa,0.0
Namibia,NAM,1975,46.949434585625966,Africa,0.0
Namibia,NAM,1976,46.95186386328025,Africa,0.002429277654286466
Namibia,NAM,1977,46.95186386328025,Africa,0.0
Namibia,NAM,1978,46.9530785021074,Africa,0.0012146388271503383
Namibia,NAM,1979,46.9530785021074,Africa,0.0
Namibia,NAM,1980,46.95429314093455,Africa,0.0012146388271503383
Namibia,NAM,1981,46.95429314093455,Africa,0.0
Namibia,NAM,1982,46.95429314093455,Africa,0.0
Namibia,NAM,1983,46.96036633507027,Africa,0.0060731941357161645
Namibia,NAM,1984,46.96036633507027,Africa,0.0
Namibia,NAM,1985,46.96036633507027,Africa,0.0
Namibia,NAM,1986,46.96036633507027,Africa,0.0
Namibia,NAM,1987,46.96036633507027,Africa,0.0
Namibia,NAM,1988,46.96036633507027,Africa,0.0
Namibia,NAM,1989,46.96036633507027,Africa,0.0
Namibia,NAM,1990,46.96036633507027,Africa,0.0
Namibia,NAM,1991,46.96036633507027,Africa,0.0
Namibia,NAM,1992,46.96036633507027,Africa,0.0
Namibia,NAM,1993,47.00652261050177,Africa,0.046156275431499694
Namibia,NAM,1994,47.06725455185901,Africa,0.060731941357239805
Namibia,NAM,1995,47.15227926975914,Africa,0.08502471790013288
Namibia,NAM,1996,47.15227926975914,Africa,0.0
Namibia,NAM,1997,47.15227926975914,Africa,0.0
Namibia,NAM,1998,47.15227926975914,Africa,0.0
Namibia,NAM,1999,47.15227926975914,Africa,0.0
Namibia,NAM,2000,47.15227926975914,Africa,0.0
Namibia,NAM,2001,47.15227926975914,Africa,0.0
Namibia,NAM,2002,47.15227926975914,Africa,0.0
Namibia,NAM,2003,47.15227926975914,Africa,0.0
Namibia,NAM,2004,47.15227926975914,Africa,0.0
Namibia,NAM,2005,47.15227926975914,Africa,0.0
Namibia,NAM,2006,47.15227926975914,Africa,0.0
Namibia,NAM,2007,47.137703603833394,Africa,-0.014575665925747217
Namibia,NAM,2008,47.137703603833394,Africa,0.0
Namibia,NAM,2009,47.137703603833394,Africa,0.0
Namibia,NAM,2010,47.138918242660544,Africa,0.0012146388271503383
Namibia,NAM,2011,47.138918242660544,Africa,0.0
Namibia,NAM,2012,47.138918242660544,Africa,0.0
Namibia,NAM,2013,47.138918242660544,Africa,0.0
Namibia,NAM,2014,47.138918242660544,Africa,0.0
Namibia,NAM,2015,47.14013288148769,Africa,0.001214638827143233
Namibia,NAM,2016,47.14013288148769,Africa,0.0
Namibia,NAM,2017,47.14134752031484,Africa,0.0012146388271503383
Namibia,NAM,2018,47.14134752031484,Africa,0.0
Namibia,NAM,2019,47.14134752031484,Africa,0.0
Namibia,NAM,2020,47.14134752031484,Africa,0.0
Namibia,NAM,2021,47.14256215914198,Africa,0.001214638827143233
Namibia,NAM,2022,47.14256215914198,Africa,0.0
Namibia,NAM,2023,47.14256215914198,Africa,0.0
Nauru,NRU,1961,15.0,Oceania,
Nauru,NRU,1962,15.0,Oceania,0.0
Nauru,NRU,1963,15.0,Oceania,0.0
Nauru,NRU,1964,15.0,Oceania,0.0
Nauru,NRU,1965,20.0,Oceania,5.0
Nauru,NRU,1966,20.0,Oceania,0.0
Nauru,NRU,1967,20.0,Oceania,0.0
Nauru,NRU,1968,20.0,Oceania,0.0
Nauru,NRU,1969,20.0,Oceania,0.0
Nauru,NRU,1970,20.0,Oceania,0.0
Nauru,NRU,1971,20.0,Oceania,0.0
Nauru,NRU,1972,20.0,Oceania,0.0
Nauru,NRU,1973,20.0,Oceania,0.0
Nauru,NRU,1974,20.0,Oceania,0.0
Nauru,NRU,1975,20.0,Oceania,0.0
Nauru,NRU,1976,20.0,Oceania,0.0
Nauru,NRU,1977,20.0,Oceania,0.0
Nauru,NRU,1978,20.0,Oceania,0.0
Nauru,NRU,1979,20.0,Oceania,0.0
Nauru,NRU,1980,20.0,Oceania,0.0
Nauru,NRU,1981,20.0,Oceania,0.0
Nauru,NRU,1982,20.0,Oceania,0.0
Nauru,NRU,1983,20.0,Oceania,0.0
Nauru,NRU,1984,20.0,Oceania,0.0
Nauru,NRU,1985,20.0,Oceania,0.0
Nauru,NRU,1986,20.0,Oceania,0.0
Nauru,NRU,1987,20.0,Oceania,0.0
Nauru,NRU,1988,20.0,Oceania,0.0
Nauru,NRU,1989,20.0,Oceania,0.0
Nauru,NRU,1990,20.0,Oceania,0.0
Nauru,NRU,1991,20.0,Oceania,0.0
Nauru,NRU,1992,20.0,Oceania,0.0
Nauru,NRU,1993,20.0,Oceania,0.0
Nauru,NRU,1994,20.0,Oceania,0.0
Nauru,NRU,1995,20.0,Oceania,0.0
Nauru,NRU,1996,20.0,Oceania,0.0
Nauru,NRU,1997,20.0,Oceania,0.0
Nauru,NRU,1998,20.0,Oceania,0.0
Nauru,NRU,1999,20.0,Oceania,0.0
Nauru,NRU,2000,20.0,Oceania,0.0
Nauru,NRU,2001,20.0,Oceania,0.0
Nauru,NRU,2002,20.0,Oceania,0.0
Nauru,NRU,2003,20.0,Oceania,0.0
Nauru,NRU,2004,20.0,Oceania,0.0
Nauru,NRU,2005,20.0,Oceania,0.0
Nauru,NRU,2006,20.0,Oceania,0.0
Nauru,NRU,2007,20.0,Oceania,0.0
Nauru,NRU,2008,20.0,Oceania,0.0
Nauru,NRU,2009,20.0,Oceania,0.0
Nauru,NRU,2010,20.0,Oceania,0.0
Nauru,NRU,2011,20.0,Oceania,0.0
Nauru,NRU,2012,20.0,Oceania,0.0
Nauru,NRU,2013,20.0,Oceania,0.0
Nauru,NRU,2014,20.0,Oceania,0.0
Nauru,NRU,2015,20.0,Oceania,0.0
Nauru,NRU,2016,20.0,Oceania,0.0
Nauru,NRU,2017,20.0,Oceania,0.0
Nauru,NRU,2018,20.0,Oceania,0.0
Nauru,NRU,2019,20.0,Oceania,0.0
Nauru,NRU,2020,20.0,Oceania,0.0
Nauru,NRU,2021,20.0,Oceania,0.0
Nauru,NRU,2022,20.0,Oceania,0.0
Nauru,NRU,2023,20.0,Oceania,0.0
Nepal,NPL,1961,24.846153846153847,Asia,
Nepal,NPL,1962,24.846153846153847,Asia,0.0
Nepal,NPL,1963,24.91608391608392,Asia,0.06993006993007356
Nepal,NPL,1964,24.846153846153847,Asia,-0.06993006993007356
Nepal,NPL,1965,24.846153846153847,Asia,0.0
Nepal,NPL,1966,24.846153846153847,Asia,0.0
Nepal,NPL,1967,24.944055944055943,Asia,0.09790209790209659
Nepal,NPL,1968,24.944055944055943,Asia,0.0
Nepal,NPL,1969,24.944055944055943,Asia,0.0
Nepal,NPL,1970,25.888111888111887,Asia,0.9440559440559433
Nepal,NPL,1971,25.888111888111887,Asia,0.0
Nepal,NPL,1972,26.727272727272727,Asia,0.83916083916084
Nepal,NPL,1973,27.643356643356643,Asia,0.9160839160839167
Nepal,NPL,1974,27.93006993006993,Asia,0.28671328671328666
Nepal,NPL,1975,28.03496503496504,Asia,0.10489510489511034
Nepal,NPL,1976,28.146853146853147,Asia,0.11188811188810632
Nepal,NPL,1977,28.251748251748253,Asia,0.10489510489510678
Nepal,NPL,1978,28.35664335664336,Asia,0.10489510489510678
Nepal,NPL,1979,28.46153846153846,Asia,0.10489510489509968
Nepal,NPL,1980,28.56643356643357,Asia,0.10489510489511034
Nepal,NPL,1981,28.692307692307693,Asia,0.12587412587412317
Nepal,NPL,1982,28.71748251748252,Asia,0.025174825174826054
Nepal,NPL,1983,28.742657342657346,Asia,0.025174825174826054
Nepal,NPL,1984,28.767832167832168,Asia,0.0251748251748225
Nepal,NPL,1985,28.786013986013987,Asia,0.01818181818181941
Nepal,NPL,1986,28.895104895104893,Asia,0.1090909090909058
Nepal,NPL,1987,28.913286713286716,Asia,0.018181818181822962
Nepal,NPL,1988,28.938461538461542,Asia,0.025174825174826054
Nepal,NPL,1989,28.95664335664336,Asia,0.01818181818181941
Nepal,NPL,1990,28.98181818181818,Asia,0.02517482517481895
Nepal,NPL,1991,29.0,Asia,0.01818181818181941
Nepal,NPL,1992,29.07832167832168,Asia,0.07832167832167869
Nepal,NPL,1993,29.15664335664336,Asia,0.07832167832168224
Nepal,NPL,1994,29.234965034965036,Asia,0.07832167832167514
Nepal,NPL,1995,29.31328671328671,Asia,0.07832167832167514
Nepal,NPL,1996,29.391608391608397,Asia,0.0783216783216858
Nepal,NPL,1997,29.469930069930072,Asia,0.07832167832167514
Nepal,NPL,1998,29.548251748251747,Asia,0.07832167832167514
Nepal,NPL,1999,29.626573426573422,Asia,0.07832167832167514
Nepal,NPL,2000,29.641437042204394,Asia,0.014863615630972049
Nepal,NPL,2001,29.71049877921172,Asia,0.0690617370073241
Nepal,NPL,2002,29.584931984652947,Asia,-0.12556679455877173
Nepal,NPL,2003,29.487268922218345,Asia,-0.09766306243460221
Nepal,NPL,2004,29.42448552493896,Asia,-0.06278339727938587
Nepal,NPL,2005,29.312870596442277,Asia,-0.11161492849668164
Nepal,NPL,2006,29.194279734914545,Asia,-0.11859086152773202
Nepal,NPL,2007,29.06173700732473,Asia,-0.132542727589815
Nepal,NPL,2008,28.964073944890128,Asia,-0.09766306243460221
Nepal,NPL,2009,28.88036274851761,Asia,-0.08371119637251923
Nepal,NPL,2010,28.782699686083014,Asia,-0.0976630624345951
Nepal,NPL,2011,28.78688524590164,Asia,0.004185559818626672
Nepal,NPL,2012,28.515139867457272,Asia,-0.2717453784443684
Nepal,NPL,2013,28.29572445064528,Asia,-0.21941541681199084
Nepal,NPL,2014,28.16753889082665,Asia,-0.12818555981863256
Nepal,NPL,2015,27.964051621904428,Asia,-0.20348726892222047
Nepal,NPL,2016,27.73121799790722,Asia,-0.23283362399720886
Nepal,NPL,2017,27.540078828043253,Asia,-0.19113916986396617
Nepal,NPL,2018,26.973324729682595,Asia,-0.5667540983606578
Nepal,NPL,2019,26.77488524590164,Asia,-0.19843948378095533
Nepal,NPL,2020,26.501100802232298,Asia,-0.2737844436693422
Nepal,NPL,2021,26.31990512731078,Asia,-0.18119567492151845
Nepal,NPL,2022,26.12138123474015,Asia,-0.19852389257063052
Nepal,NPL,2023,26.11859086152773,Asia,-0.0027903732124201497
Netherlands,NLD,1961,68.0361374407583,Europe,
Netherlands,NLD,1962,67.75177725118483,Europe,-0.2843601895734622
Netherlands,NLD,1963,67.44372037914692,Europe,-0.3080568720379091
Netherlands,NLD,1964,66.87796208530806,Europe,-0.5657582938388686
Netherlands,NLD,1965,66.56694312796209,Europe,-0.31101895734596496
Netherlands,NLD,1966,66.59063981042654,Europe,0.023696682464446894
Netherlands,NLD,1967,66.4010663507109,Europe,-0.189573459715632
Netherlands,NLD,1968,66.19372037914691,Europe,-0.2073459715639956
Netherlands,NLD,1969,65.70497630331754,Europe,-0.4887440758293735
Netherlands,NLD,1970,65.20438388625593,Europe,-0.5005924170616112
Netherlands,NLD,1971,63.28199052132702,Europe,-1.922393364928908
Netherlands,NLD,1972,62.84656398104266,Europe,-0.4354265402843609
Netherlands,NLD,1973,62.44075829383886,Europe,-0.4058056872037952
Netherlands,NLD,1974,62.1771327014218,Europe,-0.26362559241706407
Netherlands,NLD,1975,61.82168246445497,Europe,-0.3554502369668242
Netherlands,NLD,1976,61.60841232227489,Europe,-0.213270142180086
Netherlands,NLD,1977,61.19075829383887,Europe,-0.4176540284360186
Netherlands,NLD,1978,60.73163507109005,Europe,-0.459123222748822
Netherlands,NLD,1979,60.33175355450236,Europe,-0.39988151658768345
Netherlands,NLD,1980,60.3436018957346,Europe,0.011848341232237658
Netherlands,NLD,1981,60.1451421800948,Europe,-0.19845971563979958
Netherlands,NLD,1982,60.05331753554503,Europe,-0.09182464454977435
Netherlands,NLD,1983,59.502369668246445,Europe,-0.5509478672985821
Netherlands,NLD,1984,59.68305687203791,Europe,0.1806872037914644
Netherlands,NLD,1985,59.8281990521327,Europe,0.14514218009479407
Netherlands,NLD,1986,59.77488151658768,Europe,-0.05331753554501972
Netherlands,NLD,1987,59.66528436018957,Europe,-0.10959715639811662
Netherlands,NLD,1988,59.6978672985782,Europe,0.032582938388635796
Netherlands,NLD,1989,59.4164691943128,Europe,-0.28139810426539924
Netherlands,NLD,1990,59.77488151658768,Europe,0.35841232227488007
Netherlands,NLD,1991,58.33827014218009,Europe,-1.4366113744075903
Netherlands,NLD,1992,58.16943127962085,Europe,-0.16883886255924097
Netherlands,NLD,1993,58.26125592417062,Europe,0.09182464454976724
Netherlands,NLD,1994,57.77251184834123,Europe,-0.4887440758293877
Netherlands,NLD,1995,58.19609004739337,Europe,0.42357819905213745
Netherlands,NLD,1996,57.77843601895734,Europe,-0.4176540284360257
Netherlands,NLD,1997,58.15462085308057,Europe,0.37618483412322945
Netherlands,NLD,1998,56.74763033175355,Europe,-1.4069905213270246
Netherlands,NLD,1999,58.43009478672986,Europe,1.6824644549763121
Netherlands,NLD,2000,58.04502369668246,Europe,-0.38507109004739704
Netherlands,NLD,2001,56.95201421800948,Europe,-1.0930094786729825
Netherlands,NLD,2002,57.46741706161137,Europe,0.5154028436018905
Netherlands,NLD,2003,56.685426540284354,Europe,-0.7819905213270175
Netherlands,NLD,2004,57.742890995260666,Europe,1.0574644549763121
Netherlands,NLD,2005,57.39632701421801,Europe,-0.3465639810426566
Netherlands,NLD,2006,56.86018957345972,Europe,-0.5361374407582886
Netherlands,NLD,2007,56.70616113744076,Europe,-0.15402843601896166
Netherlands,NLD,2008,57.14751184834124,Europe,0.4413507109004797
Netherlands,NLD,2009,56.84553809664986,Europe,-0.30197375169137786
Netherlands,NLD,2010,55.50844945152683,Europe,-1.337088645123032
Netherlands,NLD,2011,55.11269276393832,Europe,-0.39575668758850924
Netherlands,NLD,2012,54.61743772241993,Europe,-0.4952550415183907
Netherlands,NLD,2013,54.84119916889285,Europe,0.2237614464729205
Netherlands,NLD,2014,54.58889878302167,Europe,-0.2523003858711803
Netherlands,NLD,2015,54.826254826254825,Europe,0.23735604323315584
Netherlands,NLD,2016,53.9055539055539,Europe,-0.9207009207009236
Netherlands,NLD,2017,54.024354024354025,Europe,0.11880011880012376
Netherlands,NLD,2018,54.14315414315415,Europe,0.11880011880012376
Netherlands,NLD,2019,53.95901395901396,Europe,-0.1841401841401904
Netherlands,NLD,2020,53.889218889218895,Europe,-0.06979506979506311
Netherlands,NLD,2021,53.816453816453816,Europe,-0.07276507276507971
Netherlands,NLD,2022,53.57885357885358,Europe,-0.2376002376002333
Netherlands,NLD,2023,53.54915354915355,Europe,-0.02970002970003094
New Caledonia,NCL,1961,14.277899343544858,Oceania,
New Caledonia,NCL,1962,14.277899343544858,Oceania,0.0
New Caledonia,NCL,1963,14.277899343544858,Oceania,0.0
New Caledonia,NCL,1964,14.332603938730854,Oceania,0.054704595185995686
New Caledonia,NCL,1965,14.332603938730854,Oceania,0.0
New Caledonia,NCL,1966,14.332603938730854,Oceania,0.0
New Caledonia,NCL,1967,14.332603938730854,Oceania,0.0
New Caledonia,NCL,1968,14.387308533916848,Oceania,0.05470459518599391
New Caledonia,NCL,1969,14.387308533916848,Oceania,0.0
New Caledonia,NCL,1970,14.387308533916848,Oceania,0.0
New Caledonia,NCL,1971,14.387308533916848,Oceania,0.0
New Caledonia,NCL,1972,14.442013129102843,Oceania,0.054704595185995686
New Caledonia,NCL,1973,14.442013129102843,Oceania,0.0
New Caledonia,NCL,1974,14.442013129102843,Oceania,0.0
New Caledonia,NCL,1975,14.442013129102843,Oceania,0.0
New Caledonia,NCL,1976,14.49671772428884,Oceania,0.05470459518599746
New Caledonia,NCL,1977,14.49671772428884,Oceania,0.0
New Caledonia,NCL,1978,14.49671772428884,Oceania,0.0
New Caledonia,NCL,1979,14.49671772428884,Oceania,0.0
New Caledonia,NCL,1980,14.49671772428884,Oceania,0.0
New Caledonia,NCL,1981,14.49671772428884,Oceania,0.0
New Caledonia,NCL,1982,14.87964989059081,Oceania,0.3829321663019698
New Caledonia,NCL,1983,15.317286652078774,Oceania,0.4376367614879637
New Caledonia,NCL,1984,15.86433260393873,Oceania,0.5470459518599551
New Caledonia,NCL,1985,15.207877461706785,Oceania,-0.6564551422319447
New Caledonia,NCL,1986,14.60612691466083,Oceania,-0.6017505470459543
New Caledonia,NCL,1987,14.00437636761488,Oceania,-0.6017505470459508
New Caledonia,NCL,1988,13.457330415754925,Oceania,-0.5470459518599551
New Caledonia,NCL,1989,12.910284463894966,Oceania,-0.5470459518599586
New Caledonia,NCL,1990,12.691466083150983,Oceania,-0.21881838074398274
New Caledonia,NCL,1991,12.527352297592998,Oceania,-0.16411378555798528
New Caledonia,NCL,1992,12.582056892778992,Oceania,0.05470459518599391
New Caledonia,NCL,1993,12.582056892778992,Oceania,0.0
New Caledonia,NCL,1994,12.63676148796499,Oceania,0.05470459518599746
New Caledonia,NCL,1995,12.74617067833698,Oceania,0.10940919037199137
New Caledonia,NCL,1996,12.855579868708972,Oceania,0.10940919037199137
New Caledonia,NCL,1997,13.01969365426696,Oceania,0.16411378555798883
New Caledonia,NCL,1998,13.129102844638949,Oceania,0.10940919037198782
New Caledonia,NCL,1999,13.293216630196936,Oceania,0.16411378555798706
New Caledonia,NCL,2000,13.402625820568929,Oceania,0.10940919037199315
New Caledonia,NCL,2001,13.566739606126916,Oceania,0.16411378555798706
New Caledonia,NCL,2002,13.676148796498904,Oceania,0.10940919037198782
New Caledonia,NCL,2003,13.326039387308532,Oceania,-0.35010940919037203
New Caledonia,NCL,2004,12.943107221006564,Oceania,-0.382932166301968
New Caledonia,NCL,2005,12.587527352297592,Oceania,-0.35557986870897196
New Caledonia,NCL,2006,12.286652078774615,Oceania,-0.30087527352297627
New Caledonia,NCL,2007,11.931072210065643,Oceania,-0.35557986870897196
New Caledonia,NCL,2008,11.520787746170678,Oceania,-0.41028446389496587
New Caledonia,NCL,2009,11.2472647702407,Oceania,-0.27352297592997843
New Caledonia,NCL,2010,10.864332603938731,Oceania,-0.382932166301968
New Caledonia,NCL,2011,10.410284463894968,Oceania,-0.4540481400437635
New Caledonia,NCL,2012,10.06750547045952,Oceania,-0.3427789934354468
New Caledonia,NCL,2013,10.050875273522976,Oceania,-0.01663019693654455
New Caledonia,NCL,2014,10.050875273522976,Oceania,0.0
New Caledonia,NCL,2015,10.067286652078774,Oceania,0.016411378555797995
New Caledonia,NCL,2016,10.067286652078774,Oceania,0.0
New Caledonia,NCL,2017,10.067286652078774,Oceania,0.0
New Caledonia,NCL,2018,10.067286652078774,Oceania,0.0
New Caledonia,NCL,2019,10.067286652078774,Oceania,0.0
New Caledonia,NCL,2020,10.067286652078774,Oceania,0.0
New Caledonia,NCL,2021,10.067286652078774,Oceania,0.0
New Caledonia,NCL,2022,10.067286652078774,Oceania,0.0
New Caledonia,NCL,2023,10.067286652078774,Oceania,0.0
New Zealand,NZL,1961,49.99050548782804,Oceania,
New Zealand,NZL,1962,50.31331890167483,Oceania,0.32281341384679507
New Zealand,NZL,1963,50.465231096426265,Oceania,0.15191219475143214
New Zealand,NZL,1964,50.571569632752265,Oceania,0.10633853632599966
New Zealand,NZL,1965,50.328510121149975,Oceania,-0.24305951160229
New Zealand,NZL,1966,50.25635182864304,Oceania,-0.07215829250693417
New Zealand,NZL,1967,50.30952109680605,Oceania,0.053169268163010486
New Zealand,NZL,1968,50.31331890167483,Oceania,0.0037978048687818955
New Zealand,NZL,1969,49.71706353727545,Oceania,-0.5962553643993829
New Zealand,NZL,1970,49.7056701226691,Oceania,-0.011393414606352792
New Zealand,NZL,1971,49.69807451293153,Oceania,-0.007595609737570896
New Zealand,NZL,1972,51.21643689947211,Oceania,1.5183623865405806
New Zealand,NZL,1973,51.20067600926664,Oceania,-0.015760890205470446
New Zealand,NZL,1974,51.18491511906118,Oceania,-0.015760890205456235
New Zealand,NZL,1975,52.95469218791538,Oceania,1.7697770688541965
New Zealand,NZL,1976,54.51179218411758,Oceania,1.5570999962022043
New Zealand,NZL,1977,54.21822186776043,Oceania,-0.2935703163571546
New Zealand,NZL,1978,55.06019520717026,Oceania,0.841973339409833
New Zealand,NZL,1979,54.85169571987392,Oceania,-0.20849948729633638
New Zealand,NZL,1980,55.41377084045421,Oceania,0.562075120580289
New Zealand,NZL,1981,57.679161444684965,Oceania,2.2653906042307526
New Zealand,NZL,1982,55.523907181649,Oceania,-2.155254263035964
New Zealand,NZL,1983,55.41566974288861,Oceania,-0.1082374387603906
New Zealand,NZL,1984,54.96562986593749,Oceania,-0.4500398769511236
New Zealand,NZL,1985,54.66180547643462,Oceania,-0.3038243895028643
New Zealand,NZL,1986,54.64661425695948,Oceania,-0.015191219475141793
New Zealand,NZL,1987,54.2098666970491,Oceania,-0.43674755991037983
New Zealand,NZL,1988,53.89085108807109,Oceania,-0.3190156089780132
New Zealand,NZL,1989,53.55094755231477,Oceania,-0.3399035357563207
New Zealand,NZL,1990,52.85405035889256,Oceania,-0.6968971934222097
New Zealand,NZL,1991,52.25241464433557,Oceania,-0.6016357145569842
New Zealand,NZL,1992,51.654908283012425,Oceania,-0.5975063613231484
New Zealand,NZL,1993,51.05592077779044,Oceania,-0.5989875052219844
New Zealand,NZL,1994,50.4568451634955,Oceania,-0.5990756142949394
New Zealand,NZL,1995,49.85782841517603,Oceania,-0.599016748319471
New Zealand,NZL,1996,49.25878812046637,Oceania,-0.5990402947096598
New Zealand,NZL,1997,48.65998898636588,Oceania,-0.5987991341004886
New Zealand,NZL,1998,48.06121947514336,Oceania,-0.5987695112225211
New Zealand,NZL,1999,47.46247730811591,Oceania,-0.5987421670274529
New Zealand,NZL,2000,46.86381983213703,Oceania,-0.5986574759788752
New Zealand,NZL,2001,46.26516767308496,Oceania,-0.5986521590520724
New Zealand,NZL,2002,45.66634195435039,Oceania,-0.5988257187345667
New Zealand,NZL,2003,45.03437013406251,Oceania,-0.6319718202878803
New Zealand,NZL,2004,45.15589988986366,Oceania,0.12152975580114855
New Zealand,NZL,2005,44.47989062321978,Oceania,-0.6760092666438808
New Zealand,NZL,2006,43.20003038243895,Oceania,-1.2798602407808275
New Zealand,NZL,2007,43.625384527742966,Oceania,0.42535414530401283
New Zealand,NZL,2008,43.19623257757016,Oceania,-0.42915195017280894
New Zealand,NZL,2009,43.63677794234932,Oceania,0.44054536477916173
New Zealand,NZL,2010,43.32535794310888,Oceania,-0.3114199992404423
New Zealand,NZL,2011,43.18483916296381,Oceania,-0.14051878014506514
New Zealand,NZL,2012,42.571113896168015,Oceania,-0.6137252667957966
New Zealand,NZL,2013,42.178420872735565,Oceania,-0.39269302343245016
New Zealand,NZL,2014,42.21639892142341,Oceania,0.03797804868784738
New Zealand,NZL,2015,40.68208575443394,Oceania,-1.5343131669894703
New Zealand,NZL,2016,40.309900877292925,Oceania,-0.37218487714101656
New Zealand,NZL,2017,40.4238350233565,Oceania,0.11393414606357766
New Zealand,NZL,2018,39.86935551251376,Oceania,-0.5544795108427394
New Zealand,NZL,2019,39.28829136758954,Oceania,-0.5810641449242269
New Zealand,NZL,2020,38.56291063765144,Oceania,-0.7253807299380952
New Zealand,NZL,2021,38.64266453989594,Oceania,0.07975390224449797
New Zealand,NZL,2022,37.0172040560556,Oceania,-1.6254604838403424
New Zealand,NZL,2023,36.88048308077931,Oceania,-0.13672097527629035
Nicaragua,NIC,1961,28.50257603456872,North America,
Nicaragua,NIC,1962,28.50257603456872,North America,0.0
Nicaragua,NIC,1963,28.81834801396044,North America,0.3157719793917195
Nicaragua,NIC,1964,28.98454379258767,North America,0.16619577862723034
Nicaragua,NIC,1965,29.2338374605285,North America,0.24929366794082952
Nicaragua,NIC,1966,29.74904437427289,North America,0.5152069137443931
Nicaragua,NIC,1967,29.74904437427289,North America,0.0
Nicaragua,NIC,1968,29.74904437427289,North America,0.0
Nicaragua,NIC,1969,29.790593318929695,North America,0.041548944656803144
Nicaragua,NIC,1970,29.790593318929695,North America,0.0
Nicaragua,NIC,1971,29.956789097556925,North America,0.16619577862723034
Nicaragua,NIC,1972,29.998338042213728,North America,0.041548944656803144
Nicaragua,NIC,1973,30.081435931527334,North America,0.08309788931360629
Nicaragua,NIC,1974,30.16453382084095,North America,0.08309788931361695
Nicaragua,NIC,1975,30.16453382084095,North America,0.0
Nicaragua,NIC,1976,30.16453382084095,North America,0.0
Nicaragua,NIC,1977,30.995512713977064,North America,0.8309788931361126
Nicaragua,NIC,1978,31.037061658633867,North America,0.041548944656803144
Nicaragua,NIC,1979,31.078610603290677,North America,0.04154894465681025
Nicaragua,NIC,1980,31.120159547947484,North America,0.0415489446568067
Nicaragua,NIC,1981,31.801562240319097,North America,0.6814026923716128
Nicaragua,NIC,1982,31.818181818181817,North America,0.016619577862719837
Nicaragua,NIC,1983,31.826491607113176,North America,0.008309788931359918
Nicaragua,NIC,1984,32.26691042047532,North America,0.44041881336214317
Nicaragua,NIC,1985,32.034236330397206,North America,-0.23267409007811324
Nicaragua,NIC,1986,32.050855908259926,North America,0.016619577862719837
Nicaragua,NIC,1987,32.316769154063486,North America,0.26591324580356
Nicaragua,NIC,1988,32.74056838956291,North America,0.42379923549942333
Nicaragua,NIC,1989,33.180987202925046,North America,0.44041881336213606
Nicaragua,NIC,1990,33.4469004487286,North America,0.2659132458035529
Nicaragua,NIC,1991,33.73774306132624,North America,0.2908426125976433
Nicaragua,NIC,1992,34.23633039720791,North America,0.49858733588166615
Nicaragua,NIC,1993,34.818015622403195,North America,0.5816852251952866
Nicaragua,NIC,1994,35.06730929034402,North America,0.24929366794082597
Nicaragua,NIC,1995,37.83446900448729,North America,2.7671597141432684
Nicaragua,NIC,1996,38.67375768655476,North America,0.839288682067469
Nicaragua,NIC,1997,39.95346518198438,North America,1.2797074954296193
Nicaragua,NIC,1998,40.82599301977729,North America,0.8725278377929158
Nicaragua,NIC,1999,41.69852085757022,North America,0.87252783779293
Nicaragua,NIC,2000,42.72062489612764,North America,1.0221040385574156
Nicaragua,NIC,2001,43.00315771979392,North America,0.28253282366627985
Nicaragua,NIC,2002,43.202592654146585,North America,0.19943493435266646
Nicaragua,NIC,2003,43.352168854911085,North America,0.14957620076449984
Nicaragua,NIC,2004,43.41864716636197,North America,0.06647831145088645
Nicaragua,NIC,2005,43.626391889646,North America,0.20774472328402993
Nicaragua,NIC,2006,43.27738075452884,North America,-0.3490111351171592
Nicaragua,NIC,2007,43.00315771979392,North America,-0.2742230347349235
Nicaragua,NIC,2008,42.64583679574539,North America,-0.3573209240485298
Nicaragua,NIC,2009,42.28851587169686,North America,-0.3573209240485298
Nicaragua,NIC,2010,41.964434103373776,North America,-0.324081768323083
Nicaragua,NIC,2011,42.138108692039225,North America,0.17367458866544894
Nicaragua,NIC,2012,42.155559248795086,North America,0.017450556755861157
Nicaragua,NIC,2013,42.155559248795086,North America,0.0
Nicaragua,NIC,2014,42.155559248795086,North America,0.0
Nicaragua,NIC,2015,42.155559248795086,North America,0.0
Nicaragua,NIC,2016,42.155559248795086,North America,0.0
Nicaragua,NIC,2017,42.222037560245965,North America,0.06647831145087935
Nicaragua,NIC,2018,42.246966927040056,North America,0.024929366794090413
Nicaragua,NIC,2019,42.246966927040056,North America,0.0
Nicaragua,NIC,2020,42.30513544955959,North America,0.05816852251953719
Nicaragua,NIC,2021,42.30513544955959,North America,0.0
Nicaragua,NIC,2022,42.30513544955959,North America,0.0
Nicaragua,NIC,2023,42.30513544955959,North America,0.0
Niger,NER,1961,24.86776663772006,Africa,
Niger,NER,1962,24.86776663772006,Africa,0.0
Niger,NER,1963,24.86776663772006,Africa,0.0
Niger,NER,1964,24.86776663772006,Africa,0.0
Niger,NER,1965,24.86776663772006,Africa,0.0
Niger,NER,1966,24.86776663772006,Africa,0.0
Niger,NER,1967,24.86776663772006,Africa,0.0
Niger,NER,1968,25.40222625720376,Africa,0.5344596194837017
Niger,NER,1969,25.401436804294622,Africa,-0.0007894529091387881
Niger,NER,1970,24.63093076497987,Africa,-0.7705060393147534
Niger,NER,1971,24.654614352253887,Africa,0.02368358727401798
Niger,NER,1972,24.612773348069787,Africa,-0.04184100418409997
Niger,NER,1973,24.32620194205416,Africa,-0.2865714060156286
Niger,NER,1974,23.50990763400963,Africa,-0.8162943080445295
Niger,NER,1975,23.50990763400963,Africa,0.0
Niger,NER,1976,23.50990763400963,Africa,0.0
Niger,NER,1977,23.50990763400963,Africa,0.0
Niger,NER,1978,23.50990763400963,Africa,0.0
Niger,NER,1979,23.65043025183548,Africa,0.14052261782585163
Niger,NER,1980,24.251993368595564,Africa,0.601563116760083
Niger,NER,1981,23.90463408857661,Africa,-0.3473592800189529
Niger,NER,1982,23.967790321307334,Africa,0.0631562327307229
Niger,NER,1983,24.480934712244416,Africa,0.5131443909370823
Niger,NER,1984,24.299360543143603,Africa,-0.1815741691008128
Niger,NER,1985,24.299360543143603,Africa,0.0
Niger,NER,1986,24.69408699771059,Africa,0.3947264545669853
Niger,NER,1987,24.482513618062683,Africa,-0.21157337964790557
Niger,NER,1988,24.709876055893265,Africa,0.22736243783058185
Niger,NER,1989,24.792768611352333,Africa,0.08289255545906826
Niger,NER,1990,26.08905028815031,Africa,1.2962816767979781
Niger,NER,1991,26.92429146601405,Africa,0.8352411778637396
Niger,NER,1992,27.63085181968896,Africa,0.7065603536749094
Niger,NER,1993,27.63085181968896,Africa,0.0
Niger,NER,1994,27.63085181968896,Africa,0.0
Niger,NER,1995,28.420304728822927,Africa,0.789452909133967
Niger,NER,1996,28.420304728822927,Africa,0.0
Niger,NER,1997,28.420304728822927,Africa,0.0
Niger,NER,1998,28.420304728822927,Africa,0.0
Niger,NER,1999,29.20975763795689,Africa,0.7894529091339635
Niger,NER,2000,29.20975763795689,Africa,0.0
Niger,NER,2001,29.999210547090865,Africa,0.7894529091339741
Niger,NER,2002,29.999210547090865,Africa,0.0
Niger,NER,2003,30.324465145654063,Africa,0.32525459856319827
Niger,NER,2004,30.371832320202103,Africa,0.047367174548039515
Niger,NER,2005,33.91884424094103,Africa,3.5470119207389246
Niger,NER,2006,33.937791110760244,Africa,0.018946869819217227
Niger,NER,2007,34.56382726770349,Africa,0.6260361569432433
Niger,NER,2008,34.56382726770349,Africa,0.0
Niger,NER,2009,34.56382726770349,Africa,0.0
Niger,NER,2010,34.72171784953028,Africa,0.15789058182679128
Niger,NER,2011,35.11644430409726,Africa,0.3947264545669782
Niger,NER,2012,35.35328017683745,Africa,0.23683587274019402
Niger,NER,2013,36.06378779505802,Africa,0.7105076182205678
Niger,NER,2014,36.06378779505802,Africa,0.0
Niger,NER,2015,36.074050682876766,Africa,0.010262887818747402
Niger,NER,2016,36.62666771927054,Africa,0.5526170363937766
Niger,NER,2017,36.78455830109734,Africa,0.15789058182679838
Niger,NER,2018,36.78455830109734,Africa,0.0
Niger,NER,2019,36.78455830109734,Africa,0.0
Niger,NER,2020,36.786689823952,Africa,0.0021315228546612275
Niger,NER,2021,36.78732138627931,Africa,0.0006315623273067672
Niger,NER,2022,36.78779505802479,Africa,0.00047367174548185176
Niger,NER,2023,36.78732138627931,Africa,-0.00047367174548185176
Nigeria,NGA,1961,59.483733544143966,Africa,
Nigeria,NGA,1962,59.645135434851824,Africa,0.16140189070785738
Nigeria,NGA,1963,59.80763529760532,Africa,0.16249986275349926
Nigeria,NGA,1964,59.96903718831319,Africa,0.16140189070786448
Nigeria,NGA,1965,60.130439079021045,Africa,0.16140189070785738
Nigeria,NGA,1966,60.183141737211365,Africa,0.05270265819032005
Nigeria,NGA,1967,59.90535480966655,Africa,-0.2777869275448168
Nigeria,NGA,1968,60.06785467242004,Africa,0.16249986275349215
Nigeria,NGA,1969,60.33905376769108,Africa,0.2711990952710366
Nigeria,NGA,1970,60.55535426068053,Africa,0.21630049298945409
Nigeria,NGA,1971,60.71785412343401,Africa,0.16249986275347794
Nigeria,NGA,1972,60.87925601414188,Africa,0.1614018907078716
Nigeria,NGA,1973,61.04065790484974,Africa,0.16140189070785738
Nigeria,NGA,1974,61.20315776760323,Africa,0.16249986275349215
Nigeria,NGA,1975,61.3645596583111,Africa,0.1614018907078716
Nigeria,NGA,1976,61.52596154901896,Africa,0.16140189070785738
Nigeria,NGA,1977,61.39420490354316,Africa,-0.13175664547579657
Nigeria,NGA,1978,61.51278588447138,Africa,0.11858098092821479
Nigeria,NGA,1979,61.85096127452595,Africa,0.3381753900545732
Nigeria,NGA,1980,62.080437432062986,Africa,0.22947615753703587
Nigeria,NGA,1981,62.1990184129912,Africa,0.11858098092821479
Nigeria,NGA,1982,62.31869736596506,Africa,0.11967895297385667
Nigeria,NGA,1983,62.43727834689329,Africa,0.118580980928229
Nigeria,NGA,1984,62.77435576490223,Africa,0.33707741800894553
Nigeria,NGA,1985,63.113629127002426,Africa,0.33927336210019376
Nigeria,NGA,1986,63.34200731249382,Africa,0.228378185491394
Nigeria,NGA,1987,63.43313899228126,Africa,0.09113167978743775
Nigeria,NGA,1988,63.64285165299691,Africa,0.20971266071565253
Nigeria,NGA,1989,63.79327382324846,Africa,0.15042217025155225
Nigeria,NGA,1990,64.4663306872207,Africa,0.6730568639722421
Nigeria,NGA,1991,65.25796853212117,Africa,0.791637844900464
Nigeria,NGA,1992,66.5327140770996,Africa,1.2747455449784297
Nigeria,NGA,1993,66.92908198557265,Africa,0.3963679084730529
Nigeria,NGA,1994,67.98423312142474,Africa,1.0551511358520855
Nigeria,NGA,1995,70.35695071203487,Africa,2.3727175906101365
Nigeria,NGA,1996,70.53372421138158,Africa,0.17677349934670872
Nigeria,NGA,1997,70.70939973868265,Africa,0.17567552730106684
Nigeria,NGA,1998,71.59985506768997,Africa,0.8904553290073238
Nigeria,NGA,1999,71.7634529024891,Africa,0.16359783479913403
Nigeria,NGA,2000,71.9259527652426,Africa,0.16249986275349215
Nigeria,NGA,2001,71.99516936218804,Africa,0.06921659694543791
Nigeria,NGA,2002,72.14305181330083,Africa,0.14788245111279252
Nigeria,NGA,2003,72.29038341183833,Africa,0.14733159853750522
Nigeria,NGA,2004,72.42305313086729,Africa,0.13266971902895364
Nigeria,NGA,2005,72.67847392865377,Africa,0.25542079778648485
Nigeria,NGA,2006,72.49770414045258,Africa,-0.18076978820118939
Nigeria,NGA,2007,72.85594244430537,Africa,0.35823830385278654
Nigeria,NGA,2008,72.92729218134106,Africa,0.07134973703568903
Nigeria,NGA,2009,73.31032181560657,Africa,0.38302963426551173
Nigeria,NGA,2010,73.44219671267169,Africa,0.13187489706511712
Nigeria,NGA,2011,73.49146864740823,Africa,0.049271934736538014
Nigeria,NGA,2012,73.755240730371,Africa,0.2637720829627739
Nigeria,NGA,2013,73.5484116736388,Africa,-0.20682905673220375
Nigeria,NGA,2014,73.69461203157768,Africa,0.14620035793888064
Nigeria,NGA,2015,73.92462421906738,Africa,0.23001218748970587
Nigeria,NGA,2016,74.15304676262943,Africa,0.22842254356204705
Nigeria,NGA,2017,74.33717327096852,Africa,0.18412650833909083
Nigeria,NGA,2018,74.73677229157745,Africa,0.3995990206089317
Nigeria,NGA,2019,74.90479528311211,Africa,0.16802299153465583
Nigeria,NGA,2020,75.41911196020948,Africa,0.5143166770973693
Nigeria,NGA,2021,75.66595979226369,Africa,0.24684783205421468
Nigeria,NGA,2022,75.9658687703811,Africa,0.2999089781174149
Nigeria,NGA,2023,76.1972932793131,Africa,0.23142450893199396
North Macedonia,MKD,1992,51.39598898938262,Europe,
North Macedonia,MKD,1993,51.00275265434527,Europe,-0.39323633503735067
North Macedonia,MKD,1994,50.96342902084152,Europe,-0.03932363350375567
North Macedonia,MKD,1995,50.6095163193079,Europe,-0.3539127015336163
North Macedonia,MKD,1996,50.72748721981911,Europe,0.11797090051121017
North Macedonia,MKD,1997,50.45222178529296,Europe,-0.2752654345261476
North Macedonia,MKD,1998,50.76681085332285,Europe,0.31458906802988906
North Macedonia,MKD,1999,50.41289815178922,Europe,-0.3539127015336305
North Macedonia,MKD,2000,48.56468737711365,Europe,-1.8482107746755716
North Macedonia,MKD,2001,48.8399528116398,Europe,0.2752654345261476
North Macedonia,MKD,2002,52.457727093983486,Europe,3.6177742823436887
North Macedonia,MKD,2003,51.1600471883602,Europe,-1.2976799056232835
North Macedonia,MKD,2004,49.626425481714506,Europe,-1.5336217066456967
North Macedonia,MKD,2005,48.289421942587495,Europe,-1.3370035391270108
North Macedonia,MKD,2006,48.13212740857255,Europe,-0.15729453401494453
North Macedonia,MKD,2007,42.64764169639319,Europe,-5.484485712179364
North Macedonia,MKD,2008,42.13238208481966,Europe,-0.5152596115735264
North Macedonia,MKD,2009,40.1665344964314,Europe,-1.9658475883882573
North Macedonia,MKD,2010,44.3695479777954,Europe,4.203013481363996
North Macedonia,MKD,2011,44.329896907216494,Europe,-0.03965107057890549
North Macedonia,MKD,2012,50.23790642347343,Europe,5.908009516256939
North Macedonia,MKD,2013,49.960348929421095,Europe,-0.2775574940523384
North Macedonia,MKD,2014,50.0,Europe,0.03965107057890549
North Macedonia,MKD,2015,50.039651070578905,Europe,0.03965107057890549
North Macedonia,MKD,2016,50.15860428231562,Europe,0.11895321173671647
North Macedonia,MKD,2017,50.19825535289453,Europe,0.03965107057890549
North Macedonia,MKD,2018,50.11895321173672,Europe,-0.07930214115781098
North Macedonia,MKD,2019,50.15860428231562,Europe,0.03965107057890549
North Macedonia,MKD,2020,50.039651070578905,Europe,-0.11895321173671647
North Macedonia,MKD,2021,49.960348929421095,Europe,-0.07930214115781098
North Macedonia,MKD,2022,49.84139571768438,Europe,-0.11895321173671647
North Macedonia,MKD,2023,49.60348929421095,Europe,-0.23790642347342583
Northern Mariana Islands,MNP,1991,8.695652173913043,Oceania,
Northern Mariana Islands,MNP,1992,8.695652173913043,Oceania,0.0
Northern Mariana Islands,MNP,1993,8.695652173913043,Oceania,0.0
Northern Mariana Islands,MNP,1994,8.695652173913043,Oceania,0.0
Northern Mariana Islands,MNP,1995,8.695652173913043,Oceania,0.0
Northern Mariana Islands,MNP,1996,8.695652173913043,Oceania,0.0
Northern Mariana Islands,MNP,1997,8.695652173913043,Oceania,0.0
Northern Mariana Islands,MNP,1998,6.521739130434782,Oceania,-2.1739130434782608
Northern Mariana Islands,MNP,1999,6.521739130434782,Oceania,0.0
Northern Mariana Islands,MNP,2000,6.521739130434782,Oceania,0.0
Northern Mariana Islands,MNP,2001,6.521739130434782,Oceania,0.0
Northern Mariana Islands,MNP,2002,6.521739130434782,Oceania,0.0
Northern Mariana Islands,MNP,2003,6.521739130434782,Oceania,0.0
Northern Mariana Islands,MNP,2004,6.521739130434782,Oceania,0.0
Northern Mariana Islands,MNP,2005,6.521739130434782,Oceania,0.0
Northern Mariana Islands,MNP,2006,6.521739130434782,Oceania,0.0
Northern Mariana Islands,MNP,2007,3.695652173913044,Oceania,-2.8260869565217384
Northern Mariana Islands,MNP,2008,3.695652173913044,Oceania,0.0
Northern Mariana Islands,MNP,2009,3.695652173913044,Oceania,0.0
Northern Mariana Islands,MNP,2010,3.695652173913044,Oceania,0.0
Northern Mariana Islands,MNP,2011,3.695652173913044,Oceania,0.0
Northern Mariana Islands,MNP,2012,3.695652173913044,Oceania,0.0
Northern Mariana Islands,MNP,2013,3.695652173913044,Oceania,0.0
Northern Mariana Islands,MNP,2014,3.695652173913044,Oceania,0.0
Northern Mariana Islands,MNP,2015,3.695652173913044,Oceania,0.0
Northern Mariana Islands,MNP,2016,3.695652173913044,Oceania,0.0
Northern Mariana Islands,MNP,2017,3.695652173913044,Oceania,0.0
Northern Mariana Islands,MNP,2018,1.1739130434782608,Oceania,-2.521739130434783
Northern Mariana Islands,MNP,2019,1.1739130434782608,Oceania,0.0
Northern Mariana Islands,MNP,2020,1.1739130434782608,Oceania,0.0
Northern Mariana Islands,MNP,2021,1.1739130434782608,Oceania,0.0
Northern Mariana Islands,MNP,2022,1.1739130434782608,Oceania,0.0
Northern Mariana Islands,MNP,2023,1.1739130434782608,Oceania,0.0
Norway,NOR,1961,2.830984218768823,Europe,
Norway,NOR,1962,2.8227705314803253,Europe,-0.008213687288497695
Norway,NOR,1963,2.814556844191828,Europe,-0.008213687288497251
Norway,NOR,1964,2.7899157823263354,Europe,-0.02464106186549264
Norway,NOR,1965,2.768012616223676,Europe,-0.021903166102659632
Norway,NOR,1966,2.75158524164668,Europe,-0.016427374576995835
Norway,NOR,1967,2.7378957628325176,Europe,-0.013689478814162381
Norway,NOR,1968,2.721468388255522,Europe,-0.01642737457699539
Norway,NOR,1969,2.699565222152862,Europe,-0.021903166102660077
Norway,NOR,1970,2.6119525577422213,Europe,-0.08761266441064075
Norway,NOR,1971,2.5489809551970737,Europe,-0.06297160254514766
Norway,NOR,1972,2.4914851441775907,Europe,-0.05749581101948298
Norway,NOR,1973,2.475057769600596,Europe,-0.016427374576994502
Norway,NOR,1974,2.466844082312098,Europe,-0.00821368728849814
Norway,NOR,1975,2.458630395023601,Europe,-0.008213687288497251
Norway,NOR,1976,2.453154603497936,Europe,-0.005475791525664686
Norway,NOR,1977,2.461368290786433,Europe,0.008213687288496807
Norway,NOR,1978,2.464106186549265,Europe,0.002737895762832121
Norway,NOR,1979,2.6119525577422213,Europe,0.1478463711929563
Norway,NOR,1980,2.562670434011236,Europe,-0.04928212373098528
Norway,NOR,1981,2.562670434011236,Europe,0.0
Norway,NOR,1982,2.5790978085882315,Europe,0.01642737457699539
Norway,NOR,1983,2.587311495876729,Europe,0.008213687288497695
Norway,NOR,1984,2.6119525577422213,Europe,0.024641061865492198
Norway,NOR,1985,2.620166245030719,Europe,0.008213687288497695
Norway,NOR,1986,2.6530209941847094,Europe,0.03285474915399034
Norway,NOR,1987,2.655758889947542,Europe,0.002737895762832565
Norway,NOR,1988,2.672186264524537,Europe,0.016427374576994946
Norway,NOR,1989,2.713254700967025,Europe,0.04106843644248803
Norway,NOR,1990,2.672186264524537,Europe,-0.04106843644248803
Norway,NOR,1991,2.7652747204608428,Europe,0.09308845593630588
Norway,NOR,1992,2.7461094501210157,Europe,-0.019165270339827067
Norway,NOR,1993,2.77348840774934,Europe,0.02737895762832432
Norway,NOR,1994,2.820032635717493,Europe,0.04654422796815316
Norway,NOR,1995,3.085608524712247,Europe,0.26557588899475393
Norway,NOR,1996,3.099298003526409,Europe,0.013689478814161937
Norway,NOR,1997,2.8419358018201533,Europe,-0.2573622017062558
Norway,NOR,1998,2.866576863685646,Europe,0.02464106186549264
Norway,NOR,1999,2.8419358018201533,Europe,-0.02464106186549264
Norway,NOR,2000,2.852887384871483,Europe,0.010951583051329816
Norway,NOR,2001,2.866576863685646,Europe,0.013689478814162825
Norway,NOR,2002,2.8638389679228133,Europe,-0.002737895762832565
Norway,NOR,2003,2.847411593345818,Europe,-0.01642737457699539
Norway,NOR,2004,2.847411593345818,Europe,0.0
Norway,NOR,2005,2.836460010294488,Europe,-0.010951583051329816
Norway,NOR,2006,2.833722114531656,Europe,-0.002737895762832121
Norway,NOR,2007,2.825508427243158,Europe,-0.00821368728849814
Norway,NOR,2008,2.8057955777507635,Europe,-0.01971284949239438
Norway,NOR,2009,2.7769381564105093,Europe,-0.028857421340254152
Norway,NOR,2010,2.754049347833229,Europe,-0.022888808577280262
Norway,NOR,2011,2.735157867069685,Europe,-0.018891480763544077
Norway,NOR,2012,2.718182913340123,Europe,-0.016974953729561815
Norway,NOR,2013,2.703590045391832,Europe,-0.0145928679482914
Norway,NOR,2014,2.702652365875303,Europe,-0.0009376795165287888
Norway,NOR,2015,2.7000413756429174,Europe,-0.002610990232385646
Norway,NOR,2016,2.69388608214041,Europe,-0.00615529350250732
Norway,NOR,2017,2.6980277878961334,Europe,0.004141705755723368
Norway,NOR,2018,2.7013376863832077,Europe,0.003309898487074303
Norway,NOR,2019,2.695892016850455,Europe,-0.005445669532752717
Norway,NOR,2020,2.706567659936588,Europe,0.010675643086133224
Norway,NOR,2021,2.704038213413128,Europe,-0.0025294465234604324
Norway,NOR,2022,2.704038213413128,Europe,0.0
Norway,NOR,2023,2.695802564032174,Europe,-0.008235649380953891
Oman,OMN,1961,3.344103392568659,Asia,
Oman,OMN,1962,3.344103392568659,Asia,0.0
Oman,OMN,1963,3.344103392568659,Asia,0.0
Oman,OMN,1964,3.347334410339257,Asia,0.003231017770597866
Oman,OMN,1965,3.347334410339257,Asia,0.0
Oman,OMN,1966,3.347334410339257,Asia,0.0
Oman,OMN,1967,3.353796445880453,Asia,0.006462035541196176
Oman,OMN,1968,3.360258481421648,Asia,0.006462035541194844
Oman,OMN,1969,3.360258481421648,Asia,0.0
Oman,OMN,1970,3.366720516962844,Asia,0.006462035541196176
Oman,OMN,1971,3.366720516962844,Asia,0.0
Oman,OMN,1972,3.3731825525040384,Asia,0.0064620355411944
Oman,OMN,1973,3.3764135702746363,Asia,0.003231017770597866
Oman,OMN,1974,3.3796445880452346,Asia,0.00323101777059831
Oman,OMN,1975,3.382875605815832,Asia,0.003231017770597422
Oman,OMN,1976,3.386106623586429,Asia,0.003231017770596978
Oman,OMN,1977,3.389337641357028,Asia,0.0032310177705991983
Oman,OMN,1978,3.395799676898223,Asia,0.006462035541194844
Oman,OMN,1979,3.395799676898223,Asia,0.0
Oman,OMN,1980,3.395799676898223,Asia,0.0
Oman,OMN,1981,3.395799676898223,Asia,0.0
Oman,OMN,1982,3.395799676898223,Asia,0.0
Oman,OMN,1983,3.408723747980614,Asia,0.01292407108239102
Oman,OMN,1984,3.4216478190630046,Asia,0.012924071082390576
Oman,OMN,1985,3.428109854604201,Asia,0.006462035541196176
Oman,OMN,1986,3.4474959612277867,Asia,0.019386106623585864
Oman,OMN,1987,3.45718901453958,Asia,0.009693053311793154
Oman,OMN,1988,3.466882067851373,Asia,0.009693053311793154
Oman,OMN,1989,3.4798061389337644,Asia,0.012924071082391464
Oman,OMN,1990,3.489499192245557,Asia,0.00969305331179271
Oman,OMN,1991,3.489499192245557,Asia,0.0
Oman,OMN,1992,3.4991922455573503,Asia,0.009693053311793154
Oman,OMN,1993,3.463651050080775,Asia,-0.035541195476575194
Oman,OMN,1994,3.463651050080775,Asia,0.0
Oman,OMN,1995,3.4604200323101777,Asia,-0.003231017770597422
Oman,OMN,1996,3.4604200323101777,Asia,0.0
Oman,OMN,1997,3.45718901453958,Asia,-0.003231017770597866
Oman,OMN,1998,3.4604200323101777,Asia,0.003231017770597866
Oman,OMN,1999,3.4604200323101777,Asia,0.0
Oman,OMN,2000,3.7899838449111463,Asia,0.32956381260096856
Oman,OMN,2001,3.7919224555735056,Asia,0.0019386106623593413
Oman,OMN,2002,4.11437802907916,Asia,0.32245557350565424
Oman,OMN,2003,4.436187399030694,Asia,0.3218093699515343
Oman,OMN,2004,4.756058158319871,Asia,0.3198707592891772
Oman,OMN,2005,4.733441033925686,Asia,-0.022617124394185062
Oman,OMN,2006,4.7269789983844905,Asia,-0.006462035541195732
Oman,OMN,2007,4.733441033925686,Asia,0.006462035541195732
Oman,OMN,2008,4.708239095315024,Asia,-0.02520193861066211
Oman,OMN,2009,4.699192245557351,Asia,-0.009046849757672781
Oman,OMN,2010,4.663004846526656,Asia,-0.036187399030695566
Oman,OMN,2011,4.642326332794831,Asia,-0.02067851373182439
Oman,OMN,2012,4.600323101777059,Asia,-0.04200323101777226
Oman,OMN,2013,4.58642972536349,Asia,-0.013893376413569136
Oman,OMN,2014,4.587399030694669,Asia,0.0009693053311785604
Oman,OMN,2015,4.633279483037157,Asia,0.045880452342488276
Oman,OMN,2016,4.639741518578353,Asia,0.006462035541195732
Oman,OMN,2017,4.68794830371567,Asia,0.048206785137317354
Oman,OMN,2018,4.713699515347335,Asia,0.025751211631664717
Oman,OMN,2019,4.713699515347335,Asia,0.0
Oman,OMN,2020,4.713828756058158,Asia,0.00012924071082309752
Oman,OMN,2021,4.737382875605816,Asia,0.023554119547657848
Oman,OMN,2022,4.737382875605816,Asia,0.0
Oman,OMN,2023,4.755185783521809,Asia,0.017802907915993593
Pakistan,PAK,1961,46.34962640099626,Asia,
Pakistan,PAK,1962,46.4923204649232,Asia,0.14269406392694606
Pakistan,PAK,1963,46.54420921544209,Asia,0.05188875051888431
Pakistan,PAK,1964,47.16038812785388,Asia,0.6161789124117902
Pakistan,PAK,1965,48.30194063926941,Asia,1.141552511415533
Pakistan,PAK,1966,48.5354400166044,Asia,0.2334993773349865
Pakistan,PAK,1967,48.606787048567874,Asia,0.07134703196347658
Pakistan,PAK,1968,48.21762141967621,Asia,-0.38916562889166073
Pakistan,PAK,1969,46.3107098381071,Asia,-1.906911581569112
Pakistan,PAK,1970,46.52475093399751,Asia,0.21404109589040843
Pakistan,PAK,1971,46.03180780406807,Asia,-0.49294312992943645
Pakistan,PAK,1972,46.05775217932752,Asia,0.02594437525944926
Pakistan,PAK,1973,47.218762972187626,Asia,1.161010792860104
Pakistan,PAK,1974,46.36259858862599,Asia,-0.8561643835616337
Pakistan,PAK,1975,46.74527812370278,Asia,0.38267953507678953
Pakistan,PAK,1976,46.326276463262765,Asia,-0.4190016604400171
Pakistan,PAK,1977,46.58701743462018,Asia,0.26074097135741425
Pakistan,PAK,1978,47.24081569115816,Asia,0.6537982565379821
Pakistan,PAK,1979,47.13703819012039,Asia,-0.10377750103776862
Pakistan,PAK,1980,48.53673723536737,Asia,1.399699045246976
Pakistan,PAK,1981,47.35367372353674,Asia,-1.1830635118306319
Pakistan,PAK,1982,49.95459734329597,Asia,2.600923619759236
Pakistan,PAK,1983,47.23043794105438,Asia,-2.7241594022415896
Pakistan,PAK,1984,48.64570361145704,Asia,1.415265670402654
Pakistan,PAK,1985,48.15016604400166,Asia,-0.49553756745537925
Pakistan,PAK,1986,46.14336861768369,Asia,-2.0067974263179664
Pakistan,PAK,1987,47.570309256953095,Asia,1.4269406392694037
Pakistan,PAK,1988,45.85279161477792,Asia,-1.7175176421751743
Pakistan,PAK,1989,46.51826484018265,Asia,0.6654732254047317
Pakistan,PAK,1990,45.66988376919884,Asia,-0.8483810709838124
Pakistan,PAK,1991,45.75290577002906,Asia,0.08302200083021916
Pakistan,PAK,1992,45.895599833956,Asia,0.14269406392693895
Pakistan,PAK,1993,46.37557077625571,Asia,0.47997094229970827
Pakistan,PAK,1994,46.4274595267746,Asia,0.05188875051889141
Pakistan,PAK,1995,46.73360315483603,Asia,0.30614362806143447
Pakistan,PAK,1996,46.92299709422997,Asia,0.18939393939393767
Pakistan,PAK,1997,47.567714819427145,Asia,0.6447177251971752
Pakistan,PAK,1998,47.68576172685762,Asia,0.1180469074304753
Pakistan,PAK,1999,47.68057285180573,Asia,-0.005188875051892694
Pakistan,PAK,2000,47.605334163553344,Asia,-0.07523868825238367
Pakistan,PAK,2001,47.96077210460772,Asia,0.355437941054376
Pakistan,PAK,2002,47.846616853466166,Asia,-0.114155251141554
Pakistan,PAK,2003,47.79213366542134,Asia,-0.0544831880448271
Pakistan,PAK,2004,46.7582503113325,Asia,-1.033883354088836
Pakistan,PAK,2005,46.65447281029473,Asia,-0.10377750103777572
Pakistan,PAK,2006,46.875,Asia,0.22052718970527252
Pakistan,PAK,2007,46.71673931091739,Asia,-0.15826068908260993
Pakistan,PAK,2008,45.80868617683686,Asia,-0.9080531340805322
Pakistan,PAK,2009,45.76198630136986,Asia,-0.04669987546699872
Pakistan,PAK,2010,45.71658364466584,Asia,-0.04540265670402022
Pakistan,PAK,2011,46.616853466168536,Asia,0.9002698215026967
Pakistan,PAK,2012,46.781600249066,Asia,0.16474678289746691
Pakistan,PAK,2013,47.063096720630966,Asia,0.2814964715649637
Pakistan,PAK,2014,47.02677459526775,Asia,-0.03632212536321333
Pakistan,PAK,2015,46.96191365711913,Asia,-0.0648609381486196
Pakistan,PAK,2016,47.72986716479867,Asia,0.7679535076795361
Pakistan,PAK,2017,48.00098588625986,Asia,0.27111872146119254
Pakistan,PAK,2018,47.93612494811125,Asia,-0.06486093814861249
Pakistan,PAK,2019,47.05531340805314,Asia,-0.8808115400581116
Pakistan,PAK,2020,47.57290369447904,Asia,0.5175902864259001
Pakistan,PAK,2021,46.71803652968037,Asia,-0.8548671647986694
Pakistan,PAK,2022,46.63112287256123,Asia,-0.08691365711914045
Pakistan,PAK,2023,46.69338937318389,Asia,0.06226650062266259
Palau,PLW,1991,9.347826086956522,Oceania,
Palau,PLW,1992,9.347826086956522,Oceania,0.0
Palau,PLW,1993,9.347826086956522,Oceania,0.0
Palau,PLW,1994,9.347826086956522,Oceania,0.0
Palau,PLW,1995,9.347826086956522,Oceania,0.0
Palau,PLW,1996,9.347826086956522,Oceania,0.0
Palau,PLW,1997,9.347826086956522,Oceania,0.0
Palau,PLW,1998,9.347826086956522,Oceania,0.0
Palau,PLW,1999,9.347826086956522,Oceania,0.0
Palau,PLW,2000,9.347826086956522,Oceania,0.0
Palau,PLW,2001,9.347826086956522,Oceania,0.0
Palau,PLW,2002,9.347826086956522,Oceania,0.0
Palau,PLW,2003,9.347826086956522,Oceania,0.0
Palau,PLW,2004,9.347826086956522,Oceania,0.0
Palau,PLW,2005,9.347826086956522,Oceania,0.0
Palau,PLW,2006,9.347826086956522,Oceania,0.0
Palau,PLW,2007,9.347826086956522,Oceania,0.0
Palau,PLW,2008,9.347826086956522,Oceania,0.0
Palau,PLW,2009,9.347826086956522,Oceania,0.0
Palau,PLW,2010,9.347826086956522,Oceania,0.0
Palau,PLW,2011,9.347826086956522,Oceania,0.0
Palau,PLW,2012,9.347826086956522,Oceania,0.0
Palau,PLW,2013,9.347826086956522,Oceania,0.0
Palau,PLW,2014,9.347826086956522,Oceania,0.0
Palau,PLW,2015,9.347826086956522,Oceania,0.0
Palau,PLW,2016,9.347826086956522,Oceania,0.0
Palau,PLW,2017,9.347826086956522,Oceania,0.0
Palau,PLW,2018,9.347826086956522,Oceania,0.0
Palau,PLW,2019,9.347826086956522,Oceania,0.0
Palau,PLW,2020,9.347826086956522,Oceania,0.0
Palau,PLW,2021,9.347826086956522,Oceania,0.0
Palau,PLW,2022,9.347826086956522,Oceania,0.0
Palau,PLW,2023,9.347826086956522,Oceania,0.0
Panama,PAN,1961,21.84557438794727,North America,
Panama,PAN,1962,21.98009147161689,North America,0.13451708366962123
Panama,PAN,1963,22.114608555286523,North America,0.1345170836696319
Panama,PAN,1964,22.16841538875437,North America,0.05380683346784565
Panama,PAN,1965,22.302932472424,North America,0.1345170836696319
Panama,PAN,1966,22.437449556093625,North America,0.13451708366962478
Panama,PAN,1967,22.450901264460587,North America,0.013451708366961412
Panama,PAN,1968,22.58541834813021,North America,0.13451708366962478
Panama,PAN,1969,22.693032015065917,North America,0.10761366693570551
Panama,PAN,1970,22.652676889965026,North America,-0.04035512510089134
Panama,PAN,1971,23.04277643260694,North America,0.39009954264191293
Panama,PAN,1972,23.44632768361582,North America,0.40355125100888145
Panama,PAN,1973,23.715361850955077,North America,0.26903416733925667
Panama,PAN,1974,24.01129943502825,North America,0.2959375840731724
Panama,PAN,1975,24.293785310734464,North America,0.28248587570621453
Panama,PAN,1976,24.57627118644068,North America,0.2824858757062181
Panama,PAN,1977,24.87220877051385,North America,0.29593758407316884
Panama,PAN,1978,24.885660478880816,North America,0.013451708366964965
Panama,PAN,1979,24.912563895614745,North America,0.02690341673392993
Panama,PAN,1980,24.95291902071563,North America,0.04035512510088424
Panama,PAN,1981,25.31611514662362,North America,0.3631961259079901
Panama,PAN,1982,25.746569814366428,North America,0.43045466774280783
Panama,PAN,1983,26.10976594027441,North America,0.363196125907983
Panama,PAN,1984,26.44605864944848,North America,0.33629270917407084
Panama,PAN,1985,26.8361581920904,North America,0.39009954264192004
Panama,PAN,1986,27.17245090126446,North America,0.3362927091740602
Panama,PAN,1987,27.508743610438525,North America,0.33629270917406373
Panama,PAN,1988,27.845036319612596,North America,0.33629270917407084
Panama,PAN,1989,28.24858757062147,North America,0.40355125100887435
Panama,PAN,1990,28.57142857142857,North America,0.32284100080709877
Panama,PAN,1991,28.7059456550982,North America,0.1345170836696319
Panama,PAN,1992,28.9211729889696,North America,0.21522733387140036
Panama,PAN,1993,28.9211729889696,North America,0.0
Panama,PAN,1994,28.71939736346516,North America,-0.2017756255044425
Panama,PAN,1995,28.67904223836427,North America,-0.04035512510088779
Panama,PAN,1996,28.67904223836427,North America,0.0
Panama,PAN,1997,28.786655905299973,North America,0.10761366693570196
Panama,PAN,1998,28.90772128060264,North America,0.12106537530266692
Panama,PAN,1999,29.01533494753833,North America,0.1076136669356913
Panama,PAN,2000,29.99730965832661,North America,0.981974710788279
Panama,PAN,2001,30.13720742534302,North America,0.13989776701641077
Panama,PAN,2002,30.10223298358892,North America,-0.034974441754101804
Panama,PAN,2003,30.06725854183481,North America,-0.03497444175410891
Panama,PAN,2004,30.03228410008071,North America,-0.034974441754101804
Panama,PAN,2005,29.99730965832661,North America,-0.03497444175409825
Panama,PAN,2006,29.921980091471617,North America,-0.07532956685499315
Panama,PAN,2007,30.02152273338714,North America,0.09954264191552298
Panama,PAN,2008,29.986548291633035,North America,-0.034974441754105356
Panama,PAN,2009,30.018832391713744,North America,0.03228410008070881
Panama,PAN,2010,30.486817325800374,North America,0.4679849340866298
Panama,PAN,2011,30.441216034436376,North America,-0.045601291363997376
Panama,PAN,2012,30.306698950766748,North America,-0.13451708366962833
Panama,PAN,2013,30.17218186709712,North America,-0.13451708366962833
Panama,PAN,2014,30.126821370750136,North America,-0.04536049634698358
Panama,PAN,2015,29.99190501888829,North America,-0.1349163518618468
Panama,PAN,2016,29.85698866702645,North America,-0.1349163518618397
Panama,PAN,2017,29.7220723151646,North America,-0.13491635186185036
Panama,PAN,2018,29.56322458883796,North America,-0.15884772632663768
Panama,PAN,2019,29.428417363170663,North America,-0.13480722566729852
Panama,PAN,2020,29.308438932326773,North America,-0.11997843084389004
Panama,PAN,2021,29.405715826368294,North America,0.09727689404152073
Panama,PAN,2022,29.405715826368294,North America,0.0
Panama,PAN,2023,29.52232677271502,North America,0.11661094634672509
Papua New Guinea,PNG,1961,1.1195512962063332,Oceania,
Papua New Guinea,PNG,1962,1.1416331758159255,Oceania,0.022081879609592292
Papua New Guinea,PNG,1963,1.1504659276597624,Oceania,0.008832751843836917
Papua New Guinea,PNG,1964,1.2145033785275805,Oceania,0.06403745086781809
Papua New Guinea,PNG,1965,1.2145033785275805,Oceania,0.0
Papua New Guinea,PNG,1966,1.2078788146447026,Oceania,-0.00662456388287791
Papua New Guinea,PNG,1967,1.2542507618248466,Oceania,0.046371947180144035
Papua New Guinea,PNG,1968,1.296206333083072,Oceania,0.041955571258225355
Papua New Guinea,PNG,1969,1.3403700923022568,Oceania,0.044163759219184806
Papua New Guinea,PNG,1970,1.3779092876385637,Oceania,0.037539195336306896
Papua New Guinea,PNG,1971,1.4309057987015854,Oceania,0.05299651106302172
Papua New Guinea,PNG,1972,1.452987678311178,Oceania,0.022081879609592514
Papua New Guinea,PNG,1973,1.4949432495694033,Oceania,0.041955571258225355
Papua New Guinea,PNG,1974,1.554564324515303,Oceania,0.05962107494589963
Papua New Guinea,PNG,1975,1.6031444596564062,Oceania,0.048580135141103264
Papua New Guinea,PNG,1976,1.6451000309146313,Oceania,0.04195557125822513
Papua New Guinea,PNG,1977,1.6738064744071015,Oceania,0.0287064434924702
Papua New Guinea,PNG,1978,1.7290111734310825,Oceania,0.05520469902398095
Papua New Guinea,PNG,1979,1.7510930530406748,Oceania,0.022081879609592292
Papua New Guinea,PNG,1980,1.759925804884512,Oceania,0.008832751843837139
Papua New Guinea,PNG,1981,1.7731749326502673,Oceania,0.013249127765755375
Papua New Guinea,PNG,1982,1.7555094289625934,Oceania,-0.017665503687673834
Papua New Guinea,PNG,1983,1.7488848650797155,Oceania,-0.00662456388287791
Papua New Guinea,PNG,1984,1.7820076844941042,Oceania,0.03312281941438866
Papua New Guinea,PNG,1985,1.828379631674248,Oceania,0.04637194718014381
Papua New Guinea,PNG,1986,1.8902088945811064,Oceania,0.06182926290685842
Papua New Guinea,PNG,1987,1.903458022346862,Oceania,0.013249127765755597
Papua New Guinea,PNG,1988,1.9586627213708432,Oceania,0.055204699023981174
Papua New Guinea,PNG,1989,2.0006182926290688,Oceania,0.04195557125822558
Papua New Guinea,PNG,1990,2.049198427770172,Oceania,0.04858013514110304
Papua New Guinea,PNG,1991,2.060239367574968,Oceania,0.011040939804796146
Papua New Guinea,PNG,1992,2.080113059223601,Oceania,0.019873691648633063
Papua New Guinea,PNG,1993,2.144150510091419,Oceania,0.06403745086781809
Papua New Guinea,PNG,1994,2.1596078258181337,Oceania,0.015457315726714604
Papua New Guinea,PNG,1995,2.1949388331934814,Oceania,0.03533100737534767
Papua New Guinea,PNG,1996,2.243518968334585,Oceania,0.048580135141103487
Papua New Guinea,PNG,1997,2.258976284061299,Oceania,0.01545731572671416
Papua New Guinea,PNG,1998,2.349511990460628,Oceania,0.09053570639932884
Papua New Guinea,PNG,1999,2.3870511857969348,Oceania,0.037539195336306896
Papua New Guinea,PNG,2000,2.40250850152365,Oceania,0.015457315726715048
Papua New Guinea,PNG,2001,2.413549441328446,Oceania,0.011040939804796146
Papua New Guinea,PNG,2002,2.4356313209380382,Oceania,0.022081879609592292
Papua New Guinea,PNG,2003,2.4466722607428344,Oceania,0.011040939804796146
Papua New Guinea,PNG,2004,2.4797950801572237,Oceania,0.033122819414389326
Papua New Guinea,PNG,2005,2.501876959766816,Oceania,0.022081879609592292
Papua New Guinea,PNG,2006,2.5416243430640817,Oceania,0.03974738329726568
Papua New Guinea,PNG,2007,2.676323808682595,Oceania,0.13469946561851343
Papua New Guinea,PNG,2008,2.7491940113942497,Oceania,0.07287020271165456
Papua New Guinea,PNG,2009,2.797774146535353,Oceania,0.048580135141103487
Papua New Guinea,PNG,2010,2.797774146535353,Oceania,0.0
Papua New Guinea,PNG,2011,2.8397297177935785,Oceania,0.041955571258225355
Papua New Guinea,PNG,2012,2.8397297177935785,Oceania,0.0
Papua New Guinea,PNG,2013,2.8397297177935785,Oceania,0.0
Papua New Guinea,PNG,2014,2.8816852890518043,Oceania,0.0419555712582258
Papua New Guinea,PNG,2015,2.9192244843881108,Oceania,0.03753919533630645
Papua New Guinea,PNG,2016,2.9324736121538666,Oceania,0.01324912776575582
Papua New Guinea,PNG,2017,3.102504085147728,Oceania,0.17003047299386154
Papua New Guinea,PNG,2018,3.102504085147728,Oceania,0.0
Papua New Guinea,PNG,2019,3.102504085147728,Oceania,0.0
Papua New Guinea,PNG,2020,3.102504085147728,Oceania,0.0
Papua New Guinea,PNG,2021,3.102504085147728,Oceania,0.0
Papua New Guinea,PNG,2022,3.102504085147728,Oceania,0.0
Papua New Guinea,PNG,2023,3.102504085147728,Oceania,0.0
Paraguay,PRY,1961,26.204379562043798,South America,
Paraguay,PRY,1962,26.43845960231563,South America,0.23408004027183082
Paraguay,PRY,1963,26.69015857034986,South America,0.25169896803422986
Paraguay,PRY,1964,26.977095393908883,South America,0.2869368235590244
Paraguay,PRY,1965,27.241379310344826,South America,0.26428391643594296
Paraguay,PRY,1966,27.51069720614145,South America,0.26931789579662535
Paraguay,PRY,1967,27.717090359929525,South America,0.2063931537880741
Paraguay,PRY,1968,27.913415554996224,South America,0.19632519506669865
Paraguay,PRY,1969,28.11980870878429,South America,0.206393153788067
Paraguay,PRY,1970,28.326201862572365,South America,0.2063931537880741
Paraguay,PRY,1971,28.532595016360435,South America,0.20639315378807055
Paraguay,PRY,1972,28.738988170148502,South America,0.206393153788067
Paraguay,PRY,1973,28.942864334256228,South America,0.2038761641077258
Paraguay,PRY,1974,29.44122829096401,South America,0.4983639567077809
Paraguay,PRY,1975,29.94966020639315,South America,0.5084319154291421
Paraguay,PRY,1976,30.4580921218223,South America,0.5084319154291492
Paraguay,PRY,1977,30.941354140448023,South America,0.48326201862572304
Paraguay,PRY,1978,31.449786055877173,South America,0.5084319154291492
Paraguay,PRY,1979,31.933048074502896,South America,0.48326201862572304
Paraguay,PRY,1980,32.44147998993204,South America,0.5084319154291457
Paraguay,PRY,1981,32.965013843443245,South America,0.5235338535112035
Paraguay,PRY,1982,33.25698464636295,South America,0.2919708029197068
Paraguay,PRY,1983,33.56405738736471,South America,0.3070727410017611
Paraguay,PRY,1984,33.871130128366474,South America,0.3070727410017611
Paraguay,PRY,1985,34.1630606594513,South America,0.29193053108482303
Paraguay,PRY,1986,34.504772212433934,South America,0.34171155298263756
Paraguay,PRY,1987,34.79419330480745,South America,0.2894210923735159
Paraguay,PRY,1988,35.08677573621949,South America,0.2925824314120362
Paraguay,PRY,1989,35.396584445003775,South America,0.30980870878428846
Paraguay,PRY,1990,35.875754341807195,South America,0.4791698968034197
Paraguay,PRY,1991,36.31322023659703,South America,0.4374658947898382
Paraguay,PRY,1992,37.10576793355147,South America,0.7925476969544363
Paraguay,PRY,1993,37.48227762396174,South America,0.3765096904102734
Paraguay,PRY,1994,38.23430430405235,South America,0.7520266800906086
Paraguay,PRY,1995,38.96690989176945,South America,0.7326055877170958
Paraguay,PRY,1996,39.33893405487037,South America,0.37202416310092445
Paraguay,PRY,1997,39.712176440976585,South America,0.3732423861062131
Paraguay,PRY,1998,40.70821016863831,South America,0.9960337276617253
Paraguay,PRY,1999,41.35100956456078,South America,0.6427993959224736
Paraguay,PRY,2000,41.8709622451548,South America,0.5199526805940167
Paraguay,PRY,2001,42.49432041278631,South America,0.6233581676315083
Paraguay,PRY,2002,43.12831563050592,South America,0.6339952177196082
Paraguay,PRY,2003,43.69554543166373,South America,0.567229801157815
Paraguay,PRY,2004,44.23635212685628,South America,0.5408066951925505
Paraguay,PRY,2005,44.7846566826076,South America,0.5483045557513151
Paraguay,PRY,2006,45.34398842184748,South America,0.5593317392398802
Paraguay,PRY,2007,45.84820286936824,South America,0.5042144475207593
Paraguay,PRY,2008,46.683370249181976,South America,0.8351673798137398
Paraguay,PRY,2009,46.8934983639567,South America,0.21012811477472582
Paraguay,PRY,2010,47.44736571860055,South America,0.5538673546438488
Paraguay,PRY,2011,47.98795570098163,South America,0.5405899823810785
Paraguay,PRY,2012,48.539298514976096,South America,0.5513428139944665
Paraguay,PRY,2013,49.08693606846212,South America,0.5476375534860267
Paraguay,PRY,2014,49.63414850239114,South America,0.547212433929019
Paraguay,PRY,2015,50.149581928014086,South America,0.5154334256229447
Paraguay,PRY,2016,50.667849484017125,South America,0.518267556003039
Paraguay,PRY,2017,51.18466473697458,South America,0.516815252957457
Paraguay,PRY,2018,51.70953435690914,South America,0.5248696199345559
Paraguay,PRY,2019,52.23535539894287,South America,0.5258210420337335
Paraguay,PRY,2020,52.75400302038761,South America,0.5186476214447353
Paraguay,PRY,2021,53.27118323684873,South America,0.5171802164611208
Paraguay,PRY,2022,54.1069405157129,South America,0.8357572788641718
Paraguay,PRY,2023,54.10694215526736,South America,1.6395544619740576e-06
Peru,PER,1961,13.34765625,South America,
Peru,PER,1962,13.459375,South America,0.11171874999999964
Peru,PER,1963,13.85,South America,0.390625
Peru,PER,1964,13.86484375,South America,0.01484375000000071
Peru,PER,1965,13.92890625,South America,0.06406250000000036
Peru,PER,1966,13.8703125,South America,-0.05859375
Peru,PER,1967,13.87734375,South America,0.007031249999998934
Peru,PER,1968,13.91328125,South America,0.035937500000001066
Peru,PER,1969,13.94375,South America,0.030468749999998934
Peru,PER,1970,14.0171875,South America,0.07343750000000071
Peru,PER,1971,14.02421875,South America,0.007031249999998934
Peru,PER,1972,14.503906250000002,South America,0.4796875000000025
Peru,PER,1973,14.682036015625002,South America,0.17812976562500005
Peru,PER,1974,14.860165703125,South America,0.17812968749999847
Peru,PER,1975,15.03829546875,South America,0.17812976562500005
Peru,PER,1976,15.21642515625,South America,0.17812968750000024
Peru,PER,1977,15.394554921875,South America,0.17812976562500005
Peru,PER,1978,15.5726846875,South America,0.17812976562500005
Peru,PER,1979,15.750814375,South America,0.17812968749999847
Peru,PER,1980,15.928944140625,South America,0.17812976562500005
Peru,PER,1981,16.10707390625,South America,0.17812976562500182
Peru,PER,1982,16.28520359375,South America,0.17812968750000024
Peru,PER,1983,16.463333359375,South America,0.17812976562499827
Peru,PER,1984,16.641463046875,South America,0.17812968750000024
Peru,PER,1985,16.8195928125,South America,0.17812976562500182
Peru,PER,1986,16.997722500000002,South America,0.17812968750000024
Peru,PER,1987,17.175852265625,South America,0.17812976562499827
Peru,PER,1988,17.353982031250002,South America,0.17812976562500182
Peru,PER,1989,17.53211171875,South America,0.1781296874999967
Peru,PER,1990,17.710241484375,South America,0.17812976562500182
Peru,PER,1991,17.647876406250003,South America,-0.06236507812499781
Peru,PER,1992,17.585511328125,South America,-0.06236507812500136
Peru,PER,1993,17.523146328125,South America,-0.06236499999999978
Peru,PER,1994,17.46078125,South America,-0.06236507812500136
Peru,PER,1995,17.53474953125,South America,0.07396828124999999
Peru,PER,1996,17.608717734375,South America,0.07396820312499841
Peru,PER,1997,17.6826859375,South America,0.07396820312500196
Peru,PER,1998,17.756654218749997,South America,0.07396828124999644
Peru,PER,1999,17.830622421875,South America,0.07396820312500196
Peru,PER,2000,17.904590703125002,South America,0.07396828125000354
Peru,PER,2001,17.97855890625,South America,0.07396820312499841
Peru,PER,2002,18.0525271875,South America,0.07396828124999999
Peru,PER,2003,18.126495390625,South America,0.07396820312499841
Peru,PER,2004,18.200463671875,South America,0.07396828124999999
Peru,PER,2005,18.274431875,South America,0.07396820312500196
Peru,PER,2006,18.34840015625,South America,0.07396828124999999
Peru,PER,2007,18.422368359375,South America,0.07396820312499841
Peru,PER,2008,18.496336640625,South America,0.07396828124999999
Peru,PER,2009,18.57030484375,South America,0.07396820312500196
Peru,PER,2010,18.644273125,South America,0.07396828124999999
Peru,PER,2011,18.718241328125,South America,0.07396820312499841
Peru,PER,2012,18.792209609375004,South America,0.07396828125000354
Peru,PER,2013,18.76575328125,South America,-0.02645632812500409
Peru,PER,2014,18.75578140625,South America,-0.009971874999997965
Peru,PER,2015,18.995159375,South America,0.23937796874999862
Peru,PER,2016,18.75,South America,-0.24515937500000007
Peru,PER,2017,18.945396875,South America,0.19539687500000014
Peru,PER,2018,18.82389765625,South America,-0.12149921874999947
Peru,PER,2019,18.6431953125,South America,-0.18070234374999927
Peru,PER,2020,19.125773046875,South America,0.48257773437499907
Peru,PER,2021,19.60835078125,South America,0.48257773437499907
Peru,PER,2022,19.05121875,South America,-0.5571320312499992
Peru,PER,2023,19.05121875,South America,0.0
Philippines,PHL,1961,25.859987929993967,Asia,
Philippines,PHL,1962,26.1248575068732,Asia,0.26486957687923507
Philippines,PHL,1963,26.3930798632066,Asia,0.26822235633339986
Philippines,PHL,1964,27.331858110373496,Asia,0.9387782471668942
Philippines,PHL,1965,27.26480252129015,Asia,-0.06705558908334552
Philippines,PHL,1966,27.258096962381817,Asia,-0.006705558908333131
Philippines,PHL,1967,27.844833366861128,Asia,0.5867364044793106
Philippines,PHL,1968,27.76436665996111,Asia,-0.08046670690001889
Philippines,PHL,1969,27.670488835244416,Asia,-0.09387782471669226
Philippines,PHL,1970,27.86159726413197,Asia,0.19110842888755286
Philippines,PHL,1971,27.75766110105277,Asia,-0.10393616307920084
Philippines,PHL,1972,28.263930798632064,Asia,0.5062696975792953
Philippines,PHL,1973,28.823391342252624,Asia,0.5594605436205597
Philippines,PHL,1974,29.71930648244408,Asia,0.8959151401914554
Philippines,PHL,1975,30.828051111781868,Asia,1.1087446293377887
Philippines,PHL,1976,32.44457859610289,Asia,1.6165274843210256
Philippines,PHL,1977,33.83975584398162,Asia,1.3951772478787277
Philippines,PHL,1978,34.00744541704397,Asia,0.1676895730623471
Philippines,PHL,1979,34.85930844820069,Asia,0.851863031156725
Philippines,PHL,1980,35.63403427574873,Asia,0.7747258275480391
Philippines,PHL,1981,35.784954891504846,Asia,0.15092061575611382
Philippines,PHL,1982,36.01972029379213,Asia,0.23476540228728737
Philippines,PHL,1983,36.153871952242014,Asia,0.13415165844988053
Philippines,PHL,1984,36.28802361069189,Asia,0.13415165844987342
Philippines,PHL,1985,36.58986484220412,Asia,0.30184123151223474
Philippines,PHL,1986,36.8246302444914,Asia,0.23476540228728027
Philippines,PHL,1987,36.95878190294128,Asia,0.13415165844988053
Philippines,PHL,1988,37.09293356139115,Asia,0.13415165844986632
Philippines,PHL,1989,37.22708521984103,Asia,0.13415165844988053
Philippines,PHL,1990,37.36123687829091,Asia,0.13415165844988053
Philippines,PHL,1991,37.418251333132105,Asia,0.057014454841194606
Philippines,PHL,1992,37.27739209175974,Asia,-0.14085924137236816
Philippines,PHL,1993,37.10970251869738,Asia,-0.1676895730623542
Philippines,PHL,1994,36.94201294563504,Asia,-0.16768957306234
Philippines,PHL,1995,36.94201294563504,Asia,0.0
Philippines,PHL,1996,37.24385417714727,Asia,0.30184123151222764
Philippines,PHL,1997,38.01522621323406,Asia,0.7713720360867882
Philippines,PHL,1998,37.84753664017171,Asia,-0.1676895730623471
Philippines,PHL,1999,37.67984706710937,Asia,-0.16768957306234
Philippines,PHL,2000,37.67649327564812,Asia,-0.003353791461250921
Philippines,PHL,2001,37.50880370258577,Asia,-0.1676895730623471
Philippines,PHL,2002,37.34446792098468,Asia,-0.1643357816010962
Philippines,PHL,2003,37.6966160244156,Asia,0.3521481034309204
Philippines,PHL,2004,38.4679880605024,Asia,0.7713720360868024
Philippines,PHL,2005,38.082302042459,Asia,-0.3856860180434012
Philippines,PHL,2006,38.83690512123956,Asia,0.754603078780562
Philippines,PHL,2007,39.541201328101415,Asia,0.704296206861855
Philippines,PHL,2008,40.279035449575744,Asia,0.7378341214743287
Philippines,PHL,2009,40.58087668108797,Asia,0.30184123151222764
Philippines,PHL,2010,40.58087668108797,Asia,0.0
Philippines,PHL,2011,41.11748331488748,Asia,0.5366066337995079
Philippines,PHL,2012,41.68762786329946,Asia,0.5701445484119816
Philippines,PHL,2013,41.81842573028809,Asia,0.1307978669886296
Philippines,PHL,2014,41.91568568266425,Asia,0.09725995237615592
Philippines,PHL,2015,42.01294563504041,Asia,0.09725995237616303
Philippines,PHL,2016,42.11020558741658,Asia,0.09725995237617013
Philippines,PHL,2017,42.22423449709897,Asia,0.11402890968238921
Philippines,PHL,2018,42.301371700707655,Asia,0.07713720360868592
Philippines,PHL,2019,42.378508904316334,Asia,0.07713720360867882
Philippines,PHL,2020,42.45564610792501,Asia,0.07713720360867882
Philippines,PHL,2021,42.536137102994935,Asia,0.08049099506992263
Philippines,PHL,2022,42.39259482845357,Asia,-0.14354227454136748
Philippines,PHL,2023,42.66894724486032,Asia,0.2763524164067519
Poland,POL,1961,66.34888504358615,Europe,
Poland,POL,1962,66.15299226223513,Europe,-0.19589278135102006
Poland,POL,1963,65.89833164647882,Europe,-0.2546606157563076
Poland,POL,1964,65.72202814326292,Europe,-0.17630350321590527
Poland,POL,1965,65.12129028045317,Europe,-0.6007378628097513
Poland,POL,1966,65.12455516014235,Europe,0.003264879689183431
Poland,POL,1967,64.70665055992687,Europe,-0.41790460021547915
Poland,POL,1968,64.56952561298117,Europe,-0.1371249469457041
Poland,POL,1969,63.8512520813608,Europe,-0.718273531620369
Poland,POL,1970,63.80554376571224,Europe,-0.04570831564856093
Poland,POL,1971,63.69127297659082,Europe,-0.11427078912142008
Poland,POL,1972,63.24398445917267,Europe,-0.44728851741814424
Poland,POL,1973,63.09706487315943,Europe,-0.14691958601324018
Poland,POL,1974,62.87178817460577,Europe,-0.22527669855366383
Poland,POL,1975,62.76404714486271,Europe,-0.10774102974306032
Poland,POL,1976,62.68242515263312,Europe,-0.08162199222958577
Poland,POL,1977,62.551829965065785,Europe,-0.13059518756733723
Poland,POL,1978,62.39511573998499,Europe,-0.15671422508079758
Poland,POL,1979,62.18942831956642,Europe,-0.20568742041857035
Poland,POL,1980,62.055568252309904,Europe,-0.13386006725651356
Poland,POL,1981,61.73887492245911,Europe,-0.3166933298507928
Poland,POL,1982,61.67684220836463,Europe,-0.06203271409447808
Poland,POL,1983,61.63766365209442,Europe,-0.03917855627021538
Poland,POL,1984,61.83355643344542,Europe,0.19589278135100585
Poland,POL,1985,61.75193444121584,Europe,-0.08162199222958577
Poland,POL,1986,61.63766365209442,Europe,-0.11427078912142008
Poland,POL,1987,61.60501485520259,Europe,-0.0326487968918272
Poland,POL,1988,61.4450357504326,Europe,-0.1599791047699881
Poland,POL,1989,61.40259231447322,Europe,-0.0424434359593846
Poland,POL,1990,61.35688399882464,Europe,-0.04570831564857514
Poland,POL,1991,61.2262888112573,Europe,-0.13059518756734434
Poland,POL,1992,61.19364001436547,Europe,-0.0326487968918272
Poland,POL,1993,61.102223383068335,Europe,-0.09141663129713606
Poland,POL,1994,61.07610434555488,Europe,-0.026119037513453236
Poland,POL,1995,60.79858957197427,Europe,-0.27751477358061294
Poland,POL,1996,60.31538737797513,Europe,-0.48320219399914066
Poland,POL,1997,60.259884423259,Europe,-0.05550295471612543
Poland,POL,1998,60.21417610761044,Europe,-0.04570831564856093
Poland,POL,1999,60.18805707009697,Europe,-0.026119037513474552
Poland,POL,2000,60.11622971693493,Europe,-0.07182735316203548
Poland,POL,2001,58.07567991119528,Europe,-2.0405498057396514
Poland,POL,2002,55.17320186751118,Europe,-2.9024780436840985
Poland,POL,2003,52.79845872518286,Europe,-2.3747431423283203
Poland,POL,2004,53.29873012764013,Europe,0.5002714024572654
Poland,POL,2005,51.92439526001371,Europe,-1.3743348676264162
Poland,POL,2006,52.092582919822405,Europe,0.16818765980869443
Poland,POL,2007,50.49947767041003,Europe,-1.5931052494123747
Poland,POL,2008,50.93372510610512,Europe,0.4342474356950916
Poland,POL,2009,50.99582081755256,Europe,0.06209571144744075
Poland,POL,2010,47.17578686169518,Europe,-3.820033955857383
Poland,POL,2011,48.261110929693366,Europe,1.0853240679981866
Poland,POL,2012,47.44628045196264,Europe,-0.8148304777307231
Poland,POL,2013,47.05920773325495,Europe,-0.38707271870769233
Poland,POL,2014,47.108004833600056,Europe,0.04879710034510509
Poland,POL,2015,46.93490969659362,Europe,-0.17309513700643464
Poland,POL,2016,46.94470753453738,Europe,0.00979783794375777
Poland,POL,2017,47.23211078088768,Europe,0.28740324635030134
Poland,POL,2018,47.39850409902996,Europe,0.16639331814227631
Poland,POL,2019,47.44372937832805,Europe,0.04522527929809428
Poland,POL,2020,48.12661287688237,Europe,0.6828834985543182
Poland,POL,2021,47.36916040509637,Europe,-0.7574524717859958
Poland,POL,2022,46.313175863308174,Europe,-1.0559845417881988
Poland,POL,2023,47.605054363796654,Europe,1.2918785004884796
Portugal,PRT,1961,42.349726775956285,Europe,
Portugal,PRT,1962,42.41530054644809,Europe,0.06557377049180246
Portugal,PRT,1963,42.48087431693989,Europe,0.06557377049180246
Portugal,PRT,1964,42.54644808743169,Europe,0.06557377049180246
Portugal,PRT,1965,42.6120218579235,Europe,0.06557377049180957
Portugal,PRT,1966,42.6775956284153,Europe,0.06557377049179536
Portugal,PRT,1967,42.74316939890711,Europe,0.06557377049181667
Portugal,PRT,1968,42.76502732240437,Europe,0.021857923497258014
Portugal,PRT,1969,42.87431693989071,Europe,0.10928961748633981
Portugal,PRT,1970,42.939890710382514,Europe,0.06557377049180246
Portugal,PRT,1971,43.00546448087432,Europe,0.06557377049180957
Portugal,PRT,1972,43.071038251366126,Europe,0.06557377049180246
Portugal,PRT,1973,43.12568306010929,Europe,0.0546448087431628
Portugal,PRT,1974,43.18032786885246,Europe,0.054644808743169904
Portugal,PRT,1975,43.23497267759563,Europe,0.054644808743169904
Portugal,PRT,1976,43.2896174863388,Europe,0.054644808743169904
Portugal,PRT,1977,43.34426229508196,Europe,0.0546448087431628
Portugal,PRT,1978,43.39890710382514,Europe,0.05464480874317701
Portugal,PRT,1979,43.45355191256831,Europe,0.054644808743169904
Portugal,PRT,1980,43.486338797814206,Europe,0.03278688524589768
Portugal,PRT,1981,43.51912568306011,Europe,0.032786885245904784
Portugal,PRT,1982,43.55191256830601,Europe,0.03278688524589768
Portugal,PRT,1983,43.58469945355191,Europe,0.032786885245904784
Portugal,PRT,1984,43.61748633879781,Europe,0.03278688524589768
Portugal,PRT,1985,43.65027322404372,Europe,0.03278688524591189
Portugal,PRT,1986,43.68306010928962,Europe,0.03278688524589768
Portugal,PRT,1987,43.72677595628415,Europe,0.04371584699453024
Portugal,PRT,1988,43.77049180327869,Europe,0.043715846994537344
Portugal,PRT,1989,43.77049180327869,Europe,0.0
Portugal,PRT,1990,43.31147540983606,Europe,-0.45901639344262435
Portugal,PRT,1991,42.841530054644814,Europe,-0.4699453551912498
Portugal,PRT,1992,42.38251366120219,Europe,-0.45901639344262435
Portugal,PRT,1993,43.267759562841526,Europe,0.8852459016393368
Portugal,PRT,1994,43.19125683060109,Europe,-0.07650273224043502
Portugal,PRT,1995,42.885245901639344,Europe,-0.3060109289617472
Portugal,PRT,1996,40.76502732240437,Europe,-2.1202185792349724
Portugal,PRT,1997,39.14754098360656,Europe,-1.6174863387978107
Portugal,PRT,1998,40.68306010928961,Europe,1.5355191256830523
Portugal,PRT,1999,42.21857923497267,Europe,1.5355191256830594
Portugal,PRT,2000,43.23912568306011,Europe,1.0205464480874369
Portugal,PRT,2001,42.11825136612022,Europe,-1.12087431693989
Portugal,PRT,2002,42.37945355191257,Europe,0.26120218579234944
Portugal,PRT,2003,41.67956284153006,Europe,-0.6998907103825118
Portugal,PRT,2004,42.29081967213115,Europe,0.6112568306010928
Portugal,PRT,2005,41.80485405050836,Europe,-0.485965621622789
Portugal,PRT,2006,41.08079151634416,Europe,-0.7240625341641973
Portugal,PRT,2007,40.02317699792282,Europe,-1.057614518421346
Portugal,PRT,2008,40.73313654750192,Europe,0.7099595495791036
Portugal,PRT,2009,40.34916475597773,Europe,-0.38397179152418914
Portugal,PRT,2010,39.89704116169888,Europe,-0.4521235942788522
Portugal,PRT,2011,39.84452451140954,Europe,-0.05251665028934127
Portugal,PRT,2012,40.00884376023584,Europe,0.16431924882630256
Portugal,PRT,2013,40.40272822940182,Europe,0.3938844691659824
Portugal,PRT,2014,39.99624477106203,Europe,-0.4064834583397925
Portugal,PRT,2015,39.72224405494861,Europe,-0.27400071611342014
Portugal,PRT,2016,39.50664588191116,Europe,-0.21559817303744921
Portugal,PRT,2017,40.1000899508327,Europe,0.593444068921535
Portugal,PRT,2018,40.79190027683897,Europe,0.6918103260062765
Portugal,PRT,2019,43.12531657453256,Europe,2.3334162976935886
Portugal,PRT,2020,43.16609028269014,Europe,0.0407737081575803
Portugal,PRT,2021,43.253856751115656,Europe,0.08776646842551372
Portugal,PRT,2022,42.78949649366414,Europe,-0.4643602574515171
Portugal,PRT,2023,43.33752194189002,Europe,0.5480254482258786
Post-demographic dividend,PST,1961,39.04176403026667,Other,
Post-demographic dividend,PST,1962,39.01030623316053,Other,-0.03145779710614249
Post-demographic dividend,PST,1963,39.020972071116766,Other,0.010665837956238988
Post-demographic dividend,PST,1964,39.04344078128143,Other,0.02246871016466656
Post-demographic dividend,PST,1965,39.06812093288861,Other,0.024680151607178402
Post-demographic dividend,PST,1966,39.06661203262382,Other,-0.0015089002647883376
Post-demographic dividend,PST,1967,39.137798678662335,Other,0.07118664603851244
Post-demographic dividend,PST,1968,39.911267378388814,Other,0.7734686997264788
Post-demographic dividend,PST,1969,39.801801593259086,Other,-0.10946578512972849
Post-demographic dividend,PST,1970,39.29209338425975,Other,-0.509708208999335
Post-demographic dividend,PST,1971,39.33936647650794,Other,0.047273092248190096
Post-demographic dividend,PST,1972,39.27964289207726,Other,-0.059723584430678045
Post-demographic dividend,PST,1973,39.12861050531233,Other,-0.15103238676493191
Post-demographic dividend,PST,1974,39.11321649675893,Other,-0.01539400855340034
Post-demographic dividend,PST,1975,39.09210286946095,Other,-0.02111362729797861
Post-demographic dividend,PST,1976,39.13213693196141,Other,0.040034062500460266
Post-demographic dividend,PST,1977,38.809644195406456,Other,-0.32249273655495614
Post-demographic dividend,PST,1978,38.8799591346118,Other,0.07031493920534615
Post-demographic dividend,PST,1979,38.75436917898012,Other,-0.12558995563168196
Post-demographic dividend,PST,1980,38.81276508490932,Other,0.05839590592920274
Post-demographic dividend,PST,1981,38.80551110877235,Other,-0.00725397613697254
Post-demographic dividend,PST,1982,38.728349702951085,Other,-0.07716140582126485
Post-demographic dividend,PST,1983,38.4578270385685,Other,-0.27052266438258243
Post-demographic dividend,PST,1984,38.532119266104,Other,0.07429222753549425
Post-demographic dividend,PST,1985,38.52314418311156,Other,-0.008975082992435546
Post-demographic dividend,PST,1986,37.91220408599665,Other,-0.6109400971149128
Post-demographic dividend,PST,1987,37.848412651556224,Other,-0.06379143444042512
Post-demographic dividend,PST,1988,37.868407140040986,Other,0.019994488484762485
Post-demographic dividend,PST,1989,37.7001086129962,Other,-0.168298527044783
Post-demographic dividend,PST,1990,37.58756558646155,Other,-0.11254302653465231
Post-demographic dividend,PST,1991,37.46047593865282,Other,-0.1270896478087309
Post-demographic dividend,PST,1992,38.22545713911389,Other,0.7649812004610723
Post-demographic dividend,PST,1993,37.95708222454391,Other,-0.2683749145699821
Post-demographic dividend,PST,1994,38.16600623464296,Other,0.2089240100990466
Post-demographic dividend,PST,1995,37.91658073947152,Other,-0.24942549517143675
Post-demographic dividend,PST,1996,37.83559618436576,Other,-0.08098455510575775
Post-demographic dividend,PST,1997,37.670360066447145,Other,-0.16523611791861725
Post-demographic dividend,PST,1998,37.679516675789415,Other,0.009156609342269917
Post-demographic dividend,PST,1999,37.30660053528396,Other,-0.37291614050545263
Post-demographic dividend,PST,2000,37.3012707217292,Other,-0.005329813554759255
Post-demographic dividend,PST,2001,37.27802967041373,Other,-0.02324105131547327
Post-demographic dividend,PST,2002,36.91712162363492,Other,-0.3609080467788104
Post-demographic dividend,PST,2003,36.62596837719996,Other,-0.2911532464349591
Post-demographic dividend,PST,2004,35.18932906349574,Other,-1.4366393137042195
Post-demographic dividend,PST,2005,35.66677829458238,Other,0.47744923108663784
Post-demographic dividend,PST,2006,35.56376139796024,Other,-0.10301689662213676
Post-demographic dividend,PST,2007,35.14359010353523,Other,-0.42017129442501044
Post-demographic dividend,PST,2008,34.85824905787223,Other,-0.285341045663003
Post-demographic dividend,PST,2009,34.633535193957336,Other,-0.2247138639148929
Post-demographic dividend,PST,2010,34.32418755161443,Other,-0.3093476423429067
Post-demographic dividend,PST,2011,34.8933965645195,Other,0.5692090129050698
Post-demographic dividend,PST,2012,34.66721947198529,Other,-0.2261770925342077
Post-demographic dividend,PST,2013,34.188594678720634,Other,-0.47862479326465746
Post-demographic dividend,PST,2014,34.234487654896114,Other,0.04589297617548027
Post-demographic dividend,PST,2015,33.38955028286698,Other,-0.8449373720291362
Post-demographic dividend,PST,2016,33.200744550259905,Other,-0.18880573260707223
Post-demographic dividend,PST,2017,34.147987797995654,Other,0.9472432477357486
Post-demographic dividend,PST,2018,33.66133223015361,Other,-0.48665556784204256
Post-demographic dividend,PST,2019,33.75750410281328,Other,0.0961718726596672
Post-demographic dividend,PST,2020,33.42659055954462,Other,-0.3309135432686574
Post-demographic dividend,PST,2021,33.82399483840867,Other,0.3974042788640517
Post-demographic dividend,PST,2022,33.78371470306315,Other,-0.04028013534552599
Pre-demographic dividend,PRE,1961,33.84568657539766,Other,
Pre-demographic dividend,PRE,1962,33.891424799165165,Other,0.04573822376750769
Pre-demographic dividend,PRE,1963,33.99447926578255,Other,0.10305446661738671
Pre-demographic dividend,PRE,1964,34.058981336098164,Other,0.06450207031561206
Pre-demographic dividend,PRE,1965,34.10480090166737,Other,0.045819565569203746
Pre-demographic dividend,PRE,1966,34.13273092917718,Other,0.027930027509810884
Pre-demographic dividend,PRE,1967,34.14914891547185,Other,0.016417986294669618
Pre-demographic dividend,PRE,1968,34.236685915675515,Other,0.0875370002036675
Pre-demographic dividend,PRE,1969,34.282485137315305,Other,0.04579922163978978
Pre-demographic dividend,PRE,1970,34.31104051878773,Other,0.028555381472422425
Pre-demographic dividend,PRE,1971,34.4076879138349,Other,0.0966473950471709
Pre-demographic dividend,PRE,1972,34.44432275771206,Other,0.03663484387715954
Pre-demographic dividend,PRE,1973,34.475142143243986,Other,0.030819385531927423
Pre-demographic dividend,PRE,1974,34.47043873730023,Other,-0.0047034059437578435
Pre-demographic dividend,PRE,1975,34.55606837565286,Other,0.0856296383526356
Pre-demographic dividend,PRE,1976,34.59920923600766,Other,0.04314086035479647
Pre-demographic dividend,PRE,1977,34.61881315757208,Other,0.019603921564417703
Pre-demographic dividend,PRE,1978,34.700805614206146,Other,0.08199245663406884
Pre-demographic dividend,PRE,1979,34.73110326687179,Other,0.030297652665645103
Pre-demographic dividend,PRE,1980,34.7950849071008,Other,0.06398164022900943
Pre-demographic dividend,PRE,1981,34.86877899416624,Other,0.07369408706544078
Pre-demographic dividend,PRE,1982,34.919698828393315,Other,0.05091983422707358
Pre-demographic dividend,PRE,1983,34.99564407672342,Other,0.07594524833010752
Pre-demographic dividend,PRE,1984,35.059369385416524,Other,0.06372530869310111
Pre-demographic dividend,PRE,1985,35.23860368759017,Other,0.1792343021736471
Pre-demographic dividend,PRE,1986,35.33093252615704,Other,0.09232883856687124
Pre-demographic dividend,PRE,1987,35.35024026311843,Other,0.019307736961387434
Pre-demographic dividend,PRE,1988,35.44153580492822,Other,0.09129554180979227
Pre-demographic dividend,PRE,1989,35.47010449021963,Other,0.0285686852914111
Pre-demographic dividend,PRE,1990,35.598956544950504,Other,0.1288520547308707
Pre-demographic dividend,PRE,1991,35.75366967889903,Other,0.15471313394852615
Pre-demographic dividend,PRE,1992,35.95023442930776,Other,0.1965647504087329
Pre-demographic dividend,PRE,1993,36.349521125338725,Other,0.3992866960309627
Pre-demographic dividend,PRE,1994,36.54193975587968,Other,0.19241863054095631
Pre-demographic dividend,PRE,1995,36.80767048764764,Other,0.2657307317679596
Pre-demographic dividend,PRE,1996,36.91865358071036,Other,0.11098309306272114
Pre-demographic dividend,PRE,1997,37.05961340749001,Other,0.1409598267796497
Pre-demographic dividend,PRE,1998,37.21627211562983,Other,0.15665870813981542
Pre-demographic dividend,PRE,1999,37.43745238106881,Other,0.2211802654389814
Pre-demographic dividend,PRE,2000,37.60660171577947,Other,0.16914933471066007
Pre-demographic dividend,PRE,2001,37.73804076908407,Other,0.1314390533046037
Pre-demographic dividend,PRE,2002,37.84641165093706,Other,0.10837088185298427
Pre-demographic dividend,PRE,2003,38.04401620124264,Other,0.19760455030558433
Pre-demographic dividend,PRE,2004,38.06951271004014,Other,0.02549650879749521
Pre-demographic dividend,PRE,2005,38.46311849881042,Other,0.3936057887702802
Pre-demographic dividend,PRE,2006,38.56894768056694,Other,0.10582918175652622
Pre-demographic dividend,PRE,2007,38.7299176879872,Other,0.16097000742025358
Pre-demographic dividend,PRE,2008,38.85809447512837,Other,0.12817678714117164
Pre-demographic dividend,PRE,2009,39.07917019121358,Other,0.2210757160852097
Pre-demographic dividend,PRE,2010,39.3249195786338,Other,0.24574938742022567
Pre-demographic dividend,PRE,2011,39.57019007176838,Other,0.24527049313457638
Pre-demographic dividend,PRE,2012,41.82355170357627,Other,2.2533616318078913
Pre-demographic dividend,PRE,2013,42.041698499302754,Other,0.21814679572648288
Pre-demographic dividend,PRE,2014,42.21653372708665,Other,0.1748352277838947
Pre-demographic dividend,PRE,2015,42.39678637378358,Other,0.1802526466969283
Pre-demographic dividend,PRE,2016,42.50339627039647,Other,0.10660989661289477
Pre-demographic dividend,PRE,2017,42.65255262209936,Other,0.1491563517028851
Pre-demographic dividend,PRE,2018,42.86970653344255,Other,0.21715391134319617
Pre-demographic dividend,PRE,2019,42.95582798925516,Other,0.08612145581260933
Pre-demographic dividend,PRE,2020,43.048751526999126,Other,0.09292353774396389
Pre-demographic dividend,PRE,2021,43.19167968503011,Other,0.14292815803098335
Pre-demographic dividend,PRE,2022,43.25502224647829,Other,0.06334256144818085
Puerto Rico,PRI,1961,69.44757609921083,North America,
Puerto Rico,PRI,1962,67.75648252536641,North America,-1.6910935738444266
Puerto Rico,PRI,1963,68.20744081172492,North America,0.45095828635851376
Puerto Rico,PRI,1964,65.95264937993235,North America,-2.254791431792569
Puerto Rico,PRI,1965,68.65839909808342,North America,2.7057497181510684
Puerto Rico,PRI,1966,65.50169109357384,North America,-3.156708004509582
Puerto Rico,PRI,1967,64.03607666290868,North America,-1.4656144306651555
Puerto Rico,PRI,1968,63.81059751972943,North America,-0.22547914317925688
Puerto Rico,PRI,1969,63.35963923337091,North America,-0.45095828635851376
Puerto Rico,PRI,1970,62.23224351747464,North America,-1.1273957158962702
Puerto Rico,PRI,1971,59.75197294250282,North America,-2.4802705749718257
Puerto Rico,PRI,1972,58.060879368658405,North America,-1.6910935738444124
Puerto Rico,PRI,1973,55.46786922209696,North America,-2.593010146561447
Puerto Rico,PRI,1974,55.69334836527621,North America,0.22547914317924977
Puerto Rico,PRI,1975,55.58060879368658,North America,-0.11273957158962844
Puerto Rico,PRI,1976,55.58060879368658,North America,0.0
Puerto Rico,PRI,1977,55.35512965050733,North America,-0.22547914317924977
Puerto Rico,PRI,1978,55.80608793686584,North America,0.45095828635851376
Puerto Rico,PRI,1979,54.79143179255919,North America,-1.014656144306656
Puerto Rico,PRI,1980,53.55129650507328,North America,-1.2401352874859057
Puerto Rico,PRI,1981,52.649379932356254,North America,-0.9019165727170275
Puerto Rico,PRI,1982,52.649379932356254,North America,0.0
Puerto Rico,PRI,1983,52.53664036076663,North America,-0.11273957158962133
Puerto Rico,PRI,1984,52.311161217587376,North America,-0.22547914317925688
Puerto Rico,PRI,1985,51.97294250281848,North America,-0.3382187147688924
Puerto Rico,PRI,1986,52.19842164599775,North America,0.22547914317926399
Puerto Rico,PRI,1987,52.08568207440811,North America,-0.11273957158963555
Puerto Rico,PRI,1988,52.08568207440811,North America,0.0
Puerto Rico,PRI,1989,50.732807215332585,North America,-1.352874859075527
Puerto Rico,PRI,1990,49.04171364148816,North America,-1.6910935738444266
Puerto Rico,PRI,1991,47.35062006764375,North America,-1.6910935738444053
Puerto Rico,PRI,1992,46.22322435174747,North America,-1.1273957158962844
Puerto Rico,PRI,1993,35.062006764374296,North America,-11.161217587373173
Puerto Rico,PRI,1994,34.83652762119504,North America,-0.22547914317925688
Puerto Rico,PRI,1995,34.83652762119504,North America,0.0
Puerto Rico,PRI,1996,34.83652762119504,North America,0.0
Puerto Rico,PRI,1997,32.807215332581734,North America,-2.029312288613305
Puerto Rico,PRI,1998,30.72153325817361,North America,-2.0856820744081226
Puerto Rico,PRI,1999,29.301014656144307,North America,-1.4205186020293041
Puerto Rico,PRI,2000,27.86922209695603,North America,-1.4317925591882776
Puerto Rico,PRI,2001,26.45997745208568,North America,-1.4092446448703484
Puerto Rico,PRI,2002,25.02818489289741,North America,-1.4317925591882705
Puerto Rico,PRI,2003,24.30665163472379,North America,-0.721533258173622
Puerto Rico,PRI,2004,23.562570462232244,North America,-0.7440811724915442
Puerto Rico,PRI,2005,22.818489289740697,North America,-0.7440811724915477
Puerto Rico,PRI,2006,22.07440811724916,North America,-0.744081172491537
Puerto Rico,PRI,2007,21.307779030439683,North America,-0.766629086809477
Puerto Rico,PRI,2008,21.49943630214205,North America,0.19165727170236835
Puerto Rico,PRI,2009,21.679819616685457,North America,0.1803833145434055
Puerto Rico,PRI,2010,21.860202931228866,North America,0.18038331454340906
Puerto Rico,PRI,2011,22.040586245772268,North America,0.18038331454340195
Puerto Rico,PRI,2012,22.18714768883878,North America,0.14656144306651342
Puerto Rico,PRI,2013,21.66854565952649,North America,-0.5186020293122908
Puerto Rico,PRI,2014,21.149943630214203,North America,-0.5186020293122873
Puerto Rico,PRI,2015,20.63134160090192,North America,-0.5186020293122837
Puerto Rico,PRI,2016,20.11273957158963,North America,-0.5186020293122908
Puerto Rico,PRI,2017,19.59413754227734,North America,-0.5186020293122873
Puerto Rico,PRI,2018,19.04171364148816,North America,-0.5524239007891829
Puerto Rico,PRI,2019,19.04171364148816,North America,0.0
Puerto Rico,PRI,2020,19.04171364148816,North America,0.0
Puerto Rico,PRI,2021,19.04171364148816,North America,0.0
Puerto Rico,PRI,2022,19.04171364148816,North America,0.0
Puerto Rico,PRI,2023,19.04171364148816,North America,0.0
Qatar,QAT,1961,4.3927648578811365,Asia,
Qatar,QAT,1962,4.3927648578811365,Asia,0.0
Qatar,QAT,1963,4.3927648578811365,Asia,0.0
Qatar,QAT,1964,4.3927648578811365,Asia,0.0
Qatar,QAT,1965,4.3927648578811365,Asia,0.0
Qatar,QAT,1966,4.3927648578811365,Asia,0.0
Qatar,QAT,1967,4.3927648578811365,Asia,0.0
Qatar,QAT,1968,4.3927648578811365,Asia,0.0
Qatar,QAT,1969,4.3927648578811365,Asia,0.0
Qatar,QAT,1970,4.3927648578811365,Asia,0.0
Qatar,QAT,1971,4.3927648578811365,Asia,0.0
Qatar,QAT,1972,4.3927648578811365,Asia,0.0
Qatar,QAT,1973,4.3927648578811365,Asia,0.0
Qatar,QAT,1974,4.478897502153316,Asia,0.0861326442721797
Qatar,QAT,1975,4.478897502153316,Asia,0.0
Qatar,QAT,1976,4.478897502153316,Asia,0.0
Qatar,QAT,1977,4.478897502153316,Asia,0.0
Qatar,QAT,1978,4.478897502153316,Asia,0.0
Qatar,QAT,1979,4.565030146425495,Asia,0.08613264427217882
Qatar,QAT,1980,4.7372954349698535,Asia,0.17226528854435852
Qatar,QAT,1981,4.823428079242033,Asia,0.0861326442721797
Qatar,QAT,1982,4.909560723514212,Asia,0.08613264427217882
Qatar,QAT,1983,4.995693367786391,Asia,0.08613264427217882
Qatar,QAT,1984,5.0818260120585705,Asia,0.0861326442721797
Qatar,QAT,1985,5.0818260120585705,Asia,0.0
Qatar,QAT,1986,5.167958656330749,Asia,0.08613264427217882
Qatar,QAT,1987,5.254091300602928,Asia,0.08613264427217882
Qatar,QAT,1988,5.254091300602928,Asia,0.0
Qatar,QAT,1989,5.167958656330749,Asia,-0.08613264427217882
Qatar,QAT,1990,5.254091300602928,Asia,0.08613264427217882
Qatar,QAT,1991,5.254091300602928,Asia,0.0
Qatar,QAT,1992,5.512489233419466,Asia,0.2583979328165382
Qatar,QAT,1993,5.598621877691645,Asia,0.08613264427217882
Qatar,QAT,1994,5.598621877691645,Asia,0.0
Qatar,QAT,1995,5.598621877691645,Asia,0.0
Qatar,QAT,1996,5.684754521963824,Asia,0.08613264427217882
Qatar,QAT,1997,5.684754521963824,Asia,0.0
Qatar,QAT,1998,5.684754521963824,Asia,0.0
Qatar,QAT,1999,5.684754521963824,Asia,0.0
Qatar,QAT,2000,5.684754521963824,Asia,0.0
Qatar,QAT,2001,5.710594315245478,Asia,0.02583979328165409
Qatar,QAT,2002,5.658914728682171,Asia,-0.05167958656330729
Qatar,QAT,2003,5.701981050818261,Asia,0.04306632213608985
Qatar,QAT,2004,5.615848406546081,Asia,-0.0861326442721797
Qatar,QAT,2005,5.564168819982774,Asia,-0.05167958656330729
Qatar,QAT,2006,5.624461670973299,Asia,0.060292850990525615
Qatar,QAT,2007,5.684754521963824,Asia,0.06029285099052473
Qatar,QAT,2008,5.74504737295435,Asia,0.060292850990525615
Qatar,QAT,2009,5.805340223944875,Asia,0.060292850990525615
Qatar,QAT,2010,5.8656330749354,Asia,0.06029285099052473
Qatar,QAT,2011,5.925925925925927,Asia,0.06029285099052739
Qatar,QAT,2012,5.986218776916451,Asia,0.06029285099052384
Qatar,QAT,2013,6.046511627906977,Asia,0.060292850990525615
Qatar,QAT,2014,6.179286335944299,Asia,0.1327747080373225
Qatar,QAT,2015,6.179286335944299,Asia,0.0
Qatar,QAT,2016,6.179286335944299,Asia,0.0
Qatar,QAT,2017,6.266318537859007,Asia,0.08703220191470784
Qatar,QAT,2018,6.440382941688425,Asia,0.17406440382941746
Qatar,QAT,2019,6.440382941688425,Asia,0.0
Qatar,QAT,2020,6.440382941688425,Asia,0.0
Qatar,QAT,2021,6.440382941688425,Asia,0.0
Qatar,QAT,2022,6.440382941688425,Asia,0.0
Qatar,QAT,2023,6.440382941688425,Asia,0.0
Romania,ROU,1961,63.38890336025007,Europe,
Romania,ROU,1962,63.766605886949726,Europe,0.3777025266996574
Romania,ROU,1963,63.92289658765304,Europe,0.15629070070331608
Romania,ROU,1964,64.00104193800469,Europe,0.07814535035164738
Romania,ROU,1965,64.2137709472953,Europe,0.21272900929061223
Romania,ROU,1966,64.40479291482157,Europe,0.1910219675262681
Romania,ROU,1967,64.41781713988017,Europe,0.013024225058600791
Romania,ROU,1968,64.9995658591647,Europe,0.5817487192845334
Romania,ROU,1969,64.98220022575325,Europe,-0.017365633411458248
Romania,ROU,1970,64.8172267083442,Europe,-0.1649735174090523
Romania,ROU,1971,64.83893375010854,Europe,0.021707041764344126
Romania,ROU,1972,64.8736650169315,Europe,0.03473126682295913
Romania,ROU,1973,64.70435009116957,Europe,-0.16931492576192397
Romania,ROU,1974,64.81288529999132,Europe,0.10853520882174905
Romania,ROU,1975,64.8866892419901,Europe,0.07380394199877571
Romania,ROU,1976,64.92576191716593,Europe,0.039072675175830796
Romania,ROU,1977,64.94746895893027,Europe,0.021707041764344126
Romania,ROU,1978,64.96917600069463,Europe,0.021707041764358337
Romania,ROU,1979,64.97785881740037,Europe,0.008682816705743335
Romania,ROU,1980,64.96483459234176,Europe,-0.013024225058615002
Romania,ROU,1981,64.89537205869584,Europe,-0.06946253364591826
Romania,ROU,1982,64.96049318398889,Europe,0.06512112529304659
Romania,ROU,1983,65.03863853434055,Europe,0.07814535035166159
Romania,ROU,1984,65.08639402622211,Europe,0.04775549188155992
Romania,ROU,1985,65.20795346010246,Europe,0.12155943388034984
Romania,ROU,1986,65.2860988104541,Europe,0.07814535035164738
Romania,ROU,1987,65.52487626986195,Europe,0.23877745940784223
Romania,ROU,1988,65.59433880350785,Europe,0.06946253364590405
Romania,ROU,1989,64.34706780030521,Europe,-1.2472710032026413
Romania,ROU,1990,64.39502943100065,Europe,0.047961630695439794
Romania,ROU,1991,64.49054301403294,Europe,0.09551358303228596
Romania,ROU,1992,64.45567854963828,Europe,-0.03486446439465851
Romania,ROU,1993,64.46875272378628,Europe,0.013074174148002271
Romania,ROU,1994,64.47649339898044,Europe,0.007740675194156665
Romania,ROU,1995,64.47775502200531,Europe,0.0012616230248738702
Romania,ROU,1996,64.40397350993378,Europe,-0.07378151207153394
Romania,ROU,1997,64.47087526684965,Europe,0.0669017569158683
Romania,ROU,1998,64.23189163291084,Europe,-0.23898363393880118
Romania,ROU,1999,64.37717770034843,Europe,0.14528606743758132
Romania,ROU,2000,64.67720168908625,Europe,0.30002398873782
Romania,ROU,2001,64.42035610117104,Europe,-0.2568455879152083
Romania,ROU,2002,64.46252229521033,Europe,0.042166194039296556
Romania,ROU,2003,64.36181778647531,Europe,-0.10070450873502068
Romania,ROU,2004,61.43478260869565,Europe,-2.927035177779665
Romania,ROU,2005,61.65753543786416,Europe,0.22275282916851324
Romania,ROU,2006,61.04443864683885,Europe,-0.6130967910253133
Romania,ROU,2007,59.28922528165644,Europe,-1.7552133651824064
Romania,ROU,2008,59.30404523705959,Europe,0.014819955403147844
Romania,ROU,2009,59.2062940102582,Europe,-0.09775122680139248
Romania,ROU,2010,61.53444903281895,Europe,2.3281550225607504
Romania,ROU,2011,60.746404831211706,Europe,-0.7880442016072422
Romania,ROU,2012,59.703504043126685,Europe,-1.0429007880850207
Romania,ROU,2013,60.448637134286834,Europe,0.7451330911601488
Romania,ROU,2014,60.10952712100139,Europe,-0.3391100132854419
Romania,ROU,2015,60.23122392211405,Europe,0.12169680111265535
Romania,ROU,2016,58.76651599443672,Europe,-1.464707927677324
Romania,ROU,2017,58.144993045897074,Europe,-0.6215229485396492
Romania,ROU,2018,58.30146036161336,Europe,0.15646731571628436
Romania,ROU,2019,60.09214186369958,Europe,1.7906815020862226
Romania,ROU,2020,56.715055632823365,Europe,-3.377086230876216
Romania,ROU,2021,56.84544506258693,Europe,0.13038942976356793
Romania,ROU,2022,55.10257301808067,Europe,-1.7428720445062638
Romania,ROU,2023,55.26338664812239,Europe,0.1608136300417229
Russian Federation,RUS,1992,13.522371941342104,Europe,
Russian Federation,RUS,1993,13.352410384848696,Europe,-0.1699615564934085
Russian Federation,RUS,1994,13.290190723219666,Europe,-0.06221966162902959
Russian Federation,RUS,1995,13.21253994595314,Europe,-0.07765077726652692
Russian Federation,RUS,1996,13.195233105954587,Europe,-0.017306839998552093
Russian Federation,RUS,1997,13.309338681759488,Europe,0.114105575804901
Russian Federation,RUS,1998,13.26433189063139,Europe,-0.04500679112809891
Russian Federation,RUS,1999,13.228170224138742,Europe,-0.036161666492647626
Russian Federation,RUS,2000,13.256668868358751,Europe,0.028498644220009695
Russian Federation,RUS,2001,13.239021662421765,Europe,-0.017647205936986765
Russian Federation,RUS,2002,13.225797786940188,Europe,-0.013223875481576997
Russian Federation,RUS,2003,13.202934134587796,Europe,-0.02286365235239174
Russian Federation,RUS,2004,13.18460213305106,Europe,-0.018332001536736087
Russian Federation,RUS,2005,13.166159892414504,Europe,-0.018442240636556306
Russian Federation,RUS,2006,13.15737091930877,Europe,-0.008788973105733788
Russian Federation,RUS,2007,13.155844457171748,Europe,-0.001526462137022122
Russian Federation,RUS,2008,13.158436257966263,Europe,0.0025918007945158195
Russian Federation,RUS,2009,13.158436257966263,Europe,0.0
Russian Federation,RUS,2010,13.158436257966263,Europe,0.0
Russian Federation,RUS,2011,13.158436257966263,Europe,0.0
Russian Federation,RUS,2012,13.158436257966263,Europe,0.0
Russian Federation,RUS,2013,13.158436257966263,Europe,0.0
Russian Federation,RUS,2014,13.158436257966263,Europe,0.0
Russian Federation,RUS,2015,13.158436257966263,Europe,0.0
Russian Federation,RUS,2016,13.158436257966263,Europe,0.0
Russian Federation,RUS,2017,13.158436257966263,Europe,0.0
Russian Federation,RUS,2018,13.158436257966263,Europe,0.0
Russian Federation,RUS,2019,13.158436257966263,Europe,0.0
Russian Federation,RUS,2020,13.158436257966263,Europe,0.0
Russian Federation,RUS,2021,13.158436257966263,Europe,0.0
Russian Federation,RUS,2022,13.158436257966263,Europe,0.0
Russian Federation,RUS,2023,13.17107603589697,Europe,0.012639777930706586
Rwanda,RWA,1961,53.303607620591805,Africa,
Rwanda,RWA,1962,53.70895824888529,Africa,0.40535062829348334
Rwanda,RWA,1963,54.114308877178765,Africa,0.40535062829347623
Rwanda,RWA,1964,54.51965950547223,Africa,0.405350628293462
Rwanda,RWA,1965,54.9250101337657,Africa,0.40535062829347623
Rwanda,RWA,1966,55.33036076205919,Africa,0.40535062829349044
Rwanda,RWA,1967,55.73571139035266,Africa,0.40535062829346913
Rwanda,RWA,1968,56.05999189298744,Africa,0.32428050263477814
Rwanda,RWA,1969,56.62748277259829,Africa,0.5674908796108511
Rwanda,RWA,1970,56.91122821240373,Africa,0.2837454398054362
Rwanda,RWA,1971,58.694770976895015,Africa,1.783542764491287
Rwanda,RWA,1972,61.12687474665586,Africa,2.432103769760843
Rwanda,RWA,1973,61.00526955816782,Africa,-0.12160518848804003
Rwanda,RWA,1974,64.20753952168626,Africa,3.2022699635184395
Rwanda,RWA,1975,65.34252128090799,Africa,1.1349817592217306
Rwanda,RWA,1976,66.43696797730037,Africa,1.0944466963923816
Rwanda,RWA,1977,67.4908796108634,Africa,1.0539116335630325
Rwanda,RWA,1978,68.09890555330361,Africa,0.6080259424402072
Rwanda,RWA,1979,68.78800162140251,Africa,0.6890960680989053
Rwanda,RWA,1980,69.51763275233077,Africa,0.7296311309282544
Rwanda,RWA,1981,71.34171057965139,Africa,1.8240778273206217
Rwanda,RWA,1982,71.94973652209161,Africa,0.6080259424402215
Rwanda,RWA,1983,72.55776246453182,Africa,0.6080259424402072
Rwanda,RWA,1984,73.28739359546007,Africa,0.7296311309282544
Rwanda,RWA,1985,73.7332792865829,Africa,0.4458856911228253
Rwanda,RWA,1986,74.17916497770571,Africa,0.44588569112281107
Rwanda,RWA,1987,74.66558573165788,Africa,0.4864207539521743
Rwanda,RWA,1988,75.11147142278071,Africa,0.4458856911228253
Rwanda,RWA,1989,75.15200648561006,Africa,0.040535062829349044
Rwanda,RWA,1990,76.1248479935144,Africa,0.9728415079043344
Rwanda,RWA,1991,76.00324280502635,Africa,-0.12160518848804713
Rwanda,RWA,1992,74.38184029185246,Africa,-1.6214025131738907
Rwanda,RWA,1993,71.13903526550466,Africa,-3.2428050263477957
Rwanda,RWA,1994,62.82934738548845,Africa,-8.309687880016213
Rwanda,RWA,1995,62.82934738548845,Africa,0.0
Rwanda,RWA,1996,64.89663558978516,Africa,2.067288204296716
Rwanda,RWA,1997,66.92338873125253,Africa,2.026753141467367
Rwanda,RWA,1998,67.73408998783948,Africa,0.8107012565869525
Rwanda,RWA,1999,69.59870287798947,Africa,1.864612890149985
Rwanda,RWA,2000,74.01702472638833,Africa,4.418321848398861
Rwanda,RWA,2001,76.895014187272,Africa,2.8779894608836685
Rwanda,RWA,2002,76.53019862180787,Africa,-0.3648155654641272
Rwanda,RWA,2003,76.44912849614917,Africa,-0.08107012565869809
Rwanda,RWA,2004,76.32752330766112,Africa,-0.12160518848804713
Rwanda,RWA,2005,76.24645318200243,Africa,-0.08107012565869809
Rwanda,RWA,2006,76.36805837049047,Africa,0.12160518848804713
Rwanda,RWA,2007,76.1248479935144,Africa,-0.24321037697608006
Rwanda,RWA,2008,76.20591811917309,Africa,0.08107012565869809
Rwanda,RWA,2009,77.25982975273612,Africa,1.0539116335630325
Rwanda,RWA,2010,77.90839075800568,Africa,0.6485610052695563
Rwanda,RWA,2011,78.75962707742197,Africa,0.8512363194162873
Rwanda,RWA,2012,79.40818808269154,Africa,0.6485610052695705
Rwanda,RWA,2013,80.25942440210783,Africa,0.8512363194162873
Rwanda,RWA,2014,81.31333603567086,Africa,1.0539116335630325
Rwanda,RWA,2015,81.3538710985002,Africa,0.040535062829349044
Rwanda,RWA,2016,81.27280097284151,Africa,-0.08107012565869809
Rwanda,RWA,2017,81.27280097284151,Africa,0.0
Rwanda,RWA,2018,79.00283745439806,Africa,-2.269963518443447
Rwanda,RWA,2019,77.17875962707743,Africa,-1.824077827320636
Rwanda,RWA,2020,79.39197405755979,Africa,2.213214430482367
Rwanda,RWA,2021,81.25091203891365,Africa,1.8589379813538613
Rwanda,RWA,2022,80.03677746250507,Africa,-1.2141345764085827
Rwanda,RWA,2023,76.33283340089177,Africa,-3.7039440616132993
Samoa,WSM,1961,19.78798586572438,Oceania,
Samoa,WSM,1962,20.141342756183743,Oceania,0.3533568904593629
Samoa,WSM,1963,20.141342756183743,Oceania,0.0
Samoa,WSM,1964,20.141342756183743,Oceania,0.0
Samoa,WSM,1965,21.908127208480565,Oceania,1.7667844522968217
Samoa,WSM,1966,21.908127208480565,Oceania,0.0
Samoa,WSM,1967,21.908127208480565,Oceania,0.0
Samoa,WSM,1968,22.261484098939928,Oceania,0.3533568904593629
Samoa,WSM,1969,22.261484098939928,Oceania,0.0
Samoa,WSM,1970,22.43816254416961,Oceania,0.17667844522968323
Samoa,WSM,1971,22.61484098939929,Oceania,0.17667844522967968
Samoa,WSM,1972,22.61484098939929,Oceania,0.0
Samoa,WSM,1973,22.61484098939929,Oceania,0.0
Samoa,WSM,1974,22.61484098939929,Oceania,0.0
Samoa,WSM,1975,22.968197879858657,Oceania,0.35335689045936647
Samoa,WSM,1976,24.38162544169612,Oceania,1.4134275618374623
Samoa,WSM,1977,25.08833922261484,Oceania,0.7067137809187223
Samoa,WSM,1978,25.08833922261484,Oceania,0.0
Samoa,WSM,1979,25.97173144876325,Oceania,0.8833922261484091
Samoa,WSM,1980,26.14840989399293,Oceania,0.17667844522967968
Samoa,WSM,1981,27.208480565371023,Oceania,1.0600706713780923
Samoa,WSM,1982,27.208480565371023,Oceania,0.0
Samoa,WSM,1983,27.420494699646643,Oceania,0.21201413427561988
Samoa,WSM,1984,27.56183745583039,Oceania,0.1413427561837466
Samoa,WSM,1985,27.56183745583039,Oceania,0.0
Samoa,WSM,1986,27.70318021201413,Oceania,0.14134275618373948
Samoa,WSM,1987,27.102473498233216,Oceania,-0.6007067137809123
Samoa,WSM,1988,27.208480565371023,Oceania,0.10600706713780639
Samoa,WSM,1989,19.151943462897528,Oceania,-8.056537102473495
Samoa,WSM,1990,19.08127208480565,Oceania,-0.07067137809187685
Samoa,WSM,1991,19.08127208480565,Oceania,0.0
Samoa,WSM,1992,18.374558303886925,Oceania,-0.7067137809187258
Samoa,WSM,1993,18.374558303886925,Oceania,0.0
Samoa,WSM,1994,18.02120141342756,Oceania,-0.35335689045936647
Samoa,WSM,1995,18.02120141342756,Oceania,0.0
Samoa,WSM,1996,18.02120141342756,Oceania,0.0
Samoa,WSM,1997,18.02120141342756,Oceania,0.0
Samoa,WSM,1998,18.02120141342756,Oceania,0.0
Samoa,WSM,1999,17.95053003533569,Oceania,-0.07067137809186974
Samoa,WSM,2000,16.96113074204947,Oceania,-0.989399293286219
Samoa,WSM,2001,16.96113074204947,Oceania,0.0
Samoa,WSM,2002,16.607773851590103,Oceania,-0.35335689045936647
Samoa,WSM,2003,15.901060070671376,Oceania,-0.7067137809187276
Samoa,WSM,2004,15.19434628975265,Oceania,-0.7067137809187258
Samoa,WSM,2005,14.840989399293289,Oceania,-0.35335689045936114
Samoa,WSM,2006,14.20494699646643,Oceania,-0.6360424028268579
Samoa,WSM,2007,13.604240282685511,Oceania,-0.6007067137809194
Samoa,WSM,2008,13.074204946996469,Oceania,-0.5300353356890426
Samoa,WSM,2009,12.3321554770318,Oceania,-0.7420494699646696
Samoa,WSM,2010,14.664310954063604,Oceania,2.3321554770318045
Samoa,WSM,2011,16.96113074204947,Oceania,2.296819787985866
Samoa,WSM,2012,19.257950530035338,Oceania,2.296819787985868
Samoa,WSM,2013,21.5547703180212,Oceania,2.2968197879858607
Samoa,WSM,2014,23.851590106007063,Oceania,2.2968197879858643
Samoa,WSM,2015,26.7208480565371,Oceania,2.869257950530038
Samoa,WSM,2016,24.314487632508836,Oceania,-2.4063604240282643
Samoa,WSM,2017,22.30215827338129,Oceania,-2.012329359127545
Samoa,WSM,2018,19.8453237410072,Oceania,-2.456834532374092
Samoa,WSM,2019,17.77338129496403,Oceania,-2.0719424460431703
Samoa,WSM,2020,17.77338129496403,Oceania,0.0
Samoa,WSM,2021,17.77338129496403,Oceania,0.0
Samoa,WSM,2022,17.77338129496403,Oceania,0.0
Samoa,WSM,2023,17.56474820143885,Oceania,-0.20863309352517945
San Marino,SMR,1961,16.666666666666664,Europe,
San Marino,SMR,1962,16.666666666666664,Europe,0.0
San Marino,SMR,1963,16.666666666666664,Europe,0.0
San Marino,SMR,1964,16.666666666666664,Europe,0.0
San Marino,SMR,1965,16.666666666666664,Europe,0.0
San Marino,SMR,1966,16.666666666666664,Europe,0.0
San Marino,SMR,1967,16.666666666666664,Europe,0.0
San Marino,SMR,1968,16.666666666666664,Europe,0.0
San Marino,SMR,1969,16.666666666666664,Europe,0.0
San Marino,SMR,1970,16.666666666666664,Europe,0.0
San Marino,SMR,1971,16.666666666666664,Europe,0.0
San Marino,SMR,1972,16.666666666666664,Europe,0.0
San Marino,SMR,1973,16.666666666666664,Europe,0.0
San Marino,SMR,1974,16.666666666666664,Europe,0.0
San Marino,SMR,1975,16.666666666666664,Europe,0.0
San Marino,SMR,1976,16.666666666666664,Europe,0.0
San Marino,SMR,1977,16.666666666666664,Europe,0.0
San Marino,SMR,1978,16.666666666666664,Europe,0.0
San Marino,SMR,1979,16.666666666666664,Europe,0.0
San Marino,SMR,1980,16.666666666666664,Europe,0.0
San Marino,SMR,1981,16.666666666666664,Europe,0.0
San Marino,SMR,1982,16.666666666666664,Europe,0.0
San Marino,SMR,1983,16.666666666666664,Europe,0.0
San Marino,SMR,1984,16.666666666666664,Europe,0.0
San Marino,SMR,1985,16.666666666666664,Europe,0.0
San Marino,SMR,1986,16.666666666666664,Europe,0.0
San Marino,SMR,1987,16.666666666666664,Europe,0.0
San Marino,SMR,1988,16.666666666666664,Europe,0.0
San Marino,SMR,1989,16.666666666666664,Europe,0.0
San Marino,SMR,1990,16.666666666666664,Europe,0.0
San Marino,SMR,1991,16.666666666666664,Europe,0.0
San Marino,SMR,1992,16.666666666666664,Europe,0.0
San Marino,SMR,1993,16.666666666666664,Europe,0.0
San Marino,SMR,1994,16.666666666666664,Europe,0.0
San Marino,SMR,1995,16.666666666666664,Europe,0.0
San Marino,SMR,1996,16.666666666666664,Europe,0.0
San Marino,SMR,1997,16.666666666666664,Europe,0.0
San Marino,SMR,1998,16.666666666666664,Europe,0.0
San Marino,SMR,1999,16.666666666666664,Europe,0.0
San Marino,SMR,2000,16.666666666666664,Europe,0.0
San Marino,SMR,2001,16.666666666666664,Europe,0.0
San Marino,SMR,2002,16.666666666666664,Europe,0.0
San Marino,SMR,2003,16.666666666666664,Europe,0.0
San Marino,SMR,2004,16.666666666666664,Europe,0.0
San Marino,SMR,2005,16.666666666666664,Europe,0.0
San Marino,SMR,2006,16.666666666666664,Europe,0.0
San Marino,SMR,2007,16.666666666666664,Europe,0.0
San Marino,SMR,2008,16.666666666666664,Europe,0.0
San Marino,SMR,2009,16.666666666666664,Europe,0.0
San Marino,SMR,2010,16.666666666666664,Europe,0.0
San Marino,SMR,2011,16.666666666666664,Europe,0.0
San Marino,SMR,2012,16.666666666666664,Europe,0.0
San Marino,SMR,2013,16.666666666666664,Europe,0.0
San Marino,SMR,2014,16.666666666666664,Europe,0.0
San Marino,SMR,2015,38.333333333333336,Europe,21.66666666666667
San Marino,SMR,2016,38.333333333333336,Europe,0.0
San Marino,SMR,2017,38.333333333333336,Europe,0.0
San Marino,SMR,2018,38.333333333333336,Europe,0.0
San Marino,SMR,2019,38.333333333333336,Europe,0.0
San Marino,SMR,2020,38.333333333333336,Europe,0.0
San Marino,SMR,2021,38.333333333333336,Europe,0.0
San Marino,SMR,2022,38.333333333333336,Europe,0.0
San Marino,SMR,2023,38.333333333333336,Europe,0.0
Saudi Arabia,SAU,1961,40.084849443408125,Asia,
Saudi Arabia,SAU,1962,40.09415311044848,Asia,0.009303667040356345
Saudi Arabia,SAU,1963,40.10438714419288,Asia,0.010234033744396243
Saudi Arabia,SAU,1964,40.11787746140141,Asia,0.013490317208535885
Saudi Arabia,SAU,1965,40.12764631179379,Asia,0.009768850392376294
Saudi Arabia,SAU,1966,40.13788034553819,Asia,0.010234033744403348
Saudi Arabia,SAU,1967,40.14718401257856,Asia,0.009303667040370556
Saudi Arabia,SAU,1968,40.16393061325122,Asia,0.01674660067265421
Saudi Arabia,SAU,1969,40.18021203057185,Asia,0.01628141732063426
Saudi Arabia,SAU,1970,40.20114528141267,Asia,0.02093325084081954
Saudi Arabia,SAU,1971,40.22300889895752,Asia,0.021863617544845226
Saudi Arabia,SAU,1972,40.24626806655844,Asia,0.02325916760092639
Saudi Arabia,SAU,1973,40.270922784215394,Asia,0.02465471765695071
Saudi Arabia,SAU,1974,40.30348561885667,Asia,0.03256283464127563
Saudi Arabia,SAU,1975,40.32395368634547,Asia,0.02046806748879959
Saudi Arabia,SAU,1976,40.35465578757867,Asia,0.03070210123320294
Saudi Arabia,SAU,1977,40.37977568858766,Asia,0.02511990100898487
Saudi Arabia,SAU,1978,40.4039652228926,Asia,0.02418953430494497
Saudi Arabia,SAU,1979,40.42861994054957,Asia,0.02465471765696492
Saudi Arabia,SAU,1980,40.45327465820653,Asia,0.02465471765696492
Saudi Arabia,SAU,1981,40.47699900915946,Asia,0.023724350952925022
Saudi Arabia,SAU,1982,40.50258409352046,Asia,0.025585084361004817
Saudi Arabia,SAU,1983,40.596551130628136,Asia,0.0939670371076744
Saudi Arabia,SAU,1984,42.99364094357791,Asia,2.3970898129497726
Saudi Arabia,SAU,1985,45.41352474077658,Asia,2.419883797198672
Saudi Arabia,SAU,1986,47.81154492043039,Asia,2.3980201796538125
Saudi Arabia,SAU,1987,50.23049835092501,Asia,2.418953430494618
Saudi Arabia,SAU,1988,52.62619261381873,Asia,2.39569426289372
Saudi Arabia,SAU,1989,55.02653871023264,Asia,2.4003460964139123
Saudi Arabia,SAU,1990,57.4413054905591,Asia,2.4147667803264596
Saudi Arabia,SAU,1991,57.53015551079458,Asia,0.08885002023547628
Saudi Arabia,SAU,1992,57.56457907884393,Asia,0.03442356804934832
Saudi Arabia,SAU,1993,60.839004693700026,Asia,3.2744256148560993
Saudi Arabia,SAU,1994,64.09329173043555,Asia,3.2542870367355263
Saudi Arabia,SAU,1995,67.35083509715354,Asia,3.2575433667179823
Saudi Arabia,SAU,1996,70.60698286729715,Asia,3.2561477701436132
Saudi Arabia,SAU,1997,73.86220031725504,Asia,3.2552174499578967
Saudi Arabia,SAU,1998,77.58027515595272,Asia,3.7180748386976745
Saudi Arabia,SAU,1999,80.85223920658328,Asia,3.271964050630558
Saudi Arabia,SAU,2000,80.84884722913537,Asia,-0.0033919774479045373
Saudi Arabia,SAU,2001,80.84359456479771,Asia,-0.005252664337660917
Saudi Arabia,SAU,2002,80.8402025873498,Asia,-0.003391977447918748
Saudi Arabia,SAU,2003,80.83820620647629,Asia,-0.0019963808735070643
Saudi Arabia,SAU,2004,80.83900087919655,Asia,0.0007946727202607917
Saudi Arabia,SAU,2005,80.83840004837907,Asia,-0.0006008308174756394
Saudi Arabia,SAU,2006,80.83733398769125,Asia,-0.0010660606878190038
Saudi Arabia,SAU,2007,80.83533756029941,Asia,-0.0019964273918446906
Saudi Arabia,SAU,2008,80.83287599607385,Asia,-0.002461564225555435
Saudi Arabia,SAU,2009,80.83134475203401,Asia,-0.0015312440398389526
Saudi Arabia,SAU,2010,80.82097507082416,Asia,-0.010369681209851933
Saudi Arabia,SAU,2011,80.81804827672828,Asia,-0.0029267940958845884
Saudi Arabia,SAU,2012,80.81326079574264,Asia,-0.004787480985640968
Saudi Arabia,SAU,2013,80.80847326823869,Asia,-0.004787527503950173
Saudi Arabia,SAU,2014,80.76614549074517,Asia,-0.042327777493511576
Saudi Arabia,SAU,2015,80.76261395829167,Asia,-0.0035315324535076797
Saudi Arabia,SAU,2016,80.7596872107141,Asia,-0.002926747577561173
Saudi Arabia,SAU,2017,80.75913285171352,Asia,-0.0005543590005885335
Saudi Arabia,SAU,2018,80.75825291088482,Asia,-0.0008799408286961352
Saudi Arabia,SAU,2019,80.76366918020737,Asia,0.005416269322552125
Saudi Arabia,SAU,2020,80.77340779368188,Asia,0.009738613474510771
Saudi Arabia,SAU,2021,80.77323567584163,Asia,-0.00017211784025050747
Saudi Arabia,SAU,2022,80.77323567584163,Asia,0.0
Saudi Arabia,SAU,2023,80.77323567584163,Asia,0.0
Senegal,SEN,1961,44.91248117176544,Africa,
Senegal,SEN,1962,44.91248117176544,Africa,0.0
Senegal,SEN,1963,45.43188074585779,Africa,0.5193995740923469
Senegal,SEN,1964,45.43188074585779,Africa,0.0
Senegal,SEN,1965,45.951280319950136,Africa,0.5193995740923469
Senegal,SEN,1966,45.951280319950136,Africa,0.0
Senegal,SEN,1967,46.47067989404249,Africa,0.519399574092354
Senegal,SEN,1968,47.35365916999948,Africa,0.8829792759569912
Senegal,SEN,1969,46.24214408144186,Africa,-1.1115150885576242
Senegal,SEN,1970,46.03957824754584,Africa,-0.202565833896017
Senegal,SEN,1971,46.46548589830156,Africa,0.42590765075571824
Senegal,SEN,1972,46.46548589830156,Africa,0.0
Senegal,SEN,1973,46.72518568534774,Africa,0.2596997870461806
Senegal,SEN,1974,46.98488547239391,Africa,0.25969978704617347
Senegal,SEN,1975,46.98488547239391,Africa,0.0
Senegal,SEN,1976,46.97969147665299,Africa,-0.005193995740924606
Senegal,SEN,1977,45.93569833272736,Africa,-1.0439931439256256
Senegal,SEN,1978,45.930504336986445,Africa,-0.005193995740917501
Senegal,SEN,1979,45.92531034124552,Africa,-0.005193995740924606
Senegal,SEN,1980,45.9201163455046,Africa,-0.005193995740917501
Senegal,SEN,1981,45.91492234976367,Africa,-0.005193995740931712
Senegal,SEN,1982,45.90972835402275,Africa,-0.005193995740924606
Senegal,SEN,1983,45.90453435828183,Africa,-0.005193995740917501
Senegal,SEN,1984,45.8993403625409,Africa,-0.005193995740931712
Senegal,SEN,1985,45.89414636679998,Africa,-0.005193995740917501
Senegal,SEN,1986,45.88375837531814,Africa,-0.010387991481842107
Senegal,SEN,1987,45.87337038383629,Africa,-0.010387991481849213
Senegal,SEN,1988,45.86298239235444,Africa,-0.010387991481849213
Senegal,SEN,1989,45.84740040513167,Africa,-0.015581987222766713
Senegal,SEN,1990,46.06554822625045,Africa,0.21814782111877662
Senegal,SEN,1991,45.2345089077027,Africa,-0.8310393185477523
Senegal,SEN,1992,45.603282605308266,Africa,0.3687736976055689
Senegal,SEN,1993,45.80065444346336,Africa,0.1973718381550924
Senegal,SEN,1994,46.30447203033293,Africa,0.5038175868695731
Senegal,SEN,1995,45.78507245624059,Africa,-0.5193995740923398
Senegal,SEN,1996,46.26292006440555,Africa,0.4778476081649572
Senegal,SEN,1997,44.813795252687896,Africa,-1.4491248117176525
Senegal,SEN,1998,43.5776242663481,Africa,-1.2361709863397934
Senegal,SEN,1999,47.32768919129487,Africa,3.75006492494677
Senegal,SEN,2000,46.88619955331637,Africa,-0.44148963797850627
Senegal,SEN,2001,45.70196852438581,Africa,-1.1842310289305544
Senegal,SEN,2002,45.44746273308056,Africa,-0.25450579130524886
Senegal,SEN,2003,44.83457123565159,Africa,-0.6128914974289756
Senegal,SEN,2004,45.12024100140238,Africa,0.2856697657507894
Senegal,SEN,2005,45.58250662234457,Africa,0.4622656209421905
Senegal,SEN,2006,44.09702384044045,Africa,-1.4854827819041176
Senegal,SEN,2007,44.164545785072455,Africa,0.06752194463200567
Senegal,SEN,2008,48.17431049706539,Africa,4.009764711992936
Senegal,SEN,2009,48.18989248428816,Africa,0.015581987222766713
Senegal,SEN,2010,48.18989248428816,Africa,0.0
Senegal,SEN,2011,46.56417181737911,Africa,-1.6257206669090465
Senegal,SEN,2012,46.56417181737911,Africa,0.0
Senegal,SEN,2013,46.57975380460188,Africa,0.015581987222766713
Senegal,SEN,2014,46.60052978756558,Africa,0.020775982963698425
Senegal,SEN,2015,48.44959227133433,Africa,1.8490624837687548
Senegal,SEN,2016,48.2418324416974,Africa,-0.2077598296369345
Senegal,SEN,2017,48.42362229262972,Africa,0.1817898509323257
Senegal,SEN,2018,48.60541214356204,Africa,0.1817898509323186
Senegal,SEN,2019,48.79758998597622,Africa,0.1921778424141749
Senegal,SEN,2020,48.979379836908535,Africa,0.1817898509323186
Senegal,SEN,2021,49.400093491923336,Africa,0.42071365501480074
Senegal,SEN,2022,49.400093491923336,Africa,0.0
Senegal,SEN,2023,49.400093491923336,Africa,0.0
Serbia,SRB,2006,40.44134461468099,Europe,
Serbia,SRB,2007,40.851817973930935,Europe,0.41047335924994144
Serbia,SRB,2008,41.20283558198034,Europe,0.3510176080494034
Serbia,SRB,2009,40.22410244683284,Europe,-0.9787331351475004
Serbia,SRB,2010,40.26526412074091,Europe,0.04116167390807135
Serbia,SRB,2011,40.34072718957238,Europe,0.0754630688314677
Serbia,SRB,2012,39.59067002058084,Europe,-0.750057168991539
Serbia,SRB,2013,39.91767665218385,Europe,0.32700663160301247
Serbia,SRB,2014,40.09147038646238,Europe,0.17379373427853295
Serbia,SRB,2015,39.80105190944432,Europe,-0.2904184770180649
Serbia,SRB,2016,39.51520695174937,Europe,-0.2858449576949482
Serbia,SRB,2017,39.09215641436085,Europe,-0.4230505373885194
Serbia,SRB,2018,39.60667733821175,Europe,0.5145209238509025
Serbia,SRB,2019,39.56094214498056,Europe,-0.045735193231195126
Serbia,SRB,2020,41.40801522178618,Europe,1.8470730768056214
Serbia,SRB,2021,41.44369128314901,Europe,0.03567606136282819
Serbia,SRB,2022,41.253418955880605,Europe,-0.19027232726840282
Serbia,SRB,2023,40.38530146271852,Europe,-0.8681174931620816
Seychelles,SYC,1961,10.869565217391305,Other,
Seychelles,SYC,1962,10.869565217391305,Other,0.0
Seychelles,SYC,1963,10.869565217391305,Other,0.0
Seychelles,SYC,1964,10.869565217391305,Other,0.0
Seychelles,SYC,1965,10.869565217391305,Other,0.0
Seychelles,SYC,1966,10.869565217391305,Other,0.0
Seychelles,SYC,1967,10.869565217391305,Other,0.0
Seychelles,SYC,1968,10.869565217391305,Other,0.0
Seychelles,SYC,1969,10.869565217391305,Other,0.0
Seychelles,SYC,1970,10.869565217391305,Other,0.0
Seychelles,SYC,1971,10.869565217391305,Other,0.0
Seychelles,SYC,1972,10.869565217391305,Other,0.0
Seychelles,SYC,1973,10.869565217391305,Other,0.0
Seychelles,SYC,1974,10.869565217391305,Other,0.0
Seychelles,SYC,1975,10.869565217391305,Other,0.0
Seychelles,SYC,1976,10.869565217391305,Other,0.0
Seychelles,SYC,1977,10.869565217391305,Other,0.0
Seychelles,SYC,1978,10.869565217391305,Other,0.0
Seychelles,SYC,1979,10.869565217391305,Other,0.0
Seychelles,SYC,1980,10.869565217391305,Other,0.0
Seychelles,SYC,1981,10.869565217391305,Other,0.0
Seychelles,SYC,1982,13.043478260869565,Other,2.17391304347826
Seychelles,SYC,1983,13.043478260869565,Other,0.0
Seychelles,SYC,1984,13.043478260869565,Other,0.0
Seychelles,SYC,1985,13.043478260869565,Other,0.0
Seychelles,SYC,1986,13.043478260869565,Other,0.0
Seychelles,SYC,1987,13.043478260869565,Other,0.0
Seychelles,SYC,1988,10.869565217391305,Other,-2.17391304347826
Seychelles,SYC,1989,10.869565217391305,Other,0.0
Seychelles,SYC,1990,8.695652173913043,Other,-2.1739130434782616
Seychelles,SYC,1991,8.695652173913043,Other,0.0
Seychelles,SYC,1992,8.695652173913043,Other,0.0
Seychelles,SYC,1993,8.695652173913043,Other,0.0
Seychelles,SYC,1994,8.695652173913043,Other,0.0
Seychelles,SYC,1995,8.695652173913043,Other,0.0
Seychelles,SYC,1996,8.695652173913043,Other,0.0
Seychelles,SYC,1997,8.695652173913043,Other,0.0
Seychelles,SYC,1998,8.695652173913043,Other,0.0
Seychelles,SYC,1999,8.695652173913043,Other,0.0
Seychelles,SYC,2000,8.695652173913043,Other,0.0
Seychelles,SYC,2001,8.695652173913043,Other,0.0
Seychelles,SYC,2002,8.695652173913043,Other,0.0
Seychelles,SYC,2003,8.695652173913043,Other,0.0
Seychelles,SYC,2004,8.695652173913043,Other,0.0
Seychelles,SYC,2005,8.695652173913043,Other,0.0
Seychelles,SYC,2006,8.695652173913043,Other,0.0
Seychelles,SYC,2007,6.521739130434782,Other,-2.1739130434782608
Seychelles,SYC,2008,6.521739130434782,Other,0.0
Seychelles,SYC,2009,6.304347826086956,Other,-0.21739130434782616
Seychelles,SYC,2010,5.217391304347826,Other,-1.08695652173913
Seychelles,SYC,2011,3.260869565217391,Other,-1.956521739130435
Seychelles,SYC,2012,3.260869565217391,Other,0.0
Seychelles,SYC,2013,3.369565217391304,Other,0.10869565217391308
Seychelles,SYC,2014,3.369565217391304,Other,0.0
Seychelles,SYC,2015,3.369565217391304,Other,0.0
Seychelles,SYC,2016,3.369565217391304,Other,0.0
Seychelles,SYC,2017,3.369565217391304,Other,0.0
Seychelles,SYC,2018,3.369565217391304,Other,0.0
Seychelles,SYC,2019,3.369565217391304,Other,0.0
Seychelles,SYC,2020,3.369565217391304,Other,0.0
Seychelles,SYC,2021,3.369565217391304,Other,0.0
Seychelles,SYC,2022,3.369565217391304,Other,0.0
Seychelles,SYC,2023,3.369565217391304,Other,0.0
Sierra Leone,SLE,1961,36.18730950401773,Africa,
Sierra Leone,SLE,1962,36.25658077029648,Africa,0.06927126627874713
Sierra Leone,SLE,1963,36.35356054308673,Africa,0.09697977279024883
Sierra Leone,SLE,1964,36.42283180936548,Africa,0.06927126627875424
Sierra Leone,SLE,1965,36.49210307564422,Africa,0.06927126627874003
Sierra Leone,SLE,1966,36.56137434192297,Africa,0.06927126627874713
Sierra Leone,SLE,1967,36.63064560820172,Africa,0.06927126627874713
Sierra Leone,SLE,1968,36.76918814075921,Africa,0.13854253255749427
Sierra Leone,SLE,1969,36.83845940703796,Africa,0.06927126627874713
Sierra Leone,SLE,1970,36.90773067331671,Africa,0.06927126627875424
Sierra Leone,SLE,1971,36.97700193959545,Africa,0.06927126627874003
Sierra Leone,SLE,1972,37.0462732058742,Africa,0.06927126627874713
Sierra Leone,SLE,1973,37.11554447215295,Africa,0.06927126627874713
Sierra Leone,SLE,1974,37.184815738431695,Africa,0.06927126627874713
Sierra Leone,SLE,1975,37.25408700471044,Africa,0.06927126627874713
Sierra Leone,SLE,1976,37.3233582709892,Africa,0.06927126627876135
Sierra Leone,SLE,1977,37.39262953726794,Africa,0.06927126627874003
Sierra Leone,SLE,1978,37.53117206982544,Africa,0.13854253255749427
Sierra Leone,SLE,1979,37.66971460238293,Africa,0.13854253255749427
Sierra Leone,SLE,1980,37.73898586866168,Africa,0.06927126627874713
Sierra Leone,SLE,1981,37.808257134940426,Africa,0.06927126627874713
Sierra Leone,SLE,1982,38.01607093377667,Africa,0.2078137988362414
Sierra Leone,SLE,1983,38.085342200055415,Africa,0.06927126627874713
Sierra Leone,SLE,1984,38.293155998891656,Africa,0.2078137988362414
Sierra Leone,SLE,1985,38.985868661679135,Africa,0.6927126627874785
Sierra Leone,SLE,1986,39.05513992795788,Africa,0.06927126627874713
Sierra Leone,SLE,1987,39.12441119423663,Africa,0.06927126627874713
Sierra Leone,SLE,1988,39.13826544749238,Africa,0.013854253255750848
Sierra Leone,SLE,1989,39.13826544749238,Africa,0.0
Sierra Leone,SLE,1990,39.13826544749238,Africa,0.0
Sierra Leone,SLE,1991,39.13826544749238,Africa,0.0
Sierra Leone,SLE,1992,38.999722914934885,Africa,-0.13854253255749427
Sierra Leone,SLE,1993,38.94430590191188,Africa,-0.05541701302300339
Sierra Leone,SLE,1994,38.93045164865614,Africa,-0.013854253255743743
Sierra Leone,SLE,1995,38.93045164865614,Africa,0.0
Sierra Leone,SLE,1996,38.93045164865614,Africa,0.0
Sierra Leone,SLE,1997,38.91659739540039,Africa,-0.013854253255750848
Sierra Leone,SLE,1998,38.91659739540039,Africa,0.0
Sierra Leone,SLE,1999,38.84732612912164,Africa,-0.06927126627874713
Sierra Leone,SLE,2000,38.93045164865614,Africa,0.08312551953449798
Sierra Leone,SLE,2001,41.58381823219728,Africa,2.6533665835411426
Sierra Leone,SLE,2002,44.75034635633139,Africa,3.1665281241341106
Sierra Leone,SLE,2003,49.41354945968413,Africa,4.6632031033527355
Sierra Leone,SLE,2004,52.26835688556387,Africa,2.8548074258797413
Sierra Leone,SLE,2005,52.81269049598226,Africa,0.5443336104183913
Sierra Leone,SLE,2006,55.83097811027986,Africa,3.0182876142975985
Sierra Leone,SLE,2007,50.20393460792463,Africa,-5.627043502355228
Sierra Leone,SLE,2008,51.430174563591024,Africa,1.2262399556663937
Sierra Leone,SLE,2009,52.65960099750624,Africa,1.229426433915215
Sierra Leone,SLE,2010,54.45247991133277,Africa,1.7928789138265344
Sierra Leone,SLE,2011,55.66126350789693,Africa,1.2087835965641602
Sierra Leone,SLE,2012,53.15392075367138,Africa,-2.5073427542255544
Sierra Leone,SLE,2013,54.70559711831532,Africa,1.5516763646439387
Sierra Leone,SLE,2014,54.710446106954834,Africa,0.004848988639515994
Sierra Leone,SLE,2015,54.710446106954834,Africa,0.0
Sierra Leone,SLE,2016,54.710446106954834,Africa,0.0
Sierra Leone,SLE,2017,54.710446106954834,Africa,0.0
Sierra Leone,SLE,2018,54.710446106954834,Africa,0.0
Sierra Leone,SLE,2019,54.710446106954834,Africa,0.0
Sierra Leone,SLE,2020,54.710446106954834,Africa,0.0
Sierra Leone,SLE,2021,54.710446106954834,Africa,0.0
Sierra Leone,SLE,2022,54.710446106954834,Africa,0.0
Sierra Leone,SLE,2023,54.710446106954834,Africa,0.0
Singapore,SGP,1961,20.8955223880597,Asia,
Singapore,SGP,1962,20.8955223880597,Asia,0.0
Singapore,SGP,1963,19.402985074626866,Asia,-1.492537313432834
Singapore,SGP,1964,19.402985074626866,Asia,0.0
Singapore,SGP,1965,19.402985074626866,Asia,0.0
Singapore,SGP,1966,19.402985074626866,Asia,0.0
Singapore,SGP,1967,19.402985074626866,Asia,0.0
Singapore,SGP,1968,17.91044776119403,Asia,-1.4925373134328375
Singapore,SGP,1969,17.91044776119403,Asia,0.0
Singapore,SGP,1970,17.91044776119403,Asia,0.0
Singapore,SGP,1971,14.925373134328357,Asia,-2.9850746268656714
Singapore,SGP,1972,16.417910447761194,Asia,1.4925373134328375
Singapore,SGP,1973,16.417910447761194,Asia,0.0
Singapore,SGP,1974,13.432835820895525,Asia,-2.9850746268656696
Singapore,SGP,1975,11.940298507462686,Asia,-1.4925373134328392
Singapore,SGP,1976,11.940298507462686,Asia,0.0
Singapore,SGP,1977,11.940298507462686,Asia,0.0
Singapore,SGP,1978,11.940298507462686,Asia,0.0
Singapore,SGP,1979,11.940298507462686,Asia,0.0
Singapore,SGP,1980,11.940298507462686,Asia,0.0
Singapore,SGP,1981,10.44776119402985,Asia,-1.4925373134328357
Singapore,SGP,1982,8.955223880597014,Asia,-1.4925373134328357
Singapore,SGP,1983,8.955223880597014,Asia,0.0
Singapore,SGP,1984,8.955223880597014,Asia,0.0
Singapore,SGP,1985,7.462686567164178,Asia,-1.4925373134328357
Singapore,SGP,1986,5.970149253731343,Asia,-1.4925373134328357
Singapore,SGP,1987,4.477611940298507,Asia,-1.4925373134328357
Singapore,SGP,1988,4.477611940298507,Asia,0.0
Singapore,SGP,1989,2.985074626865672,Asia,-1.4925373134328352
Singapore,SGP,1990,2.985074626865672,Asia,0.0
Singapore,SGP,1991,1.791044776119403,Asia,-1.1940298507462688
Singapore,SGP,1992,1.791044776119403,Asia,0.0
Singapore,SGP,1993,1.791044776119403,Asia,0.0
Singapore,SGP,1994,1.791044776119403,Asia,0.0
Singapore,SGP,1995,1.791044776119403,Asia,0.0
Singapore,SGP,1996,1.791044776119403,Asia,0.0
Singapore,SGP,1997,1.791044776119403,Asia,0.0
Singapore,SGP,1998,1.791044776119403,Asia,0.0
Singapore,SGP,1999,1.791044776119403,Asia,0.0
Singapore,SGP,2000,1.791044776119403,Asia,0.0
Singapore,SGP,2001,1.791044776119403,Asia,0.0
Singapore,SGP,2002,1.7777777777777777,Asia,-0.013266998341625369
Singapore,SGP,2003,1.1644832605531297,Asia,-0.613294517224648
Singapore,SGP,2004,1.161103047895501,Asia,-0.0033802126576287783
Singapore,SGP,2005,1.1030478955007257,Asia,-0.05805515239477521
Singapore,SGP,2006,1.080691642651297,Asia,-0.02235625284942877
Singapore,SGP,2007,1.1510791366906474,Asia,0.07038749403935052
Singapore,SGP,2008,1.0,Asia,-0.15107913669064743
Singapore,SGP,2009,1.0,Asia,0.0
Singapore,SGP,2010,1.0541310541310542,Asia,0.054131054131054235
Singapore,SGP,2011,1.0369318181818183,Asia,-0.01719923594923589
Singapore,SGP,2012,1.0339943342776203,Asia,-0.0029374839041980128
Singapore,SGP,2013,0.9476661951909476,Asia,-0.0863281390866727
Singapore,SGP,2014,0.930888575458392,Asia,-0.01677761973255565
Singapore,SGP,2015,0.930888575458392,Asia,0.0
Singapore,SGP,2016,0.930888575458392,Asia,0.0
Singapore,SGP,2017,0.9269662921348316,Asia,-0.003922283323560372
Singapore,SGP,2018,0.9243697478991596,Asia,-0.002596544235672016
Singapore,SGP,2019,0.9217877094972068,Asia,-0.002582038401952813
Singapore,SGP,2020,0.9192200557103064,Asia,-0.0025676537869003813
Singapore,SGP,2021,0.9192200557103064,Asia,0.0
Singapore,SGP,2022,0.9192200557103064,Asia,0.0
Singapore,SGP,2023,0.9192200557103064,Asia,0.0
Slovak Republic,SVK,1993,50.85239085239085,Europe,
Slovak Republic,SVK,1994,50.85239085239085,Europe,0.0
Slovak Republic,SVK,1995,50.85239085239085,Europe,0.0
Slovak Republic,SVK,1996,50.810810810810814,Europe,-0.04158004158003337
Slovak Republic,SVK,1997,50.83160083160083,Europe,0.020790020790016683
Slovak Republic,SVK,1998,50.79002079002078,Europe,-0.04158004158004758
Slovak Republic,SVK,1999,50.79002079002078,Europe,0.0
Slovak Republic,SVK,2000,50.72765072765073,Europe,-0.06237006237005005
Slovak Republic,SVK,2001,46.88149688149688,Europe,-3.846153846153854
Slovak Republic,SVK,2002,46.50727650727651,Europe,-0.37422037422037135
Slovak Republic,SVK,2003,46.47682394512576,Europe,-0.03045256215074943
Slovak Republic,SVK,2004,40.20790020790021,Europe,-6.268923737225549
Slovak Republic,SVK,2005,40.35343035343036,Europe,0.1455301455301523
Slovak Republic,SVK,2006,40.31185031185032,Europe,-0.04158004158004047
Slovak Republic,SVK,2007,40.12474012474013,Europe,-0.18711018711019278
Slovak Republic,SVK,2008,40.27027027027027,Europe,0.1455301455301381
Slovak Republic,SVK,2009,40.13308380120607,Europe,-0.13718646906419707
Slovak Republic,SVK,2010,40.43791977708927,Europe,0.30483597588320066
Slovak Republic,SVK,2011,40.12851439028448,Europe,-0.3094053868047908
Slovak Republic,SVK,2012,40.08068541008152,Europe,-0.047828980202957894
Slovak Republic,SVK,2013,39.37364831142905,Europe,-0.7070370986524708
Slovak Republic,SVK,2014,39.29700499168053,Europe,-0.0766433197485199
Slovak Republic,SVK,2015,39.27873216588328,Europe,-0.0182728257972542
Slovak Republic,SVK,2016,39.22628951747088,Europe,-0.05244264841239499
Slovak Republic,SVK,2017,39.08069883527454,Europe,-0.1455906821963424
Slovak Republic,SVK,2018,39.28868552412646,Europe,0.20798668885191773
Slovak Republic,SVK,2019,39.20549084858569,Europe,-0.0831946755407671
Slovak Republic,SVK,2020,39.163893510815306,Europe,-0.04159733777038355
Slovak Republic,SVK,2021,38.60232945091514,Europe,-0.5615640599001637
Slovak Republic,SVK,2022,38.4567387687188,Europe,-0.1455906821963424
Slovak Republic,SVK,2023,37.95757071547421,Europe,-0.49916805324458835
Slovenia,SVN,1992,28.003972194637537,Europe,
Slovenia,SVN,1993,27.805362462760677,Europe,-0.1986097318768607
Slovenia,SVN,1994,27.2591857000993,Europe,-0.5461767626613749
Slovenia,SVN,1995,26.71300893743793,Europe,-0.5461767626613714
Slovenia,SVN,1996,26.06752730883813,Europe,-0.6454816285998
Slovenia,SVN,1997,24.57795431976167,Europe,-1.4895729890764606
Slovenia,SVN,1998,24.32969215491559,Europe,-0.24826216484607855
Slovenia,SVN,1999,24.826216484607748,Europe,0.4965243296921571
Slovenia,SVN,2000,25.719960278053627,Europe,0.8937437934458785
Slovenia,SVN,2001,25.322740814299895,Europe,-0.39721946375373207
Slovenia,SVN,2002,25.074478649453823,Europe,-0.24826216484607144
Slovenia,SVN,2003,25.322740814299895,Europe,0.24826216484607144
Slovenia,SVN,2004,24.42899702085402,Europe,-0.893743793445875
Slovenia,SVN,2005,25.273088381330684,Europe,0.8440913604766642
Slovenia,SVN,2006,24.37934458788481,Europe,-0.893743793445875
Slovenia,SVN,2007,24.72691161866932,Europe,0.3475670307845107
Slovenia,SVN,2008,30.70355699834212,Europe,5.976645379672799
Slovenia,SVN,2009,31.029792810412093,Europe,0.32623581206997443
Slovenia,SVN,2010,30.966633906146075,Europe,-0.06315890426601811
Slovenia,SVN,2011,30.80561898143552,Europe,-0.16101492471055678
Slovenia,SVN,2012,30.368267173640035,Europe,-0.43735180779548344
Slovenia,SVN,2013,30.298411122144987,Europe,-0.06985605149504792
Slovenia,SVN,2014,30.52830188679245,Europe,0.22989076464746105
Slovenia,SVN,2015,30.606277243255587,Europe,0.07797535646313847
Slovenia,SVN,2016,30.6563399860987,Europe,0.05006274284311374
Slovenia,SVN,2017,30.541113610519368,Europe,-0.1152263755793328
Slovenia,SVN,2018,30.392721638425936,Europe,-0.1483919720934317
Slovenia,SVN,2019,30.40662680518861,Europe,0.013905166762672394
Slovenia,SVN,2020,30.317733060527203,Europe,-0.0888937446614051
Slovenia,SVN,2021,30.34107387616456,Europe,0.023340815637357792
Slovenia,SVN,2022,30.329155161796542,Europe,-0.011918714368018613
Slovenia,SVN,2023,30.355856862599023,Europe,0.026701700802480133
Solomon Islands,SLB,1961,1.9649874955341196,Oceania,
Solomon Islands,SLB,1962,1.9649874955341196,Oceania,0.0
Solomon Islands,SLB,1963,1.9649874955341196,Oceania,0.0
Solomon Islands,SLB,1964,1.9649874955341196,Oceania,0.0
Solomon Islands,SLB,1965,1.9649874955341196,Oceania,0.0
Solomon Islands,SLB,1966,1.9649874955341196,Oceania,0.0
Solomon Islands,SLB,1967,1.9649874955341196,Oceania,0.0
Solomon Islands,SLB,1968,1.9649874955341196,Oceania,0.0
Solomon Islands,SLB,1969,1.9649874955341196,Oceania,0.0
Solomon Islands,SLB,1970,1.9649874955341196,Oceania,0.0
Solomon Islands,SLB,1971,1.9649874955341196,Oceania,0.0
Solomon Islands,SLB,1972,1.9649874955341196,Oceania,0.0
Solomon Islands,SLB,1973,1.9649874955341196,Oceania,0.0
Solomon Islands,SLB,1974,1.9649874955341196,Oceania,0.0
Solomon Islands,SLB,1975,1.9649874955341196,Oceania,0.0
Solomon Islands,SLB,1976,1.9649874955341196,Oceania,0.0
Solomon Islands,SLB,1977,2.000714540907467,Oceania,0.03572704537334759
Solomon Islands,SLB,1978,2.0364415862808145,Oceania,0.035727045373347366
Solomon Islands,SLB,1979,2.1078956770275097,Oceania,0.07145409074669518
Solomon Islands,SLB,1980,2.1078956770275097,Oceania,0.0
Solomon Islands,SLB,1981,2.1078956770275097,Oceania,0.0
Solomon Islands,SLB,1982,2.2150768131475527,Oceania,0.10718113612004299
Solomon Islands,SLB,1983,2.2150768131475527,Oceania,0.0
Solomon Islands,SLB,1984,2.286530903894248,Oceania,0.07145409074669518
Solomon Islands,SLB,1985,2.286530903894248,Oceania,0.0
Solomon Islands,SLB,1986,2.3579849946409435,Oceania,0.07145409074669562
Solomon Islands,SLB,1987,2.322257949267596,Oceania,-0.035727045373347366
Solomon Islands,SLB,1988,2.393712040014291,Oceania,0.07145409074669473
Solomon Islands,SLB,1989,2.429439085387638,Oceania,0.035727045373347366
Solomon Islands,SLB,1990,2.429439085387638,Oceania,0.0
Solomon Islands,SLB,1991,2.465166130760986,Oceania,0.03572704537334781
Solomon Islands,SLB,1992,2.536620221507681,Oceania,0.07145409074669518
Solomon Islands,SLB,1993,2.536620221507681,Oceania,0.0
Solomon Islands,SLB,1994,2.572347266881029,Oceania,0.03572704537334781
Solomon Islands,SLB,1995,2.608074312254377,Oceania,0.03572704537334781
Solomon Islands,SLB,1996,2.608074312254377,Oceania,0.0
Solomon Islands,SLB,1997,2.608074312254377,Oceania,0.0
Solomon Islands,SLB,1998,2.643801357627724,Oceania,0.035727045373347366
Solomon Islands,SLB,1999,2.71525544837442,Oceania,0.07145409074669562
Solomon Islands,SLB,2000,2.71525544837442,Oceania,0.0
Solomon Islands,SLB,2001,2.750982493747767,Oceania,0.035727045373347366
Solomon Islands,SLB,2002,2.8224365844944623,Oceania,0.07145409074669518
Solomon Islands,SLB,2003,2.965344765987853,Oceania,0.1429081814933908
Solomon Islands,SLB,2004,2.965344765987853,Oceania,0.0
Solomon Islands,SLB,2005,3.45837799214005,Oceania,0.493033226152197
Solomon Islands,SLB,2006,3.469096105752054,Oceania,0.010718113612004032
Solomon Islands,SLB,2007,3.61557699178278,Oceania,0.14648088603072562
Solomon Islands,SLB,2008,3.583422650946767,Oceania,-0.032154340836012985
Solomon Islands,SLB,2009,3.679885673454805,Oceania,0.09646302250803807
Solomon Islands,SLB,2010,3.354769560557342,Oceania,-0.3251161128974629
Solomon Islands,SLB,2011,3.483386923901393,Oceania,0.12861736334405105
Solomon Islands,SLB,2012,3.4798142193640587,Oceania,-0.0035727045373343813
Solomon Islands,SLB,2013,3.511968560200072,Oceania,0.03215434083601343
Solomon Islands,SLB,2014,3.590568060021436,Oceania,0.07859949982136394
Solomon Islands,SLB,2015,3.612004287245445,Oceania,0.021436227224008952
Solomon Islands,SLB,2016,3.629867809932118,Oceania,0.01786352268667324
Solomon Islands,SLB,2017,3.669167559842801,Oceania,0.039299749910682635
Solomon Islands,SLB,2018,3.7156127188281527,Oceania,0.04644515898535184
Solomon Islands,SLB,2019,3.708467309753484,Oceania,-0.007145409074668763
Solomon Islands,SLB,2020,3.737048946052161,Oceania,0.02858163629867727
Solomon Islands,SLB,2021,3.890675241157556,Oceania,0.15362629510539483
Solomon Islands,SLB,2022,3.8335119685602,Oceania,-0.057163272597355874
Solomon Islands,SLB,2023,3.901393354769561,Oceania,0.0678813862093608
"Somalia, Federal Republic of",SOM,1961,69.98597251888928,Africa,
"Somalia, Federal Republic of",SOM,1962,69.99394267861128,Africa,0.007970159721992331
"Somalia, Federal Republic of",SOM,1963,70.00191283833328,Africa,0.007970159722006542
"Somalia, Federal Republic of",SOM,1964,70.00988299805529,Africa,0.007970159722006542
"Somalia, Federal Republic of",SOM,1965,70.01785315777728,Africa,0.007970159721992331
"Somalia, Federal Republic of",SOM,1966,70.02582331749927,Africa,0.007970159721992331
"Somalia, Federal Republic of",SOM,1967,70.03379347722128,Africa,0.007970159722006542
"Somalia, Federal Republic of",SOM,1968,70.04176363694329,Africa,0.007970159722006542
"Somalia, Federal Republic of",SOM,1969,70.04973379666528,Africa,0.007970159721992331
"Somalia, Federal Republic of",SOM,1970,70.05770395638729,Africa,0.007970159722006542
"Somalia, Federal Republic of",SOM,1971,70.06567411610929,Africa,0.007970159722006542
"Somalia, Federal Republic of",SOM,1972,70.0736442758313,Africa,0.007970159722006542
"Somalia, Federal Republic of",SOM,1973,70.08161443555329,Africa,0.007970159721992331
"Somalia, Federal Republic of",SOM,1974,70.08958459527528,Africa,0.007970159721992331
"Somalia, Federal Republic of",SOM,1975,70.09755475499729,Africa,0.007970159722006542
"Somalia, Federal Republic of",SOM,1976,70.10552491471928,Africa,0.007970159721992331
"Somalia, Federal Republic of",SOM,1977,70.11349507444129,Africa,0.007970159722006542
"Somalia, Federal Republic of",SOM,1978,70.1214652341633,Africa,0.007970159722006542
"Somalia, Federal Republic of",SOM,1979,70.1294353938853,Africa,0.007970159722006542
"Somalia, Federal Republic of",SOM,1980,70.1374055536073,Africa,0.007970159721992331
"Somalia, Federal Republic of",SOM,1981,70.1453757133293,Africa,0.007970159722006542
"Somalia, Federal Republic of",SOM,1982,70.1533458730513,Africa,0.007970159721992331
"Somalia, Federal Republic of",SOM,1983,70.1613160327733,Africa,0.007970159722006542
"Somalia, Federal Republic of",SOM,1984,70.16928619249529,Africa,0.007970159721992331
"Somalia, Federal Republic of",SOM,1985,70.1772563522173,Africa,0.007970159722006542
"Somalia, Federal Republic of",SOM,1986,70.1852265119393,Africa,0.007970159722006542
"Somalia, Federal Republic of",SOM,1987,70.1931966716613,Africa,0.007970159721992331
"Somalia, Federal Republic of",SOM,1988,70.1995727994389,Africa,0.0063761277775995495
"Somalia, Federal Republic of",SOM,1989,70.2011668313833,Africa,0.0015940319444069928
"Somalia, Federal Republic of",SOM,1990,70.2043548952721,Africa,0.0031880638887997748
"Somalia, Federal Republic of",SOM,1991,70.2043548952721,Africa,0.0
"Somalia, Federal Republic of",SOM,1992,70.2059489272165,Africa,0.001594031944392782
"Somalia, Federal Republic of",SOM,1993,70.2075429591609,Africa,0.0015940319444069928
"Somalia, Federal Republic of",SOM,1994,70.2171071508273,Africa,0.009564191666399324
"Somalia, Federal Republic of",SOM,1995,70.2266713424937,Africa,0.009564191666399324
"Somalia, Federal Republic of",SOM,1996,70.2346415022157,Africa,0.007970159721992331
"Somalia, Federal Republic of",SOM,1997,70.2426116619377,Africa,0.007970159722006542
"Somalia, Federal Republic of",SOM,1998,70.2442056938821,Africa,0.001594031944392782
"Somalia, Federal Republic of",SOM,1999,70.2442056938821,Africa,0.0
"Somalia, Federal Republic of",SOM,2000,70.2442056938821,Africa,0.0
"Somalia, Federal Republic of",SOM,2001,70.25058182165971,Africa,0.00637612777761376
"Somalia, Federal Republic of",SOM,2002,70.2808684286033,Africa,0.030286606943590755
"Somalia, Federal Republic of",SOM,2003,70.31115503554692,Africa,0.030286606943619176
"Somalia, Federal Republic of",SOM,2004,70.38766856887813,Africa,0.0765135333312088
"Somalia, Federal Republic of",SOM,2005,70.33825357860172,Africa,-0.049414990276403614
"Somalia, Federal Republic of",SOM,2006,70.25855198138171,Africa,-0.07970159722000858
"Somalia, Federal Republic of",SOM,2007,70.17885038416169,Africa,-0.07970159722002279
"Somalia, Federal Republic of",SOM,2008,70.33825357860172,Africa,0.15940319444003137
"Somalia, Federal Republic of",SOM,2009,70.33825357860172,Africa,0.0
"Somalia, Federal Republic of",SOM,2010,70.33825357860172,Africa,0.0
"Somalia, Federal Republic of",SOM,2011,70.17885038416169,Africa,-0.15940319444003137
"Somalia, Federal Republic of",SOM,2012,70.17885038416169,Africa,0.0
"Somalia, Federal Republic of",SOM,2013,70.33825357860172,Africa,0.15940319444003137
"Somalia, Federal Republic of",SOM,2014,70.33825357860172,Africa,0.0
"Somalia, Federal Republic of",SOM,2015,70.33825357860172,Africa,0.0
"Somalia, Federal Republic of",SOM,2016,70.33825357860172,Africa,0.0
"Somalia, Federal Republic of",SOM,2017,70.3393694009628,Africa,0.0011158223610721052
"Somalia, Federal Republic of",SOM,2018,70.33920999776836,Africa,-0.00015940319443075168
"Somalia, Federal Republic of",SOM,2019,70.34128223929608,Africa,0.0020722415277134587
"Somalia, Federal Republic of",SOM,2020,70.34160104568495,Africa,0.0003188063888757142
"Somalia, Federal Republic of",SOM,2021,70.34144164249052,Africa,-0.00015940319443075168
"Somalia, Federal Republic of",SOM,2022,70.34303567443492,Africa,0.001594031944392782
"Somalia, Federal Republic of",SOM,2023,70.34335448082379,Africa,0.0003188063888757142
South Africa,ZAF,1961,83.53460996298708,Africa,
South Africa,ZAF,1962,82.54540058857958,Africa,-0.9892093744074941
South Africa,ZAF,1963,81.60565168289244,Africa,-0.9397489056871393
South Africa,ZAF,1964,80.57934695694466,Africa,-1.0263047259477815
South Africa,ZAF,1965,79.63959805125754,Africa,-0.9397489056871251
South Africa,ZAF,1966,79.48627059822438,Africa,-0.15332745303315676
South Africa,ZAF,1967,79.25875244211065,Africa,-0.2275181561137316
South Africa,ZAF,1968,79.0765730489906,Africa,-0.1821793931200517
South Africa,ZAF,1969,78.88615024441715,Africa,-0.19042280457344418
South Africa,ZAF,1970,78.69572743984371,Africa,-0.19042280457344418
South Africa,ZAF,1971,78.50530463527025,Africa,-0.1904228045734584
South Africa,ZAF,1972,78.31900353642351,Africa,-0.18630109884674084
South Africa,ZAF,1973,78.12445902612338,Africa,-0.1945445103001333
South Africa,ZAF,1974,77.94640133873003,Africa,-0.17805768739334837
South Africa,ZAF,1975,77.73949171124978,Africa,-0.20690962748024333
South Africa,ZAF,1976,77.54494720094965,Africa,-0.1945445103001333
South Africa,ZAF,1977,77.53587944835091,Africa,-0.00906775259873882
South Africa,ZAF,1978,77.54329851865897,Africa,0.007419070308060327
South Africa,ZAF,1979,77.53423076606023,Africa,-0.00906775259873882
South Africa,ZAF,1980,77.53340642491489,Africa,-0.0008243411453463523
South Africa,ZAF,1981,77.52433867231615,Africa,-0.00906775259873882
South Africa,ZAF,1982,77.51527091971741,Africa,-0.00906775259873882
South Africa,ZAF,1983,77.51527091971741,Africa,0.0
South Africa,ZAF,1984,77.51527091971741,Africa,0.0
South Africa,ZAF,1985,77.51527091971741,Africa,0.0
South Africa,ZAF,1986,77.81780412005705,Africa,0.3025332003396386
South Africa,ZAF,1987,78.02388940639194,Africa,0.20608528633489698
South Africa,ZAF,1988,78.22997469272683,Africa,0.20608528633488277
South Africa,ZAF,1989,78.55971115086268,Africa,0.32973645813585506
South Africa,ZAF,1990,78.80701349446456,Africa,0.24730234360187353
South Africa,ZAF,1991,79.14087165832709,Africa,0.33385816386253
South Africa,ZAF,1992,79.52666331434601,Africa,0.38579165601892385
South Africa,ZAF,1993,79.90833326463824,Africa,0.3816699502922347
South Africa,ZAF,1994,80.17954150145496,Africa,0.2712082368167188
South Africa,ZAF,1995,80.38974849351655,Africa,0.2102069920615861
South Africa,ZAF,1996,80.6947547172922,Africa,0.30500622377564923
South Africa,ZAF,1997,80.74009348028588,Africa,0.04533876299367989
South Africa,ZAF,1998,80.77554014953549,Africa,0.03544666924960893
South Africa,ZAF,1999,80.83324402970925,Africa,0.05770388017376149
South Africa,ZAF,2000,80.888474886447,Africa,0.055230856737750855
South Africa,ZAF,2001,80.79614867816898,Africa,-0.09232620827802407
South Africa,ZAF,2002,80.80851379534907,Africa,0.012365117180095808
South Africa,ZAF,2003,80.7260796808151,Africa,-0.08243411453396732
South Africa,ZAF,2004,80.46229051430645,Africa,-0.26378916650865847
South Africa,ZAF,2005,80.35924787113899,Africa,-0.1030426431674556
South Africa,ZAF,2006,79.86876488966193,Africa,-0.49048298147705793
South Africa,ZAF,2007,79.87041357195261,Africa,0.0016486822906784937
South Africa,ZAF,2008,80.05011994163664,Africa,0.17970636968402687
South Africa,ZAF,2009,79.9511990041959,Africa,-0.09892093744073804
South Africa,ZAF,2010,79.87123791309796,Africa,-0.07996109109794247
South Africa,ZAF,2011,79.44505354095739,Africa,-0.42618437214056826
South Africa,ZAF,2012,79.41785028316119,Africa,-0.02720325779620225
South Africa,ZAF,2013,79.41785028316119,Africa,0.0
South Africa,ZAF,2014,79.41785028316119,Africa,0.0
South Africa,ZAF,2015,79.41785028316119,Africa,0.0
South Africa,ZAF,2016,79.41785028316119,Africa,0.0
South Africa,ZAF,2017,79.41785028316119,Africa,0.0
South Africa,ZAF,2018,79.41785028316119,Africa,0.0
South Africa,ZAF,2019,79.41785028316119,Africa,0.0
South Africa,ZAF,2020,79.41785028316119,Africa,0.0
South Africa,ZAF,2021,79.41785028316119,Africa,0.0
South Africa,ZAF,2022,79.41785028316119,Africa,0.0
South Africa,ZAF,2023,79.41785028316119,Africa,0.0
South Sudan,SSD,2012,45.096628582279685,Africa,
South Sudan,SSD,2013,45.04078774547814,Africa,-0.0558408368015435
South Sudan,SSD,2014,44.98494690867659,Africa,-0.05584083680155061
South Sudan,SSD,2015,44.92910607187505,Africa,-0.0558408368015435
South Sudan,SSD,2016,44.873265235073504,Africa,-0.0558408368015435
South Sudan,SSD,2017,44.81742439827196,Africa,-0.0558408368015435
South Sudan,SSD,2018,44.70574272466887,Africa,-0.111681673603087
South Sudan,SSD,2019,44.70574272466887,Africa,0.0
South Sudan,SSD,2020,44.70542623391832,Africa,-0.0003164907505563974
South Sudan,SSD,2021,44.708591141423895,Africa,0.003164907505578185
South Sudan,SSD,2022,44.708591141423895,Africa,0.0
South Sudan,SSD,2023,44.85818571677243,Africa,0.14959457534853726
Spain,ESP,1961,66.48925527231982,Europe,
Spain,ESP,1962,66.49325703309457,Europe,0.0040017607747415695
Spain,ESP,1963,66.30317339629437,Europe,-0.19008363680019613
Spain,ESP,1964,65.53483532754412,Europe,-0.7683380687502535
Spain,ESP,1965,65.41678338468925,Europe,-0.11805194285486209
Spain,ESP,1966,64.34030973628396,Europe,-1.0764736484052975
Spain,ESP,1967,64.79250870382968,Europe,0.4521989675457263
Spain,ESP,1968,64.34631237744608,Europe,-0.44619632638359974
Spain,ESP,1969,65.0826363599984,Europe,0.7363239825523209
Spain,ESP,1970,64.26627716195125,Europe,-0.8163591980471523
Spain,ESP,1971,65.39677458081556,Europe,1.1304974188643087
Spain,ESP,1972,65.16467245588059,Europe,-0.2321021249349684
Spain,ESP,1973,64.5884189043179,Europe,-0.5762535515626865
Spain,ESP,1974,64.18809404702351,Europe,-0.40032485729439315
Spain,ESP,1975,63.88927806576867,Europe,-0.2988159812548403
Spain,ESP,1976,63.08625417859359,Europe,-0.8030238871750797
Spain,ESP,1977,63.23817912479481,Europe,0.15192494620121977
Spain,ESP,1978,63.01523432026105,Europe,-0.22294480453376053
Spain,ESP,1979,62.76774632662049,Europe,-0.2474879936405614
Spain,ESP,1980,62.54229483252247,Europe,-0.22545149409801724
Spain,ESP,1981,62.47947783606295,Europe,-0.06281699645952443
Spain,ESP,1982,62.44944540103312,Europe,-0.030032435029831106
Spain,ESP,1983,61.652283603307765,Europe,-0.7971617977253516
Spain,ESP,1984,61.324683645683166,Europe,-0.32759995762459937
Spain,ESP,1985,61.49287201665866,Europe,0.16818837097549277
Spain,ESP,1986,61.28864328047413,Europe,-0.20422873618452542
Spain,ESP,1987,61.27062309786962,Europe,-0.01802018260451632
Spain,ESP,1988,61.22457152010251,Europe,-0.04605157776710911
Spain,ESP,1989,61.47084734903091,Europe,0.24627582892840394
Spain,ESP,1990,61.012333813871535,Europe,-0.4585135351593763
Spain,ESP,1991,60.81010732019863,Europe,-0.20222649367290302
Spain,ESP,1992,60.625901009130224,Europe,-0.184206311068408
Spain,ESP,1993,60.133349351273424,Europe,-0.4925516578568008
Spain,ESP,1994,60.43368572801538,Europe,0.3003363767419529
Spain,ESP,1995,59.50464520262694,Europe,-0.9290405253884373
Spain,ESP,1996,60.3455870575044,Europe,0.8409418548774639
Spain,ESP,1997,60.18540765657536,Europe,-0.1601794009290458
Spain,ESP,1998,59.98318116290245,Europe,-0.20222649367291012
Spain,ESP,1999,59.62277751081211,Europe,-0.36040365209034064
Spain,ESP,2000,59.65130260521042,Europe,0.028525094398311523
Spain,ESP,2001,59.215277220572894,Europe,-0.4360253846375244
Spain,ESP,2002,58.951186277653086,Europe,-0.2640909429198075
Spain,ESP,2003,58.3982692654394,Europe,-0.5529170122136833
Spain,ESP,2004,58.23750951560559,Europe,-0.16075974983381514
Spain,ESP,2005,58.434350517942654,Europe,0.19684100233706658
Spain,ESP,2006,57.34297967854423,Europe,-1.0913708393984223
Spain,ESP,2007,56.10787201218168,Europe,-1.235107666362552
Spain,ESP,2008,56.41940657578187,Europe,0.3115345636001905
Spain,ESP,2009,56.09032206312919,Europe,-0.3290845126526776
Spain,ESP,2010,55.08889822203555,Europe,-1.00142384109364
Spain,ESP,2011,54.04096983275986,Europe,-1.0479283892756897
Spain,ESP,2012,53.86137822114711,Europe,-0.17959161161275006
Spain,ESP,2013,53.4439535395134,Europe,-0.4174246816337117
Spain,ESP,2014,53.13368385278183,Europe,-0.31026968673157285
Spain,ESP,2015,53.18906218416086,Europe,0.05537833137903192
Spain,ESP,2016,52.57724735969765,Europe,-0.6118148244632096
Spain,ESP,2017,52.63871382762815,Europe,0.06146646793050081
Spain,ESP,2018,52.408209711445984,Europe,-0.2305041161821677
Spain,ESP,2019,52.45849172587285,Europe,0.05028201442686253
Spain,ESP,2020,52.33167922328408,Europe,-0.12681250258876986
Spain,ESP,2021,52.4848941208322,Europe,0.1532148975481249
Spain,ESP,2022,53.3572810066811,Europe,0.872386885848897
Spain,ESP,2023,49.57532698789307,Europe,-3.781954018788028
Sri Lanka,LKA,1961,27.47568170945623,Asia,
Sri Lanka,LKA,1962,27.22053898899697,Asia,-0.2551427204592578
Sri Lanka,LKA,1963,32.849625259129326,Asia,5.629086270132355
Sri Lanka,LKA,1964,33.53532132036358,Asia,0.6856960612342533
Sri Lanka,LKA,1965,34.380481581884865,Asia,0.8451602615212863
Sri Lanka,LKA,1966,35.16185616329134,Asia,0.7813745814064745
Sri Lanka,LKA,1967,35.95917716472652,Asia,0.7973210014351793
Sri Lanka,LKA,1968,37.01164088662095,Asia,1.0524637218944335
Sri Lanka,LKA,1969,37.12326582682188,Asia,0.11162494020092595
Sri Lanka,LKA,1970,37.2029979269654,Asia,0.07973210014352361
Sri Lanka,LKA,1971,37.298676447137616,Asia,0.09567852017221412
Sri Lanka,LKA,1972,37.39435496730984,Asia,0.09567852017222123
Sri Lanka,LKA,1973,37.49003348748206,Asia,0.09567852017222123
Sri Lanka,LKA,1974,37.58571200765428,Asia,0.09567852017222123
Sri Lanka,LKA,1975,37.61760484771169,Asia,0.031892840057409444
Sri Lanka,LKA,1976,38.20762238877372,Asia,0.5900175410620321
Sri Lanka,LKA,1977,38.79763992983575,Asia,0.5900175410620321
Sri Lanka,LKA,1978,39.37171105086908,Asia,0.5740711210333274
Sri Lanka,LKA,1979,37.61760484771169,Asia,-1.7541062031573915
Sri Lanka,LKA,1980,37.458140647424656,Asia,-0.159464200287033
Sri Lanka,LKA,1981,37.458140647424656,Asia,0.0
Sri Lanka,LKA,1982,36.61298038590336,Asia,-0.8451602615212934
Sri Lanka,LKA,1983,36.804337426247805,Asia,0.19135704034444245
Sri Lanka,LKA,1984,36.85217668633392,Asia,0.047839260086114166
Sri Lanka,LKA,1985,36.91596236644873,Asia,0.06378568011481178
Sri Lanka,LKA,1986,37.09137298676447,Asia,0.17541062031573773
Sri Lanka,LKA,1987,37.2189443469941,Asia,0.12757136022963067
Sri Lanka,LKA,1988,37.26678360708021,Asia,0.04783926008610706
Sri Lanka,LKA,1989,37.31462286716632,Asia,0.047839260086114166
Sri Lanka,LKA,1990,37.298676447137616,Asia,-0.015946420028704722
Sri Lanka,LKA,1991,37.34651570722372,Asia,0.04783926008610706
Sri Lanka,LKA,1992,37.37840854728113,Asia,0.031892840057409444
Sri Lanka,LKA,1993,36.99569446659225,Asia,-0.3827140806888849
Sri Lanka,LKA,1994,37.04353372667836,Asia,0.047839260086114166
Sri Lanka,LKA,1995,37.09137298676447,Asia,0.04783926008610706
Sri Lanka,LKA,1996,37.10731940679317,Asia,0.015946420028697617
Sri Lanka,LKA,1997,37.12326582682188,Asia,0.015946420028711827
Sri Lanka,LKA,1998,37.13921224685058,Asia,0.015946420028704722
Sri Lanka,LKA,1999,37.39435496730984,Asia,0.25514272045925424
Sri Lanka,LKA,2000,37.47408706745336,Asia,0.07973210014352361
Sri Lanka,LKA,2001,37.49003348748206,Asia,0.015946420028697617
Sri Lanka,LKA,2002,37.569765587625575,Asia,0.0797321001435165
Sri Lanka,LKA,2003,38.04656354648381,Asia,0.47679795885823495
Sri Lanka,LKA,2004,36.49178759368522,Asia,-1.5547759527985932
Sri Lanka,LKA,2005,39.74645192154361,Asia,3.254664327858393
Sri Lanka,LKA,2006,38.75298995375538,Asia,-0.9934619677882282
Sri Lanka,LKA,2007,37.99075107638335,Asia,-0.7622388773720346
Sri Lanka,LKA,2008,41.42242066656036,Asia,3.431669590177016
Sri Lanka,LKA,2009,41.6137777069048,Asia,0.19135704034443535
Sri Lanka,LKA,2010,41.77962047520332,Asia,0.16584276829852485
Sri Lanka,LKA,2011,43.53372667836071,Asia,1.7541062031573844
Sri Lanka,LKA,2012,43.69319087864774,Asia,0.159464200287033
Sri Lanka,LKA,2013,43.69319087864774,Asia,0.0
Sri Lanka,LKA,2014,43.69319087864774,Asia,0.0
Sri Lanka,LKA,2015,44.26994975199134,Asia,0.5767588733436
Sri Lanka,LKA,2016,44.43151891167014,Asia,0.16156915967879826
Sri Lanka,LKA,2017,44.59631945454252,Asia,0.16480054287237778
Sri Lanka,LKA,2018,45.44807965860597,Asia,0.8517602040634529
Sri Lanka,LKA,2019,45.44729470728513,Asia,-0.0007849513208384451
Sri Lanka,LKA,2020,45.45748464274168,Asia,0.01018993545655178
Sri Lanka,LKA,2021,45.45748464274168,Asia,0.0
Sri Lanka,LKA,2022,45.45748464274168,Asia,0.0
Sri Lanka,LKA,2023,48.60814742967992,Asia,3.150662786938234
St. Kitts and Nevis,KNA,1961,57.14285714285714,North America,
St. Kitts and Nevis,KNA,1962,57.14285714285714,North America,0.0
St. Kitts and Nevis,KNA,1963,57.14285714285714,North America,0.0
St. Kitts and Nevis,KNA,1964,57.14285714285714,North America,0.0
St. Kitts and Nevis,KNA,1965,57.14285714285714,North America,0.0
St. Kitts and Nevis,KNA,1966,57.14285714285714,North America,0.0
St. Kitts and Nevis,KNA,1967,57.14285714285714,North America,0.0
St. Kitts and Nevis,KNA,1968,57.14285714285714,North America,0.0
St. Kitts and Nevis,KNA,1969,51.42857142857142,North America,-5.714285714285715
St. Kitts and Nevis,KNA,1970,42.85714285714285,North America,-8.571428571428577
St. Kitts and Nevis,KNA,1971,42.85714285714285,North America,0.0
St. Kitts and Nevis,KNA,1972,42.85714285714285,North America,0.0
St. Kitts and Nevis,KNA,1973,42.85714285714285,North America,0.0
St. Kitts and Nevis,KNA,1974,42.85714285714285,North America,0.0
St. Kitts and Nevis,KNA,1975,42.85714285714285,North America,0.0
St. Kitts and Nevis,KNA,1976,42.85714285714285,North America,0.0
St. Kitts and Nevis,KNA,1977,42.85714285714285,North America,0.0
St. Kitts and Nevis,KNA,1978,42.85714285714285,North America,0.0
St. Kitts and Nevis,KNA,1979,42.85714285714285,North America,0.0
St. Kitts and Nevis,KNA,1980,57.692307692307686,North America,14.83516483516484
St. Kitts and Nevis,KNA,1981,57.692307692307686,North America,0.0
St. Kitts and Nevis,KNA,1982,53.84615384615385,North America,-3.8461538461538396
St. Kitts and Nevis,KNA,1983,53.84615384615385,North America,0.0
St. Kitts and Nevis,KNA,1984,50.0,North America,-3.8461538461538467
St. Kitts and Nevis,KNA,1985,50.0,North America,0.0
St. Kitts and Nevis,KNA,1986,46.15384615384615,North America,-3.8461538461538467
St. Kitts and Nevis,KNA,1987,46.15384615384615,North America,0.0
St. Kitts and Nevis,KNA,1988,46.15384615384615,North America,0.0
St. Kitts and Nevis,KNA,1989,46.15384615384615,North America,0.0
St. Kitts and Nevis,KNA,1990,46.15384615384615,North America,0.0
St. Kitts and Nevis,KNA,1991,46.15384615384615,North America,0.0
St. Kitts and Nevis,KNA,1992,46.15384615384615,North America,0.0
St. Kitts and Nevis,KNA,1993,46.15384615384615,North America,0.0
St. Kitts and Nevis,KNA,1994,38.46153846153847,North America,-7.692307692307686
St. Kitts and Nevis,KNA,1995,38.46153846153847,North America,0.0
St. Kitts and Nevis,KNA,1996,34.61538461538461,North America,-3.846153846153854
St. Kitts and Nevis,KNA,1997,34.61538461538461,North America,0.0
St. Kitts and Nevis,KNA,1998,34.61538461538461,North America,0.0
St. Kitts and Nevis,KNA,1999,38.46153846153847,North America,3.846153846153854
St. Kitts and Nevis,KNA,2000,36.53846153846153,North America,-1.923076923076934
St. Kitts and Nevis,KNA,2001,35.76923076923077,North America,-0.7692307692307665
St. Kitts and Nevis,KNA,2002,31.153846153846157,North America,-4.61538461538461
St. Kitts and Nevis,KNA,2003,31.153846153846157,North America,0.0
St. Kitts and Nevis,KNA,2004,30.884615384615383,North America,-0.2692307692307736
St. Kitts and Nevis,KNA,2005,19.230769230769237,North America,-11.653846153846146
St. Kitts and Nevis,KNA,2006,19.26923076923077,North America,0.038461538461532996
St. Kitts and Nevis,KNA,2007,19.57692307692308,North America,0.30769230769231015
St. Kitts and Nevis,KNA,2008,19.615384615384617,North America,0.03846153846153655
St. Kitts and Nevis,KNA,2009,21.153846153846157,North America,1.53846153846154
St. Kitts and Nevis,KNA,2010,21.923076923076923,North America,0.7692307692307665
St. Kitts and Nevis,KNA,2011,23.07692307692308,North America,1.1538461538461569
St. Kitts and Nevis,KNA,2012,23.07692307692308,North America,0.0
St. Kitts and Nevis,KNA,2013,23.07692307692308,North America,0.0
St. Kitts and Nevis,KNA,2014,23.07692307692308,North America,0.0
St. Kitts and Nevis,KNA,2015,23.07692307692308,North America,0.0
St. Kitts and Nevis,KNA,2016,23.07692307692308,North America,0.0
St. Kitts and Nevis,KNA,2017,23.07692307692308,North America,0.0
St. Kitts and Nevis,KNA,2018,23.07692307692308,North America,0.0
St. Kitts and Nevis,KNA,2019,23.07692307692308,North America,0.0
St. Kitts and Nevis,KNA,2020,23.07692307692308,North America,0.0
St. Kitts and Nevis,KNA,2021,23.07692307692308,North America,0.0
St. Kitts and Nevis,KNA,2022,23.07692307692308,North America,0.0
St. Kitts and Nevis,KNA,2023,23.07692307692308,North America,0.0
St. Lucia,LCA,1961,27.86885245901639,North America,
St. Lucia,LCA,1962,27.86885245901639,North America,0.0
St. Lucia,LCA,1963,29.508196721311474,North America,1.639344262295083
St. Lucia,LCA,1964,29.508196721311474,North America,0.0
St. Lucia,LCA,1965,29.508196721311474,North America,0.0
St. Lucia,LCA,1966,29.508196721311474,North America,0.0
St. Lucia,LCA,1967,31.14754098360656,North America,1.6393442622950865
St. Lucia,LCA,1968,31.14754098360656,North America,0.0
St. Lucia,LCA,1969,31.14754098360656,North America,0.0
St. Lucia,LCA,1970,31.14754098360656,North America,0.0
St. Lucia,LCA,1971,32.78688524590164,North America,1.6393442622950758
St. Lucia,LCA,1972,32.78688524590164,North America,0.0
St. Lucia,LCA,1973,32.78688524590164,North America,0.0
St. Lucia,LCA,1974,32.622950819672134,North America,-0.1639344262295026
St. Lucia,LCA,1975,32.78688524590164,North America,0.1639344262295026
St. Lucia,LCA,1976,32.78688524590164,North America,0.0
St. Lucia,LCA,1977,32.78688524590164,North America,0.0
St. Lucia,LCA,1978,32.78688524590164,North America,0.0
St. Lucia,LCA,1979,33.114754098360656,North America,0.3278688524590194
St. Lucia,LCA,1980,33.60655737704918,North America,0.491803278688522
St. Lucia,LCA,1981,34.0983606557377,North America,0.491803278688522
St. Lucia,LCA,1982,34.42622950819672,North America,0.3278688524590194
St. Lucia,LCA,1983,34.75409836065574,North America,0.3278688524590194
St. Lucia,LCA,1984,35.24590163934426,North America,0.491803278688522
St. Lucia,LCA,1985,35.73770491803279,North America,0.49180327868852913
St. Lucia,LCA,1986,34.75409836065574,North America,-0.9836065573770512
St. Lucia,LCA,1987,34.42622950819672,North America,-0.3278688524590194
St. Lucia,LCA,1988,34.42622950819672,North America,0.0
St. Lucia,LCA,1989,34.42622950819672,North America,0.0
St. Lucia,LCA,1990,34.26229508196722,North America,-0.1639344262295026
St. Lucia,LCA,1991,32.459016393442624,North America,-1.8032786885245926
St. Lucia,LCA,1992,32.295081967213115,North America,-0.1639344262295097
St. Lucia,LCA,1993,32.295081967213115,North America,0.0
St. Lucia,LCA,1994,31.967213114754102,North America,-0.3278688524590123
St. Lucia,LCA,1995,29.508196721311474,North America,-2.459016393442628
St. Lucia,LCA,1996,28.524590163934427,North America,-0.9836065573770476
St. Lucia,LCA,1997,27.86885245901639,North America,-0.6557377049180353
St. Lucia,LCA,1998,25.40983606557377,North America,-2.459016393442621
St. Lucia,LCA,1999,25.245901639344265,North America,-0.16393442622950616
St. Lucia,LCA,2000,23.27868852459016,North America,-1.9672131147541059
St. Lucia,LCA,2001,22.78688524590164,North America,-0.4918032786885185
St. Lucia,LCA,2002,21.475409836065573,North America,-1.311475409836067
St. Lucia,LCA,2003,20.327868852459016,North America,-1.1475409836065573
St. Lucia,LCA,2004,18.19672131147541,North America,-2.131147540983605
St. Lucia,LCA,2005,17.868852459016395,North America,-0.32786885245901587
St. Lucia,LCA,2006,16.557377049180328,North America,-1.311475409836067
St. Lucia,LCA,2007,16.278688524590166,North America,-0.27868852459016225
St. Lucia,LCA,2008,16.295081967213115,North America,0.01639344262294884
St. Lucia,LCA,2009,16.295081967213115,North America,0.0
St. Lucia,LCA,2010,16.295081967213115,North America,0.0
St. Lucia,LCA,2011,16.295081967213115,North America,0.0
St. Lucia,LCA,2012,16.295081967213115,North America,0.0
St. Lucia,LCA,2013,16.295081967213115,North America,0.0
St. Lucia,LCA,2014,16.295081967213115,North America,0.0
St. Lucia,LCA,2015,16.295081967213115,North America,0.0
St. Lucia,LCA,2016,16.295081967213115,North America,0.0
St. Lucia,LCA,2017,16.295081967213115,North America,0.0
St. Lucia,LCA,2018,16.295081967213115,North America,0.0
St. Lucia,LCA,2019,16.295081967213115,North America,0.0
St. Lucia,LCA,2020,16.295081967213115,North America,0.0
St. Lucia,LCA,2021,16.295081967213115,North America,0.0
St. Lucia,LCA,2022,16.295081967213115,North America,0.0
St. Lucia,LCA,2023,16.295081967213115,North America,0.0
St. Vincent and the Grenadines,VCT,1961,25.64102564102564,North America,
St. Vincent and the Grenadines,VCT,1962,25.64102564102564,North America,0.0
St. Vincent and the Grenadines,VCT,1963,28.205128205128204,North America,2.5641025641025657
St. Vincent and the Grenadines,VCT,1964,28.205128205128204,North America,0.0
St. Vincent and the Grenadines,VCT,1965,28.205128205128204,North America,0.0
St. Vincent and the Grenadines,VCT,1966,28.205128205128204,North America,0.0
St. Vincent and the Grenadines,VCT,1967,28.205128205128204,North America,0.0
St. Vincent and the Grenadines,VCT,1968,28.205128205128204,North America,0.0
St. Vincent and the Grenadines,VCT,1969,28.205128205128204,North America,0.0
St. Vincent and the Grenadines,VCT,1970,28.205128205128204,North America,0.0
St. Vincent and the Grenadines,VCT,1971,28.205128205128204,North America,0.0
St. Vincent and the Grenadines,VCT,1972,28.205128205128204,North America,0.0
St. Vincent and the Grenadines,VCT,1973,25.64102564102564,North America,-2.5641025641025657
St. Vincent and the Grenadines,VCT,1974,25.64102564102564,North America,0.0
St. Vincent and the Grenadines,VCT,1975,25.64102564102564,North America,0.0
St. Vincent and the Grenadines,VCT,1976,25.64102564102564,North America,0.0
St. Vincent and the Grenadines,VCT,1977,28.205128205128204,North America,2.5641025641025657
St. Vincent and the Grenadines,VCT,1978,28.205128205128204,North America,0.0
St. Vincent and the Grenadines,VCT,1979,30.76923076923077,North America,2.5641025641025657
St. Vincent and the Grenadines,VCT,1980,30.76923076923077,North America,0.0
St. Vincent and the Grenadines,VCT,1981,30.76923076923077,North America,0.0
St. Vincent and the Grenadines,VCT,1982,28.205128205128204,North America,-2.5641025641025657
St. Vincent and the Grenadines,VCT,1983,30.76923076923077,North America,2.5641025641025657
St. Vincent and the Grenadines,VCT,1984,30.76923076923077,North America,0.0
St. Vincent and the Grenadines,VCT,1985,30.76923076923077,North America,0.0
St. Vincent and the Grenadines,VCT,1986,33.33333333333333,North America,2.5641025641025585
St. Vincent and the Grenadines,VCT,1987,29.897435897435894,North America,-3.4358974358974343
St. Vincent and the Grenadines,VCT,1988,28.974358974358974,North America,-0.9230769230769198
St. Vincent and the Grenadines,VCT,1989,28.05128205128205,North America,-0.9230769230769234
St. Vincent and the Grenadines,VCT,1990,27.12820512820513,North America,-0.9230769230769198
St. Vincent and the Grenadines,VCT,1991,26.205128205128204,North America,-0.9230769230769269
St. Vincent and the Grenadines,VCT,1992,25.28205128205128,North America,-0.9230769230769234
St. Vincent and the Grenadines,VCT,1993,24.35897435897436,North America,-0.9230769230769198
St. Vincent and the Grenadines,VCT,1994,23.435897435897434,North America,-0.9230769230769269
St. Vincent and the Grenadines,VCT,1995,22.512820512820515,North America,-0.9230769230769198
St. Vincent and the Grenadines,VCT,1996,21.58974358974359,North America,-0.9230769230769234
St. Vincent and the Grenadines,VCT,1997,20.666666666666668,North America,-0.9230769230769234
St. Vincent and the Grenadines,VCT,1998,19.743589743589745,North America,-0.9230769230769234
St. Vincent and the Grenadines,VCT,1999,18.820512820512818,North America,-0.9230769230769269
St. Vincent and the Grenadines,VCT,2000,17.94871794871795,North America,-0.8717948717948687
St. Vincent and the Grenadines,VCT,2001,17.94871794871795,North America,0.0
St. Vincent and the Grenadines,VCT,2002,17.94871794871795,North America,0.0
St. Vincent and the Grenadines,VCT,2003,17.94871794871795,North America,0.0
St. Vincent and the Grenadines,VCT,2004,17.94871794871795,North America,0.0
St. Vincent and the Grenadines,VCT,2005,17.94871794871795,North America,0.0
St. Vincent and the Grenadines,VCT,2006,17.94871794871795,North America,0.0
St. Vincent and the Grenadines,VCT,2007,17.94871794871795,North America,0.0
St. Vincent and the Grenadines,VCT,2008,17.94871794871795,North America,0.0
St. Vincent and the Grenadines,VCT,2009,17.94871794871795,North America,0.0
St. Vincent and the Grenadines,VCT,2010,17.94871794871795,North America,0.0
St. Vincent and the Grenadines,VCT,2011,17.94871794871795,North America,0.0
St. Vincent and the Grenadines,VCT,2012,17.94871794871795,North America,0.0
St. Vincent and the Grenadines,VCT,2013,17.94871794871795,North America,0.0
St. Vincent and the Grenadines,VCT,2014,17.94871794871795,North America,0.0
St. Vincent and the Grenadines,VCT,2015,17.94871794871795,North America,0.0
St. Vincent and the Grenadines,VCT,2016,17.94871794871795,North America,0.0
St. Vincent and the Grenadines,VCT,2017,17.94871794871795,North America,0.0
St. Vincent and the Grenadines,VCT,2018,17.94871794871795,North America,0.0
St. Vincent and the Grenadines,VCT,2019,17.94871794871795,North America,0.0
St. Vincent and the Grenadines,VCT,2020,17.94871794871795,North America,0.0
St. Vincent and the Grenadines,VCT,2021,17.94871794871795,North America,0.0
St. Vincent and the Grenadines,VCT,2022,17.94871794871795,North America,0.0
St. Vincent and the Grenadines,VCT,2023,17.94871794871795,North America,0.0
Sudan,SDN,2012,59.67128479657388,Africa,
Sudan,SDN,2013,59.66453961456103,Africa,-0.006745182012849682
Sudan,SDN,2014,59.66004282655246,Africa,-0.004496788008566455
Sudan,SDN,2015,59.82327623126338,Africa,0.1632334047109154
Sudan,SDN,2016,59.98650963597431,Africa,0.16323340471092962
Sudan,SDN,2017,60.14974304068522,Africa,0.1632334047109154
Sudan,SDN,2018,60.31316916488223,Africa,0.16342612419700941
Sudan,SDN,2019,60.31316916488223,Africa,0.0
Sudan,SDN,2020,60.31316916488223,Africa,0.0
Sudan,SDN,2021,60.31316916488223,Africa,0.0
Sudan,SDN,2022,60.31316916488223,Africa,0.0
Sudan,SDN,2023,60.31316916488223,Africa,0.0
Suriname,SUR,1961,0.2554396018980034,South America,
Suriname,SUR,1962,0.2616698360906377,South America,0.0062302341926342986
Suriname,SUR,1963,0.2554396018980034,South America,-0.0062302341926342986
Suriname,SUR,1964,0.2865907728611746,South America,0.031151170963171215
Suriname,SUR,1965,0.2928210070538088,South America,0.0062302341926341875
Suriname,SUR,1966,0.2741303044759061,South America,-0.01869070257790273
Suriname,SUR,1967,0.2679000702832719,South America,-0.0062302341926341875
Suriname,SUR,1968,0.2679000702832719,South America,0.0
Suriname,SUR,1969,0.2928210070538088,South America,0.024920936770536917
Suriname,SUR,1970,0.2990512412464431,South America,0.0062302341926342986
Suriname,SUR,1971,0.32397217801698,South America,0.02492093677053686
Suriname,SUR,1972,0.3302024122096142,South America,0.006230234192634243
Suriname,SUR,1973,0.3488931147875169,South America,0.018690702577902674
Suriname,SUR,1974,0.3551233489801511,South America,0.0062302341926341875
Suriname,SUR,1975,0.3613535831727854,South America,0.0062302341926342986
Suriname,SUR,1976,0.3675838173654196,South America,0.006230234192634243
Suriname,SUR,1977,0.3800442857506881,South America,0.012460468385268486
Suriname,SUR,1978,0.3862745199433223,South America,0.0062302341926341875
Suriname,SUR,1979,0.3987349883285907,South America,0.01246046838526843
Suriname,SUR,1980,0.429886159291762,South America,0.03115117096317127
Suriname,SUR,1981,0.4548070960622988,South America,0.024920936770536806
Suriname,SUR,1982,0.4672675644475673,South America,0.012460468385268486
Suriname,SUR,1983,0.4672675644475673,South America,0.0
Suriname,SUR,1984,0.4797280328328357,South America,0.01246046838526843
Suriname,SUR,1985,0.5046489696033727,South America,0.024920936770536972
Suriname,SUR,1986,0.5233396721812754,South America,0.01869070257790273
Suriname,SUR,1987,0.5482606089518123,South America,0.02492093677053686
Suriname,SUR,1988,0.5482606089518123,South America,0.0
Suriname,SUR,1989,0.5482606089518123,South America,0.0
Suriname,SUR,1990,0.5482606089518123,South America,0.0
Suriname,SUR,1991,0.5544908431444465,South America,0.006230234192634243
Suriname,SUR,1992,0.5544908431444465,South America,0.0
Suriname,SUR,1993,0.5544908431444465,South America,0.0
Suriname,SUR,1994,0.5544908431444465,South America,0.0
Suriname,SUR,1995,0.5544908431444465,South America,0.0
Suriname,SUR,1996,0.5544908431444465,South America,0.0
Suriname,SUR,1997,0.5482606089518123,South America,-0.006230234192634243
Suriname,SUR,1998,0.5482606089518123,South America,0.0
Suriname,SUR,1999,0.5482606089518123,South America,0.0
Suriname,SUR,2000,0.5482606089518123,South America,0.0
Suriname,SUR,2001,0.5358001405665438,South America,-0.012460468385268486
Suriname,SUR,2002,0.4610373302549331,South America,-0.0747628103116107
Suriname,SUR,2003,0.5015338525070556,South America,0.040496522252122524
Suriname,SUR,2004,0.4828431499291529,South America,-0.01869070257790273
Suriname,SUR,2005,0.453561049223772,South America,-0.029282100705380898
Suriname,SUR,2006,0.453561049223772,South America,0.0
Suriname,SUR,2007,0.4361163934843961,South America,-0.01744465573937587
Suriname,SUR,2008,0.4411005808385035,South America,0.004984187354107383
Suriname,SUR,2009,0.5009108290877922,South America,0.059810248249288656
Suriname,SUR,2010,0.4878273372832603,South America,-0.013083491804531888
Suriname,SUR,2011,0.4984187354107385,South America,0.010591398127478224
Suriname,SUR,2012,0.4560531429008257,South America,-0.042365592509912786
Suriname,SUR,2013,0.518355484827168,South America,0.062302341926342264
Suriname,SUR,2014,0.5495066557903392,South America,0.031151170963171215
Suriname,SUR,2015,0.542030374759178,South America,-0.007476281031161158
Suriname,SUR,2016,0.542030374759178,South America,0.0
Suriname,SUR,2017,0.5233396721812754,South America,-0.018690702577902618
Suriname,SUR,2018,0.5233396721812754,South America,0.0
Suriname,SUR,2019,0.5233396721812754,South America,0.0
Suriname,SUR,2020,0.4984187354107385,South America,-0.024920936770536917
Suriname,SUR,2021,0.48595826702547,South America,-0.012460468385268486
Suriname,SUR,2022,0.4485768618696646,South America,-0.0373814051558054
Suriname,SUR,2023,0.4450380888482484,South America,-0.003538773021416197
Sweden,SWE,1961,10.401637748542557,Europe,
Sweden,SWE,1962,10.242065774585685,Europe,-0.15957197395687217
Sweden,SWE,1963,9.77316966649703,Europe,-0.46889610808865534
Sweden,SWE,1964,9.679881435568396,Europe,-0.09328823092863381
Sweden,SWE,1965,9.449115811692304,Europe,-0.230765623876092
Sweden,SWE,1966,9.321458232526808,Europe,-0.12765757916549525
Sweden,SWE,1967,9.291998791180925,Europe,-0.02945944134588352
Sweden,SWE,1968,9.134881770669542,Europe,-0.15711702051138232
Sweden,SWE,1969,9.19380065336131,Europe,0.05891888269176704
Sweden,SWE,1970,9.213440280925232,Europe,0.019639627563922346
Sweden,SWE,1971,9.225715048152685,Europe,0.012274767227452799
Sweden,SWE,1972,9.166796165460916,Europe,-0.058918882691768815
Sweden,SWE,1973,9.127516910333073,Europe,-0.039279255127842916
Sweden,SWE,1974,9.169251118906406,Europe,0.041734208573332765
Sweden,SWE,1975,9.147156537896992,Europe,-0.02209458100941397
Sweden,SWE,1976,9.169251118906406,Europe,0.02209458100941397
Sweden,SWE,1977,9.137336724115032,Europe,-0.03191439479137337
Sweden,SWE,1978,9.152066444787977,Europe,0.014729720672944424
Sweden,SWE,1979,9.11033223621464,Europe,-0.04173420857333632
Sweden,SWE,1980,9.093147562096206,Europe,-0.017184674118434273
Sweden,SWE,1981,9.021953912176986,Europe,-0.07119364991921984
Sweden,SWE,1982,8.985129610494631,Europe,-0.03682430168235484
Sweden,SWE,1983,8.926210727802864,Europe,-0.05891888269176704
Sweden,SWE,1984,8.864836891665604,Europe,-0.06137383613726044
Sweden,SWE,1985,8.577607338543237,Europe,-0.2872295531223674
Sweden,SWE,1986,8.53341817652441,Europe,-0.04418916201882617
Sweden,SWE,1987,8.481864154169113,Europe,-0.05155402235529749
Sweden,SWE,1988,8.437674992150287,Europe,-0.04418916201882617
Sweden,SWE,1989,8.39103087668597,Europe,-0.046644115464316016
Sweden,SWE,1990,8.378756109458518,Europe,-0.012274767227452799
Sweden,SWE,1991,8.24373366995655,Europe,-0.13502243950196835
Sweden,SWE,1992,8.209364321719685,Europe,-0.034369348236864994
Sweden,SWE,1993,8.23882376306557,Europe,0.029459441345885296
Sweden,SWE,1994,8.23882376306557,Europe,0.0
Sweden,SWE,1995,8.020332906416929,Europe,-0.21849085664864099
Sweden,SWE,1996,8.093981509781639,Europe,0.07364860336470969
Sweden,SWE,1997,8.000693278853007,Europe,-0.09328823092863203
Sweden,SWE,1998,7.931954582379277,Europe,-0.0687386964737291
Sweden,SWE,1999,7.841121304896134,Europe,-0.09083327748314307
Sweden,SWE,2000,7.301277042232809,Europe,-0.5398442626633253
Sweden,SWE,2001,7.497182327182939,Europe,0.19590528495012993
Sweden,SWE,2002,7.708308323495107,Europe,0.21112599631216789
Sweden,SWE,2003,7.680812844905615,Europe,-0.02749547858949164
Sweden,SWE,2004,7.740959204320129,Europe,0.06014635941451374
Sweden,SWE,2005,7.858796969703665,Europe,0.11783776538353585
Sweden,SWE,2006,7.733348848639109,Europe,-0.12544812106455616
Sweden,SWE,2007,7.661664208030791,Europe,-0.0716846406083178
Sweden,SWE,2008,7.550945807639177,Europe,-0.11071840039161351
Sweden,SWE,2009,7.52983320800796,Europe,-0.021112599631217144
Sweden,SWE,2010,7.545790405403648,Europe,0.015957197395687572
Sweden,SWE,2011,7.519767898881449,Europe,-0.02602250652219862
Sweden,SWE,2012,7.442191370003955,Europe,-0.07757652887749433
Sweden,SWE,2013,7.453435056784301,Europe,0.011243686780345818
Sweden,SWE,2014,7.453410507249845,Europe,-2.4549534455964306e-05
Sweden,SWE,2015,7.434988685785375,Europe,-0.0184218214644698
Sweden,SWE,2016,7.416747080311971,Europe,-0.018241605473403588
Sweden,SWE,2017,7.393300602213583,Europe,-0.02344647809838829
Sweden,SWE,2018,7.36634329022193,Europe,-0.0269573119916533
Sweden,SWE,2019,7.378216460420349,Europe,0.01187317019841938
Sweden,SWE,2020,7.380671773718326,Europe,0.002455313297977213
Sweden,SWE,2021,7.373305833824396,Europe,-0.007365939893929863
Sweden,SWE,2022,7.35366332744058,Europe,-0.019642506383816816
Sweden,SWE,2023,7.321924030741276,Europe,-0.03173929669930331
Switzerland,CHE,1961,43.92582473183566,Europe,
Switzerland,CHE,1962,43.85245901639344,Europe,-0.07336571544222181
Switzerland,CHE,1963,43.49321999595224,Europe,-0.35923902044120126
Switzerland,CHE,1964,43.27059299736896,Europe,-0.22262699858328006
Switzerland,CHE,1965,43.04796599878567,Europe,-0.22262699858328716
Switzerland,CHE,1966,42.89870471564461,Europe,-0.14926128314105824
Switzerland,CHE,1967,42.72414490993726,Europe,-0.17455980570735363
Switzerland,CHE,1968,42.655838899008295,Europe,-0.06830601092896416
Switzerland,CHE,1969,42.68872697834446,Europe,0.032888079336167664
Switzerland,CHE,1970,42.347196923699656,Europe,-0.34153005464480657
Switzerland,CHE,1971,42.132159481886255,Europe,-0.21503744181340068
Switzerland,CHE,1972,42.06638332321393,Europe,-0.06577615867232822
Switzerland,CHE,1973,41.83616676786075,Europe,-0.23021655535317365
Switzerland,CHE,1974,41.67931592794981,Europe,-0.15685083991094473
Switzerland,CHE,1975,41.58571139445456,Europe,-0.09360453349524533
Switzerland,CHE,1976,41.555353167375024,Europe,-0.030358227079538835
Switzerland,CHE,1977,41.524994940295485,Europe,-0.030358227079538835
Switzerland,CHE,1978,41.61353976927747,Europe,0.08854482898198768
Switzerland,CHE,1979,41.96263171755415,Europe,0.3490919482766799
Switzerland,CHE,1980,41.82672796557237,Europe,-0.13590375198178606
Switzerland,CHE,1981,41.7162158846064,Europe,-0.1105120809659681
Switzerland,CHE,1982,41.59355061169464,Europe,-0.12266527291176033
Switzerland,CHE,1983,41.47124963096443,Europe,-0.12230098073020912
Switzerland,CHE,1984,41.34850067507758,Europe,-0.12274895588684842
Switzerland,CHE,1985,41.21171184503883,Europe,-0.13678883003875342
Switzerland,CHE,1986,41.10409459396215,Europe,-0.1076172510766753
Switzerland,CHE,1987,40.98243240474153,Europe,-0.121662189220622
Switzerland,CHE,1988,40.86112993689967,Europe,-0.12130246784185772
Switzerland,CHE,1989,40.74018718825253,Europe,-0.12094274864714549
Switzerland,CHE,1990,40.60359070632977,Europe,-0.13659648192275853
Switzerland,CHE,1991,40.499375780274654,Europe,-0.10421492605511418
Switzerland,CHE,1992,40.37950458683569,Europe,-0.1198711934389678
Switzerland,CHE,1993,40.25998804437495,Europe,-0.11951654246073673
Switzerland,CHE,1994,40.14082362098873,Europe,-0.11916442338621636
Switzerland,CHE,1995,40.02201384428456,Europe,-0.11880977670417536
Switzerland,CHE,1996,39.928465201295246,Europe,-0.09354864298931176
Switzerland,CHE,1997,39.85151049136068,Europe,-0.07695470993456865
Switzerland,CHE,1998,39.7749239557872,Europe,-0.07658653557347606
Switzerland,CHE,1999,39.69376442132535,Europe,-0.08115953446185387
Switzerland,CHE,2000,39.61727304011243,Europe,-0.07649138121291799
Switzerland,CHE,2001,39.5407713506987,Europe,-0.07650168941373181
Switzerland,CHE,2002,39.46560345844284,Europe,-0.0751678922558554
Switzerland,CHE,2003,39.389477968792285,Europe,-0.07612548965055765
Switzerland,CHE,2004,39.31192412380834,Europe,-0.07755384498394591
Switzerland,CHE,2005,39.234877637662535,Europe,-0.07704648614580378
Switzerland,CHE,2006,39.159052182210125,Europe,-0.07582545545241004
Switzerland,CHE,2007,39.08307777650119,Europe,-0.07597440570893355
Switzerland,CHE,2008,38.99911024891114,Europe,-0.08396752759005466
Switzerland,CHE,2009,38.91545146326511,Europe,-0.0836587856460298
Switzerland,CHE,2010,38.83283887862861,Europe,-0.08261258463650023
Switzerland,CHE,2011,38.75021113504327,Europe,-0.0826277435853342
Switzerland,CHE,2012,38.66765583381344,Europe,-0.08255530122983146
Switzerland,CHE,2013,38.58537585632188,Europe,-0.08227997749155946
Switzerland,CHE,2014,38.50280640783316,Europe,-0.08256944848871939
Switzerland,CHE,2015,38.42056854642456,Europe,-0.08223786140860057
Switzerland,CHE,2016,38.338660726511485,Europe,-0.08190781991307716
Switzerland,CHE,2017,38.25988246409799,Europe,-0.0787782624134934
Switzerland,CHE,2018,38.18240515033929,Europe,-0.07747731375869904
Switzerland,CHE,2019,38.10503413977808,Europe,-0.07737101056121531
Switzerland,CHE,2020,38.02710630294437,Europe,-0.07792783683370885
Switzerland,CHE,2021,37.94969226489846,Europe,-0.07741403804590874
Switzerland,CHE,2022,37.87129365676166,Europe,-0.07839860813680133
Switzerland,CHE,2023,37.7938948048868,Europe,-0.07739885187486095
Syrian Arab Republic,SYR,1961,81.29829143541191,Asia,
Syrian Arab Republic,SYR,1962,81.45608880182827,Asia,0.15779736641636077
Syrian Arab Republic,SYR,1963,81.84242028512352,Asia,0.38633148329525113
Syrian Arab Republic,SYR,1964,80.8248993361628,Asia,-1.0175209489607226
Syrian Arab Republic,SYR,1965,77.80498422026336,Asia,-3.019915115899437
Syrian Arab Republic,SYR,1966,74.16476221569268,Asia,-3.6402220045706883
Syrian Arab Republic,SYR,1967,74.16476221569268,Asia,0.0
Syrian Arab Republic,SYR,1968,73.02753291979542,Asia,-1.1372292958972565
Syrian Arab Republic,SYR,1969,73.1581238437262,Asia,0.1305909239307823
Syrian Arab Republic,SYR,1970,73.23430188268581,Asia,0.07617803895961117
Syrian Arab Republic,SYR,1971,73.2288605941887,Asia,-0.005441288497110008
Syrian Arab Republic,SYR,1972,77.05408640766134,Asia,3.825225813472642
Syrian Arab Republic,SYR,1973,78.77897486124714,Asia,1.7248884535857911
Syrian Arab Republic,SYR,1974,78.99118511263468,Asia,0.21221025138754612
Syrian Arab Republic,SYR,1975,76.76025682881706,Asia,-2.2309282838176188
Syrian Arab Republic,SYR,1976,77.33703340951136,Asia,0.5767765806943004
Syrian Arab Republic,SYR,1977,76.39569049951028,Asia,-0.941342910001083
Syrian Arab Republic,SYR,1978,76.22701055609969,Asia,-0.168679943410595
Syrian Arab Republic,SYR,1979,75.960387419741,Asia,-0.26662313635868884
Syrian Arab Republic,SYR,1980,76.51539884644684,Asia,0.5550114267058461
Syrian Arab Republic,SYR,1981,76.80378713679399,Asia,0.2883882903471431
Syrian Arab Republic,SYR,1982,76.79290455979975,Asia,-0.010882576994234228
Syrian Arab Republic,SYR,1983,76.12906736315159,Asia,-0.66383719664816
Syrian Arab Republic,SYR,1984,76.0311241702035,Asia,-0.09794319294809384
Syrian Arab Republic,SYR,1985,75.91141582326695,Asia,-0.11970834693654808
Syrian Arab Republic,SYR,1986,75.74273587985635,Asia,-0.168679943410595
Syrian Arab Republic,SYR,1987,75.67199912939384,Asia,-0.07073675046251537
Syrian Arab Republic,SYR,1988,74.72521493089563,Asia,-0.9467841984982073
Syrian Arab Republic,SYR,1989,73.41386440309066,Asia,-1.3113505278049757
Syrian Arab Republic,SYR,1990,73.430188268582,Asia,0.016323865491344236
Syrian Arab Republic,SYR,1991,73.52269017303298,Asia,0.09250190445098383
Syrian Arab Republic,SYR,1992,74.0722603112417,Asia,0.5495701382087219
Syrian Arab Republic,SYR,1993,74.23005767765807,Asia,0.15779736641636077
Syrian Arab Republic,SYR,1994,75.01360322124279,Asia,0.7835455435847223
Syrian Arab Republic,SYR,1995,75.02992708673413,Asia,0.016323865491344236
Syrian Arab Republic,SYR,1996,75.03536837523126,Asia,0.005441288497124219
Syrian Arab Republic,SYR,1997,75.11154641419088,Asia,0.07617803895962538
Syrian Arab Republic,SYR,1998,74.83948198933507,Asia,-0.27206442485581306
Syrian Arab Republic,SYR,1999,74.91021873979759,Asia,0.07073675046251537
Syrian Arab Republic,SYR,2000,74.60550658395908,Asia,-0.30471215583850153
Syrian Arab Republic,SYR,2001,74.67080204592448,Asia,0.06529546196539115
Syrian Arab Republic,SYR,2002,74.86668843182066,Asia,0.19588638589618768
Syrian Arab Republic,SYR,2003,75.23830273980064,Asia,0.3716143079799821
Syrian Arab Republic,SYR,2004,75.74767118810263,Asia,0.5093684483019842
Syrian Arab Republic,SYR,2005,75.32821267091573,Asia,-0.41945851718689653
Syrian Arab Republic,SYR,2006,75.57044055982138,Asia,0.24222788890564573
Syrian Arab Republic,SYR,2007,75.67523415377913,Asia,0.10479359395775134
Syrian Arab Republic,SYR,2008,75.68067959050316,Asia,0.005445436724031083
Syrian Arab Republic,SYR,2009,75.7351339577434,Asia,0.054454367240239776
Syrian Arab Republic,SYR,2010,75.73925829112889,Asia,0.004124333385490786
Syrian Arab Republic,SYR,2011,75.7773784240048,Asia,0.03812013287590332
Syrian Arab Republic,SYR,2012,75.8100528236127,Asia,0.03267439960789886
Syrian Arab Republic,SYR,2013,75.8100528236127,Asia,0.0
Syrian Arab Republic,SYR,2014,75.79916135707673,Asia,-0.010891466535966288
Syrian Arab Republic,SYR,2015,75.78826989054076,Asia,-0.010891466535966288
Syrian Arab Republic,SYR,2016,75.78351031966454,Asia,-0.004759570876217367
Syrian Arab Republic,SYR,2017,75.80477590807602,Asia,0.021265588411480962
Syrian Arab Republic,SYR,2018,75.79201655502914,Asia,-0.012759353046888577
Syrian Arab Republic,SYR,2019,75.75741436584435,Asia,-0.034602189184781196
Syrian Arab Republic,SYR,2020,75.76853455317757,Asia,0.011120187333219178
Syrian Arab Republic,SYR,2021,74.99306758154985,Asia,-0.775466971627722
Syrian Arab Republic,SYR,2022,74.09464684419757,Asia,-0.8984207373522821
Syrian Arab Republic,SYR,2023,74.09464684419757,Asia,0.0
São Tomé and Príncipe,STP,1961,36.45833333333333,Africa,
São Tomé and Príncipe,STP,1962,36.45833333333333,Africa,0.0
São Tomé and Príncipe,STP,1963,36.45833333333333,Africa,0.0
São Tomé and Príncipe,STP,1964,36.45833333333333,Africa,0.0
São Tomé and Príncipe,STP,1965,37.5,Africa,1.0416666666666714
São Tomé and Príncipe,STP,1966,37.5,Africa,0.0
São Tomé and Príncipe,STP,1967,37.5,Africa,0.0
São Tomé and Príncipe,STP,1968,37.5,Africa,0.0
São Tomé and Príncipe,STP,1969,37.5,Africa,0.0
São Tomé and Príncipe,STP,1970,37.5,Africa,0.0
São Tomé and Príncipe,STP,1971,38.54166666666667,Africa,1.0416666666666714
São Tomé and Príncipe,STP,1972,38.54166666666667,Africa,0.0
São Tomé and Príncipe,STP,1973,38.54166666666667,Africa,0.0
São Tomé and Príncipe,STP,1974,38.54166666666667,Africa,0.0
São Tomé and Príncipe,STP,1975,38.54166666666667,Africa,0.0
São Tomé and Príncipe,STP,1976,38.54166666666667,Africa,0.0
São Tomé and Príncipe,STP,1977,38.54166666666667,Africa,0.0
São Tomé and Príncipe,STP,1978,38.54166666666667,Africa,0.0
São Tomé and Príncipe,STP,1979,38.54166666666667,Africa,0.0
São Tomé and Príncipe,STP,1980,38.54166666666667,Africa,0.0
São Tomé and Príncipe,STP,1981,38.54166666666667,Africa,0.0
São Tomé and Príncipe,STP,1982,34.375,Africa,-4.166666666666671
São Tomé and Príncipe,STP,1983,35.41666666666667,Africa,1.0416666666666714
São Tomé and Príncipe,STP,1984,30.20833333333333,Africa,-5.208333333333343
São Tomé and Príncipe,STP,1985,31.25,Africa,1.0416666666666714
São Tomé and Príncipe,STP,1986,31.25,Africa,0.0
São Tomé and Príncipe,STP,1987,31.25,Africa,0.0
São Tomé and Príncipe,STP,1988,32.29166666666667,Africa,1.0416666666666714
São Tomé and Príncipe,STP,1989,31.25,Africa,-1.0416666666666714
São Tomé and Príncipe,STP,1990,30.20833333333333,Africa,-1.0416666666666714
São Tomé and Príncipe,STP,1991,31.25,Africa,1.0416666666666714
São Tomé and Príncipe,STP,1992,31.25,Africa,0.0
São Tomé and Príncipe,STP,1993,31.25,Africa,0.0
São Tomé and Príncipe,STP,1994,32.29166666666667,Africa,1.0416666666666714
São Tomé and Príncipe,STP,1995,29.166666666666668,Africa,-3.1250000000000036
São Tomé and Príncipe,STP,1996,29.166666666666668,Africa,0.0
São Tomé and Príncipe,STP,1997,28.125,Africa,-1.0416666666666679
São Tomé and Príncipe,STP,1998,32.29166666666667,Africa,4.166666666666671
São Tomé and Príncipe,STP,1999,36.45833333333333,Africa,4.166666666666657
São Tomé and Príncipe,STP,2000,37.5,Africa,1.0416666666666714
São Tomé and Príncipe,STP,2001,37.5,Africa,0.0
São Tomé and Príncipe,STP,2002,37.5,Africa,0.0
São Tomé and Príncipe,STP,2003,37.5,Africa,0.0
São Tomé and Príncipe,STP,2004,36.45833333333333,Africa,-1.0416666666666714
São Tomé and Príncipe,STP,2005,35.41666666666667,Africa,-1.0416666666666572
São Tomé and Príncipe,STP,2006,35.41666666666667,Africa,0.0
São Tomé and Príncipe,STP,2007,35.41666666666667,Africa,0.0
São Tomé and Príncipe,STP,2008,35.41666666666667,Africa,0.0
São Tomé and Príncipe,STP,2009,35.41666666666667,Africa,0.0
São Tomé and Príncipe,STP,2010,34.375,Africa,-1.0416666666666714
São Tomé and Príncipe,STP,2011,35.41666666666667,Africa,1.0416666666666714
São Tomé and Príncipe,STP,2012,36.45833333333333,Africa,1.0416666666666572
São Tomé and Príncipe,STP,2013,36.45833333333333,Africa,0.0
São Tomé and Príncipe,STP,2014,38.54166666666667,Africa,2.083333333333343
São Tomé and Príncipe,STP,2015,38.54166666666667,Africa,0.0
São Tomé and Príncipe,STP,2016,41.66666666666667,Africa,3.125
São Tomé and Príncipe,STP,2017,42.70833333333333,Africa,1.0416666666666572
São Tomé and Príncipe,STP,2018,43.75,Africa,1.0416666666666714
São Tomé and Príncipe,STP,2019,43.75,Africa,0.0
São Tomé and Príncipe,STP,2020,43.75,Africa,0.0
São Tomé and Príncipe,STP,2021,44.79166666666667,Africa,1.0416666666666714
São Tomé and Príncipe,STP,2022,44.79166666666667,Africa,0.0
São Tomé and Príncipe,STP,2023,44.79166666666667,Africa,0.0
Tajikistan,TJK,1992,32.07344955701629,Asia,
Tajikistan,TJK,1993,32.459274078308084,Asia,0.385824521291795
Tajikistan,TJK,1994,31.937696484709917,Asia,-0.5215775935981668
Tajikistan,TJK,1995,32.73792512146328,Asia,0.80022863675336
Tajikistan,TJK,1996,32.7593598170906,Asia,0.021434695627320366
Tajikistan,TJK,1997,32.59502715061446,Asia,-0.16433266647613465
Tajikistan,TJK,1998,32.487853672477854,Asia,-0.10717347813660894
Tajikistan,TJK,1999,32.637896541869104,Asia,0.15004286939124967
Tajikistan,TJK,2000,32.67362103458131,Asia,0.03572449271220535
Tajikistan,TJK,2001,32.67362103458131,Asia,0.0
Tajikistan,TJK,2002,32.659331237496424,Asia,-0.014289797084884981
Tajikistan,TJK,2003,32.837953701057444,Asia,0.17862246356101963
Tajikistan,TJK,2004,33.223778222349246,Asia,0.3858245212918021
Tajikistan,TJK,2005,33.38096599028294,Asia,0.15718776793369216
Tajikistan,TJK,2006,33.8310945984567,Asia,0.4501286081737632
Tajikistan,TJK,2007,33.78822520720205,Asia,-0.04286939125464784
Tajikistan,TJK,2008,33.773935410117176,Asia,-0.014289797084877875
Tajikistan,TJK,2009,34.00543012289226,Asia,0.23149471277508127
Tajikistan,TJK,2010,27.209202629322665,Asia,-6.796227493569592
Tajikistan,TJK,2011,26.8076593312375,Asia,-0.40154329808516565
Tajikistan,TJK,2012,26.21463275221492,Asia,-0.5930265790225775
Tajikistan,TJK,2013,26.45684481280366,Asia,0.2422120605887379
Tajikistan,TJK,2014,26.80097416165896,Asia,0.3441293488553008
Tajikistan,TJK,2015,27.07615822465596,Asia,0.27518406299699905
Tajikistan,TJK,2016,27.36436342675985,Asia,0.28820520210389233
Tajikistan,TJK,2017,27.679948123063618,Asia,0.31558469630376607
Tajikistan,TJK,2018,27.77289430074213,Asia,0.09294617767851321
Tajikistan,TJK,2019,27.840622523236547,Asia,0.06772822249441646
Tajikistan,TJK,2020,27.83125585416817,Asia,-0.009366669068377576
Tajikistan,TJK,2021,27.788745586857843,Asia,-0.04251026731032681
Tajikistan,TJK,2022,28.07262771093018,Asia,0.28388212407233837
Tajikistan,TJK,2023,27.94653793500973,Asia,-0.12608977592045179
Tanzania,TZA,1961,29.35199819372319,Africa,
Tanzania,TZA,1962,29.35199819372319,Africa,0.0
Tanzania,TZA,1963,30.480921201174084,Africa,1.1289230074508936
Tanzania,TZA,1964,30.480921201174084,Africa,0.0
Tanzania,TZA,1965,30.480921201174084,Africa,0.0
Tanzania,TZA,1966,30.480921201174084,Africa,0.0
Tanzania,TZA,1967,30.480921201174084,Africa,0.0
Tanzania,TZA,1968,30.480921201174084,Africa,0.0
Tanzania,TZA,1969,30.480921201174084,Africa,0.0
Tanzania,TZA,1970,31.60984420862497,Africa,1.1289230074508865
Tanzania,TZA,1971,32.738767216075864,Africa,1.1289230074508936
Tanzania,TZA,1972,32.738767216075864,Africa,0.0
Tanzania,TZA,1973,32.738767216075864,Africa,0.0
Tanzania,TZA,1974,32.738767216075864,Africa,0.0
Tanzania,TZA,1975,32.738767216075864,Africa,0.0
Tanzania,TZA,1976,32.738767216075864,Africa,0.0
Tanzania,TZA,1977,32.738767216075864,Africa,0.0
Tanzania,TZA,1978,33.86769022352675,Africa,1.1289230074508865
Tanzania,TZA,1979,33.86769022352675,Africa,0.0
Tanzania,TZA,1980,33.86769022352675,Africa,0.0
Tanzania,TZA,1981,34.996613230977644,Africa,1.1289230074508936
Tanzania,TZA,1982,34.996613230977644,Africa,0.0
Tanzania,TZA,1983,34.996613230977644,Africa,0.0
Tanzania,TZA,1984,34.996613230977644,Africa,0.0
Tanzania,TZA,1985,36.12553623842854,Africa,1.1289230074508936
Tanzania,TZA,1986,36.12553623842854,Africa,0.0
Tanzania,TZA,1987,36.12553623842854,Africa,0.0
Tanzania,TZA,1988,36.12553623842854,Africa,0.0
Tanzania,TZA,1989,36.12553623842854,Africa,0.0
Tanzania,TZA,1990,35.21109731316324,Africa,-0.9144389252652942
Tanzania,TZA,1991,35.63105667193497,Africa,0.4199593587717274
Tanzania,TZA,1992,36.05101603070671,Africa,0.4199593587717416
Tanzania,TZA,1993,36.47097538947844,Africa,0.4199593587717274
Tanzania,TZA,1994,36.89093474825017,Africa,0.4199593587717274
Tanzania,TZA,1995,37.3108941070219,Africa,0.4199593587717345
Tanzania,TZA,1996,37.73085346579364,Africa,0.4199593587717416
Tanzania,TZA,1997,38.04809212011741,Africa,0.3172386543237664
Tanzania,TZA,1998,38.15759765184015,Africa,0.10950553172273914
Tanzania,TZA,1999,38.27048995258524,Africa,0.11289230074508794
Tanzania,TZA,2000,38.383382253330325,Africa,0.11289230074508794
Tanzania,TZA,2001,38.49627455407541,Africa,0.11289230074508794
Tanzania,TZA,2002,38.6091668548205,Africa,0.11289230074508794
Tanzania,TZA,2003,38.68819146534207,Africa,0.0790246105215715
Tanzania,TZA,2004,39.238089862271394,Africa,0.5498983969293221
Tanzania,TZA,2005,39.86701286972229,Africa,0.6289230074508936
Tanzania,TZA,2006,40.49593587717318,Africa,0.6289230074508936
Tanzania,TZA,2007,41.11356965454956,Africa,0.6176337773763763
Tanzania,TZA,2008,41.74125084669226,Africa,0.6276811921427026
Tanzania,TZA,2009,41.98092120117408,Africa,0.23967035448181662
Tanzania,TZA,2010,42.22059155565591,Africa,0.23967035448183083
Tanzania,TZA,2011,42.46026191013773,Africa,0.23967035448182372
Tanzania,TZA,2012,42.33189659065252,Africa,-0.12836531948521213
Tanzania,TZA,2013,42.93960261910137,Africa,0.6077060284488525
Tanzania,TZA,2014,43.1792729735832,Africa,0.23967035448183083
Tanzania,TZA,2015,43.41894332806503,Africa,0.23967035448183083
Tanzania,TZA,2016,43.65861368254685,Africa,0.23967035448181662
Tanzania,TZA,2017,43.898284037028674,Africa,0.23967035448182372
Tanzania,TZA,2018,44.1379543915105,Africa,0.23967035448182372
Tanzania,TZA,2019,44.37762474599232,Africa,0.23967035448182372
Tanzania,TZA,2020,44.616391962068185,Africa,0.23876721607586404
Tanzania,TZA,2021,44.616391962068185,Africa,0.0
Tanzania,TZA,2022,44.616391962068185,Africa,0.0
Tanzania,TZA,2023,44.616391962068185,Africa,0.0
Thailand,THA,1961,22.809215290962836,Asia,
Thailand,THA,1962,23.44927479496565,Asia,0.6400595040028136
Thailand,THA,1963,24.38881168157529,Asia,0.9395368866096412
Thailand,THA,1964,24.839006439742413,Asia,0.45019475816712173
Thailand,THA,1965,25.32834856818493,Asia,0.4893421284425159
Thailand,THA,1966,25.856838066902853,Asia,0.5284894987179243
Thailand,THA,1967,26.346180195345376,Asia,0.489342128442523
Thailand,THA,1968,26.8159486386502,Asia,0.4697684433048259
Thailand,THA,1969,27.24656971167962,Asia,0.43062107302941754
Thailand,THA,1970,27.888586584196208,Asia,0.6420168725165887
Thailand,THA,1971,28.18414922977549,Asia,0.295562645579281
Thailand,THA,1972,29.81072246471843,Asia,1.626573234942942
Thailand,THA,1973,31.474485701423006,Asia,1.6637632367045754
Thailand,THA,1974,33.046252617980386,Asia,1.5717669165573795
Thailand,THA,1975,33.70588580712091,Asia,0.6596331891405214
Thailand,THA,1976,34.34790267963749,Asia,0.6420168725165851
Thailand,THA,1977,35.16412534987962,Asia,0.8162226702421265
Thailand,THA,1978,35.96860380903913,Asia,0.8044784591595118
Thailand,THA,1979,36.60670594452818,Asia,0.6381021354890493
Thailand,THA,1980,37.06864491377792,Asia,0.46193896924974354
Thailand,THA,1981,37.85746442482726,Asia,0.7888195110493399
Thailand,THA,1982,38.71479183385856,Asia,0.8573274090312992
Thailand,THA,1983,38.9477186869972,Asia,0.23292685313863615
Thailand,THA,1984,39.24719606960402,Asia,0.299477382606824
Thailand,THA,1985,40.27677190784709,Asia,1.029575838243069
Thailand,THA,1986,40.66433087357357,Asia,0.38755896572647686
Thailand,THA,1987,41.57450723247666,Asia,0.9101763589030938
Thailand,THA,1988,41.75067039871597,Asia,0.17616316623930572
Thailand,THA,1989,41.76437197831236,Asia,0.013701579596393287
Thailand,THA,1990,41.85441092994578,Asia,0.09003895163341724
Thailand,THA,1991,42.1147409422772,Asia,0.2603300123314227
Thailand,THA,1992,41.83679461332185,Asia,-0.2779463289553519
Thailand,THA,1993,41.58429407504551,Asia,-0.2525005382763368
Thailand,THA,1994,41.766329346826126,Asia,0.18203527178061307
Thailand,THA,1995,41.948364618606746,Asia,0.18203527178062018
Thailand,THA,1996,42.130399890387366,Asia,0.18203527178062018
Thailand,THA,1997,42.31243516216799,Asia,0.18203527178062728
Thailand,THA,1998,42.49251306543483,Asia,0.18007790326683448
Thailand,THA,1999,42.67454833721545,Asia,0.18203527178062018
Thailand,THA,2000,42.85658360899607,Asia,0.18203527178062018
Thailand,THA,2001,43.03861888077669,Asia,0.18203527178062018
Thailand,THA,2002,43.2206541525573,Asia,0.18203527178061307
Thailand,THA,2003,43.40268942433792,Asia,0.18203527178062018
Thailand,THA,2004,43.584724696118535,Asia,0.18203527178061307
Thailand,THA,2005,43.76675996789916,Asia,0.18203527178062728
Thailand,THA,2006,43.948795239679775,Asia,0.18203527178061307
Thailand,THA,2007,44.128873142946624,Asia,0.1800779032668487
Thailand,THA,2008,44.31090841472724,Asia,0.18203527178061307
Thailand,THA,2009,44.49294368650786,Asia,0.18203527178062018
Thailand,THA,2010,44.67497895828848,Asia,0.18203527178062018
Thailand,THA,2011,44.68280843234356,Asia,0.007829474055085939
Thailand,THA,2012,44.69063790639864,Asia,0.007829474055078833
Thailand,THA,2013,44.69898686605728,Asia,0.008348959658640354
Thailand,THA,2014,44.710211591536336,Asia,0.011224725479053177
Thailand,THA,2015,44.71804106559142,Asia,0.007829474055085939
Thailand,THA,2016,44.710211591536336,Asia,-0.007829474055085939
Thailand,THA,2017,44.71999843410519,Asia,0.009786842568857423
Thailand,THA,2018,44.71744700424749,Asia,-0.0025514298577036243
Thailand,THA,2019,45.01947581671201,Asia,0.3020288124645205
Thailand,THA,2020,45.551683728395545,Asia,0.5322079116835354
Thailand,THA,2021,45.998160073597056,Asia,0.4464763452015106
Thailand,THA,2022,45.998160073597056,Asia,0.0
Thailand,THA,2023,43.79807786411948,Asia,-2.2000822094775785
Timor-Leste,TLS,1961,15.46738399462004,Asia,
Timor-Leste,TLS,1962,15.46738399462004,Asia,0.0
Timor-Leste,TLS,1963,15.46738399462004,Asia,0.0
Timor-Leste,TLS,1964,15.46738399462004,Asia,0.0
Timor-Leste,TLS,1965,15.46738399462004,Asia,0.0
Timor-Leste,TLS,1966,15.46738399462004,Asia,0.0
Timor-Leste,TLS,1967,15.601882985877603,Asia,0.13449899125756382
Timor-Leste,TLS,1968,15.601882985877603,Asia,0.0
Timor-Leste,TLS,1969,15.66913248150639,Asia,0.06724949562878635
Timor-Leste,TLS,1970,16.34162743779422,Asia,0.6724949562878297
Timor-Leste,TLS,1971,16.34162743779422,Asia,0.0
Timor-Leste,TLS,1972,16.47612642905178,Asia,0.13449899125756204
Timor-Leste,TLS,1973,16.812373907195695,Asia,0.336247478143914
Timor-Leste,TLS,1974,16.812373907195695,Asia,0.0
Timor-Leste,TLS,1975,17.14862138533961,Asia,0.336247478143914
Timor-Leste,TLS,1976,17.350369872225958,Asia,0.2017484868863484
Timor-Leste,TLS,1977,17.61936785474109,Asia,0.2689979825151312
Timor-Leste,TLS,1978,18.22461331540013,Asia,0.6052454606590416
Timor-Leste,TLS,1979,18.560860793544048,Asia,0.33624747814391753
Timor-Leste,TLS,1980,18.7626092804304,Asia,0.20174848688635194
Timor-Leste,TLS,1981,18.964357767316745,Asia,0.20174848688634484
Timor-Leste,TLS,1982,19.09885675857431,Asia,0.1344989912575656
Timor-Leste,TLS,1983,19.23335574983188,Asia,0.13449899125756914
Timor-Leste,TLS,1984,19.435104236718225,Asia,0.20174848688634484
Timor-Leste,TLS,1985,19.636852723604573,Asia,0.2017484868863484
Timor-Leste,TLS,1986,19.83860121049092,Asia,0.2017484868863484
Timor-Leste,TLS,1987,20.10759919300605,Asia,0.26899798251512763
Timor-Leste,TLS,1988,20.376597175521184,Asia,0.26899798251513474
Timor-Leste,TLS,1989,20.51109616677875,Asia,0.1344989912575656
Timor-Leste,TLS,1990,21.38533960995293,Asia,0.8742434431741799
Timor-Leste,TLS,1991,22.19233355749832,Asia,0.80699394754539
Timor-Leste,TLS,1992,22.19233355749832,Asia,0.0
Timor-Leste,TLS,1993,22.528581035642237,Asia,0.33624747814391753
Timor-Leste,TLS,1994,22.864828513786147,Asia,0.3362474781439104
Timor-Leste,TLS,1995,22.864828513786147,Asia,0.0
Timor-Leste,TLS,1996,22.999327505043716,Asia,0.13449899125756914
Timor-Leste,TLS,1997,23.066577000672496,Asia,0.06724949562877924
Timor-Leste,TLS,1998,22.93207800941493,Asia,-0.1344989912575656
Timor-Leste,TLS,1999,22.6630800268998,Asia,-0.2689979825151312
Timor-Leste,TLS,2000,22.6630800268998,Asia,0.0
Timor-Leste,TLS,2001,22.63618022864829,Asia,-0.026899798251509566
Timor-Leste,TLS,2002,22.60928043039677,Asia,-0.026899798251520224
Timor-Leste,TLS,2003,22.44788164088769,Asia,-0.1613987895090787
Timor-Leste,TLS,2004,22.42098184263618,Asia,-0.026899798251509566
Timor-Leste,TLS,2005,22.394082044384668,Asia,-0.02689979825151312
Timor-Leste,TLS,2006,22.367182246133154,Asia,-0.02689979825151312
Timor-Leste,TLS,2007,22.34028244788164,Asia,-0.02689979825151312
Timor-Leste,TLS,2008,22.64963012777404,Asia,0.3093476798923973
Timor-Leste,TLS,2009,22.75722932078009,Asia,0.10759919300605247
Timor-Leste,TLS,2010,22.73032952252858,Asia,-0.026899798251509566
Timor-Leste,TLS,2011,22.77067921990585,Asia,0.04034969737726968
Timor-Leste,TLS,2012,22.80430396772024,Asia,0.03362474781438962
Timor-Leste,TLS,2013,22.837928715534638,Asia,0.03362474781439673
Timor-Leste,TLS,2014,22.871553463349027,Asia,0.03362474781438962
Timor-Leste,TLS,2015,22.905178211163417,Asia,0.03362474781438962
Timor-Leste,TLS,2016,22.938802958977806,Asia,0.03362474781438962
Timor-Leste,TLS,2017,22.9724277067922,Asia,0.033624747814393174
Timor-Leste,TLS,2018,23.00605245460659,Asia,0.03362474781438962
Timor-Leste,TLS,2019,22.958977807666443,Asia,-0.04707464694014618
Timor-Leste,TLS,2020,22.958977807666443,Asia,0.0
Timor-Leste,TLS,2021,22.958977807666443,Asia,0.0
Timor-Leste,TLS,2022,22.958977807666443,Asia,0.0
Timor-Leste,TLS,2023,22.958977807666443,Asia,0.0
Togo,TGO,1961,56.44419930134216,Africa,
Togo,TGO,1962,56.44419930134216,Africa,0.0
Togo,TGO,1963,56.44419930134216,Africa,0.0
Togo,TGO,1964,56.44419930134216,Africa,0.0
Togo,TGO,1965,56.53612796469939,Africa,0.09192866335722982
Togo,TGO,1966,56.53612796469939,Africa,0.0
Togo,TGO,1967,56.53612796469939,Africa,0.0
Togo,TGO,1968,56.53612796469939,Africa,0.0
Togo,TGO,1969,56.53612796469939,Africa,0.0
Togo,TGO,1970,56.53612796469939,Africa,0.0
Togo,TGO,1971,52.950910093767234,Africa,-3.585217870932155
Togo,TGO,1972,52.950910093767234,Africa,0.0
Togo,TGO,1973,52.950910093767234,Africa,0.0
Togo,TGO,1974,52.950910093767234,Africa,0.0
Togo,TGO,1975,52.950910093767234,Africa,0.0
Togo,TGO,1976,52.950910093767234,Africa,0.0
Togo,TGO,1977,52.950910093767234,Africa,0.0
Togo,TGO,1978,54.78948336091193,Africa,1.838573267144696
Togo,TGO,1979,55.70876999448428,Africa,0.919286633572348
Togo,TGO,1980,55.80069865784152,Africa,0.09192866335724403
Togo,TGO,1981,55.80069865784152,Africa,0.0
Togo,TGO,1982,55.80069865784152,Africa,0.0
Togo,TGO,1983,55.80069865784152,Africa,0.0
Togo,TGO,1984,56.71998529141386,Africa,0.9192866335723409
Togo,TGO,1985,56.8119139547711,Africa,0.09192866335723693
Togo,TGO,1986,56.8119139547711,Africa,0.0
Togo,TGO,1987,57.17962860820004,Africa,0.3677146534289406
Togo,TGO,1988,57.73120058834345,Africa,0.5515719801434074
Togo,TGO,1989,57.73120058834345,Africa,0.0
Togo,TGO,1990,58.09891524177239,Africa,0.3677146534289406
Togo,TGO,1991,58.55855855855856,Africa,0.45964331678617043
Togo,TGO,1992,58.9262732119875,Africa,0.3677146534289406
Togo,TGO,1993,59.38591652877368,Africa,0.45964331678617754
Togo,TGO,1994,59.75363118220262,Africa,0.3677146534289406
Togo,TGO,1995,60.12134583563154,Africa,0.3677146534289193
Togo,TGO,1996,60.489060489060485,Africa,0.3677146534289477
Togo,TGO,1997,61.224489795918366,Africa,0.7354293068578812
Togo,TGO,1998,61.59220444934731,Africa,0.3677146534289406
Togo,TGO,1999,61.959919102776254,Africa,0.3677146534289477
Togo,TGO,2000,62.511491082919655,Africa,0.5515719801434003
Togo,TGO,2001,62.8792057363486,Africa,0.3677146534289477
Togo,TGO,2002,63.24692038977753,Africa,0.3677146534289264
Togo,TGO,2003,63.61463504320647,Africa,0.3677146534289406
Togo,TGO,2004,63.98234969663541,Africa,0.3677146534289406
Togo,TGO,2005,64.71777900349329,Africa,0.7354293068578812
Togo,TGO,2006,65.63706563706563,Africa,0.9192866335723409
Togo,TGO,2007,66.09670895385182,Africa,0.45964331678618464
Togo,TGO,2008,66.8321382607097,Africa,0.7354293068578812
Togo,TGO,2009,67.19985291413863,Africa,0.3677146534289335
Togo,TGO,2010,67.3837102408531,Africa,0.18385732671447386
Togo,TGO,2011,67.3837102408531,Africa,0.0
Togo,TGO,2012,70.78507078507079,Africa,3.401360544217681
Togo,TGO,2013,70.23349880492738,Africa,-0.5515719801434074
Togo,TGO,2014,70.23349880492738,Africa,0.0
Togo,TGO,2015,70.23349880492738,Africa,0.0
Togo,TGO,2016,70.23349880492738,Africa,0.0
Togo,TGO,2017,70.23349880492738,Africa,0.0
Togo,TGO,2018,70.23349880492738,Africa,0.0
Togo,TGO,2019,70.23349880492738,Africa,0.0
Togo,TGO,2020,70.23349880492738,Africa,0.0
Togo,TGO,2021,70.23349880492738,Africa,0.0
Togo,TGO,2022,70.23349880492738,Africa,0.0
Togo,TGO,2023,70.23349880492738,Africa,0.0
Tonga,TON,1961,37.5,Oceania,
Tonga,TON,1962,38.88888888888889,Oceania,1.3888888888888928
Tonga,TON,1963,40.27777777777778,Oceania,1.3888888888888857
Tonga,TON,1964,40.27777777777778,Oceania,0.0
Tonga,TON,1965,41.66666666666667,Oceania,1.3888888888888928
Tonga,TON,1966,43.05555555555556,Oceania,1.3888888888888857
Tonga,TON,1967,43.05555555555556,Oceania,0.0
Tonga,TON,1968,43.05555555555556,Oceania,0.0
Tonga,TON,1969,45.83333333333333,Oceania,2.7777777777777715
Tonga,TON,1970,44.44444444444444,Oceania,-1.3888888888888857
Tonga,TON,1971,44.44444444444444,Oceania,0.0
Tonga,TON,1972,45.83333333333333,Oceania,1.3888888888888857
Tonga,TON,1973,45.83333333333333,Oceania,0.0
Tonga,TON,1974,47.22222222222222,Oceania,1.3888888888888928
Tonga,TON,1975,47.22222222222222,Oceania,0.0
Tonga,TON,1976,45.83333333333333,Oceania,-1.3888888888888928
Tonga,TON,1977,45.83333333333333,Oceania,0.0
Tonga,TON,1978,45.83333333333333,Oceania,0.0
Tonga,TON,1979,45.83333333333333,Oceania,0.0
Tonga,TON,1980,47.22222222222222,Oceania,1.3888888888888928
Tonga,TON,1981,47.22222222222222,Oceania,0.0
Tonga,TON,1982,47.22222222222222,Oceania,0.0
Tonga,TON,1983,45.83333333333333,Oceania,-1.3888888888888928
Tonga,TON,1984,45.83333333333333,Oceania,0.0
Tonga,TON,1985,45.83333333333333,Oceania,0.0
Tonga,TON,1986,45.83333333333333,Oceania,0.0
Tonga,TON,1987,45.83333333333333,Oceania,0.0
Tonga,TON,1988,45.83333333333333,Oceania,0.0
Tonga,TON,1989,44.44444444444444,Oceania,-1.3888888888888857
Tonga,TON,1990,44.44444444444444,Oceania,0.0
Tonga,TON,1991,44.44444444444444,Oceania,0.0
Tonga,TON,1992,44.44444444444444,Oceania,0.0
Tonga,TON,1993,44.44444444444444,Oceania,0.0
Tonga,TON,1994,44.44444444444444,Oceania,0.0
Tonga,TON,1995,45.83333333333333,Oceania,1.3888888888888857
Tonga,TON,1996,45.83333333333333,Oceania,0.0
Tonga,TON,1997,43.05555555555556,Oceania,-2.7777777777777715
Tonga,TON,1998,43.05555555555556,Oceania,0.0
Tonga,TON,1999,43.05555555555556,Oceania,0.0
Tonga,TON,2000,41.66666666666667,Oceania,-1.3888888888888857
Tonga,TON,2001,41.66666666666667,Oceania,0.0
Tonga,TON,2002,41.66666666666667,Oceania,0.0
Tonga,TON,2003,41.66666666666667,Oceania,0.0
Tonga,TON,2004,41.66666666666667,Oceania,0.0
Tonga,TON,2005,41.66666666666667,Oceania,0.0
Tonga,TON,2006,43.05555555555556,Oceania,1.3888888888888857
Tonga,TON,2007,43.05555555555556,Oceania,0.0
Tonga,TON,2008,43.05555555555556,Oceania,0.0
Tonga,TON,2009,44.44444444444444,Oceania,1.3888888888888857
Tonga,TON,2010,44.44444444444444,Oceania,0.0
Tonga,TON,2011,44.44444444444444,Oceania,0.0
Tonga,TON,2012,45.83333333333333,Oceania,1.3888888888888857
Tonga,TON,2013,45.83333333333333,Oceania,0.0
Tonga,TON,2014,47.22222222222222,Oceania,1.3888888888888928
Tonga,TON,2015,48.61111111111111,Oceania,1.3888888888888857
Tonga,TON,2016,48.61111111111111,Oceania,0.0
Tonga,TON,2017,48.61111111111111,Oceania,0.0
Tonga,TON,2018,48.61111111111111,Oceania,0.0
Tonga,TON,2019,48.61111111111111,Oceania,0.0
Tonga,TON,2020,48.61111111111111,Oceania,0.0
Tonga,TON,2021,48.61111111111111,Oceania,0.0
Tonga,TON,2022,48.61111111111111,Oceania,0.0
Tonga,TON,2023,48.61111111111111,Oceania,0.0
Tunisia,TUN,1961,55.66426364572605,Africa,
Tunisia,TUN,1962,55.651390319258496,Africa,-0.012873326467556012
Tunisia,TUN,1963,55.63851699279093,Africa,-0.012873326467563118
Tunisia,TUN,1964,56.16632337796087,Africa,0.5278063851699386
Tunisia,TUN,1965,56.1534500514933,Africa,-0.012873326467570223
Tunisia,TUN,1966,56.14057672502575,Africa,-0.012873326467548907
Tunisia,TUN,1967,56.12770339855818,Africa,-0.012873326467570223
Tunisia,TUN,1968,56.11483007209063,Africa,-0.012873326467548907
Tunisia,TUN,1969,57.08032955715757,Africa,0.9654994850669354
Tunisia,TUN,1970,58.2711122554068,Africa,1.1907826982492296
Tunisia,TUN,1971,58.303295571575696,Africa,0.032183316168897136
Tunisia,TUN,1972,58.9340885684861,Africa,0.6307929969104009
Tunisia,TUN,1973,59.5005149330587,Africa,0.5664263645726066
Tunisia,TUN,1974,59.809474768280126,Africa,0.30895983522142245
Tunisia,TUN,1975,60.24716786817713,Africa,0.4376930998970039
Tunisia,TUN,1976,60.68486096807415,Africa,0.4376930998970181
Tunisia,TUN,1977,60.97451081359423,Africa,0.28964984552008133
Tunisia,TUN,1978,60.2278578784758,Africa,-0.7466529351184263
Tunisia,TUN,1979,59.8159114315139,Africa,-0.41194644696189897
Tunisia,TUN,1980,58.32260556127703,Africa,-1.493305870236874
Tunisia,TUN,1981,58.75386199794027,Africa,0.4312564366632401
Tunisia,TUN,1982,59.32028836251288,Africa,0.5664263645726137
Tunisia,TUN,1983,59.99613800205973,Africa,0.675849639546847
Tunisia,TUN,1984,60.131307929969104,Africa,0.13516992790937365
Tunisia,TUN,1985,59.783728115345,Africa,-0.3475798146241047
Tunisia,TUN,1986,59.178681771369725,Africa,-0.6050463439752747
Tunisia,TUN,1987,59.25592173017508,Africa,0.07723995880535739
Tunisia,TUN,1988,59.02420185375901,Africa,-0.23171987641607217
Tunisia,TUN,1989,59.33959835221421,Africa,0.31539649845520046
Tunisia,TUN,1990,59.159371781668376,Africa,-0.1802265705458339
Tunisia,TUN,1991,59.2816683831102,Africa,0.12229660144182475
Tunisia,TUN,1992,60.21498455200825,Africa,0.9333161688980454
Tunisia,TUN,1993,60.64624098867147,Africa,0.4312564366632259
Tunisia,TUN,1994,59.7515447991761,Africa,-0.8946961894953702
Tunisia,TUN,1995,60.16992790937178,Africa,0.418383110195677
Tunisia,TUN,1996,60.01544799176107,Africa,-0.15447991761070767
Tunisia,TUN,1997,60.163491246138,Africa,0.14804325437692967
Tunisia,TUN,1998,60.63336766220392,Africa,0.46987641606592234
Tunisia,TUN,1999,61.31565396498455,Africa,0.682286302780625
Tunisia,TUN,2000,61.47657054582905,Africa,0.1609165808444999
Tunisia,TUN,2001,61.1418640576725,Africa,-0.3347064881565487
Tunisia,TUN,2002,62.84114315139032,Africa,1.69927909371782
Tunisia,TUN,2003,62.97631307929969,Africa,0.13516992790937365
Tunisia,TUN,2004,63.27239958805355,Africa,0.29608650875385933
Tunisia,TUN,2005,63.23377960865088,Africa,-0.03861997940267514
Tunisia,TUN,2006,63.117919670442845,Africa,-0.11585993820803253
Tunisia,TUN,2007,63.11148300720907,Africa,-0.006436663233778006
Tunisia,TUN,2008,63.60066941297632,Africa,0.48918640576725636
Tunisia,TUN,2009,63.0084963954686,Africa,-0.5921730175077258
Tunisia,TUN,2010,64.61122554067971,Africa,1.6027291452111143
Tunisia,TUN,2011,64.83007209062822,Africa,0.21884654994850905
Tunisia,TUN,2012,63.86457260556128,Africa,-0.9654994850669425
Tunisia,TUN,2013,63.99974253347065,Africa,0.13516992790937365
Tunisia,TUN,2014,62.82826982492276,Africa,-1.1714727085478955
Tunisia,TUN,2015,63.29814624098867,Africa,0.46987641606591524
Tunisia,TUN,2016,62.45236869207002,Africa,-0.8457775489186545
Tunisia,TUN,2017,62.71176622039136,Africa,0.2593975283213439
Tunisia,TUN,2018,62.4388516992791,Africa,-0.2729145211122628
Tunisia,TUN,2019,62.4388516992791,Africa,0.0
Tunisia,TUN,2020,62.4388516992791,Africa,0.0
Tunisia,TUN,2021,62.4388516992791,Africa,0.0
Tunisia,TUN,2022,62.4388516992791,Africa,0.0
Tunisia,TUN,2023,62.4388516992791,Africa,0.0
Turkmenistan,TKM,1992,75.22396952737643,Asia,
Turkmenistan,TKM,1993,75.43676717809036,Asia,0.21279765071393797
Turkmenistan,TKM,1994,75.43676717809036,Asia,0.0
Turkmenistan,TKM,1995,75.54316600344733,Asia,0.10639882535696188
Turkmenistan,TKM,1996,75.54316600344733,Asia,0.0
Turkmenistan,TKM,1997,75.54316600344733,Asia,0.0
Turkmenistan,TKM,1998,75.54316600344733,Asia,0.0
Turkmenistan,TKM,1999,75.62828506373289,Asia,0.08511906028556382
Turkmenistan,TKM,2000,75.54316600344733,Asia,-0.08511906028556382
Turkmenistan,TKM,2001,75.54316600344733,Asia,0.0
Turkmenistan,TKM,2002,75.22396952737643,Asia,-0.31919647607089985
Turkmenistan,TKM,2003,74.88349328623411,Asia,-0.3404762411423121
Turkmenistan,TKM,2004,74.58557657523461,Asia,-0.2979167109995018
Turkmenistan,TKM,2005,74.22382056902092,Asia,-0.36175600621369597
Turkmenistan,TKM,2006,73.84078479773584,Asia,-0.3830357712850798
Turkmenistan,TKM,2007,73.52158832166494,Asia,-0.31919647607089985
Turkmenistan,TKM,2008,73.09599302023706,Asia,-0.42559530142787594
Turkmenistan,TKM,2009,72.78743642670184,Asia,-0.30855659353521503
Turkmenistan,TKM,2010,72.35120124273828,Asia,-0.43623518396356076
Turkmenistan,TKM,2011,72.0064690485817,Asia,-0.3447321941565775
Turkmenistan,TKM,2012,73.57611771966037,Asia,1.5696486710786672
Turkmenistan,TKM,2013,75.14576639073904,Asia,1.5696486710786672
Turkmenistan,TKM,2014,76.71541506181771,Asia,1.5696486710786672
Turkmenistan,TKM,2015,78.28506373289639,Asia,1.5696486710786814
Turkmenistan,TKM,2016,79.85471240397506,Asia,1.5696486710786672
Turkmenistan,TKM,2017,81.42436107505372,Asia,1.5696486710786672
Turkmenistan,TKM,2018,82.9940097461324,Asia,1.5696486710786814
Turkmenistan,TKM,2019,84.56365841721107,Asia,1.5696486710786672
Turkmenistan,TKM,2020,84.55876407124465,Asia,-0.004894345966420133
Turkmenistan,TKM,2021,84.55365692762751,Asia,-0.005107143617138377
Turkmenistan,TKM,2022,84.55365692762751,Asia,0.0
Turkmenistan,TKM,2023,84.22156321154215,Asia,-0.3320937160853674
Turks and Caicos Islands,TCA,1961,1.0526315789473684,North America,
Turks and Caicos Islands,TCA,1962,1.0526315789473684,North America,0.0
Turks and Caicos Islands,TCA,1963,1.0526315789473684,North America,0.0
Turks and Caicos Islands,TCA,1964,1.0526315789473684,North America,0.0
Turks and Caicos Islands,TCA,1965,1.0526315789473684,North America,0.0
Turks and Caicos Islands,TCA,1966,1.0526315789473684,North America,0.0
Turks and Caicos Islands,TCA,1967,1.0526315789473684,North America,0.0
Turks and Caicos Islands,TCA,1968,1.0526315789473684,North America,0.0
Turks and Caicos Islands,TCA,1969,1.0526315789473684,North America,0.0
Turks and Caicos Islands,TCA,1970,1.0526315789473684,North America,0.0
Turks and Caicos Islands,TCA,1971,1.0526315789473684,North America,0.0
Turks and Caicos Islands,TCA,1972,1.0526315789473684,North America,0.0
Turks and Caicos Islands,TCA,1973,1.0526315789473684,North America,0.0
Turks and Caicos Islands,TCA,1974,1.0526315789473684,North America,0.0
Turks and Caicos Islands,TCA,1975,1.0526315789473684,North America,0.0
Turks and Caicos Islands,TCA,1976,1.0526315789473684,North America,0.0
Turks and Caicos Islands,TCA,1977,1.0526315789473684,North America,0.0
Turks and Caicos Islands,TCA,1978,1.0526315789473684,North America,0.0
Turks and Caicos Islands,TCA,1979,1.0526315789473684,North America,0.0
Turks and Caicos Islands,TCA,1980,1.0526315789473684,North America,0.0
Turks and Caicos Islands,TCA,1981,1.0526315789473684,North America,0.0
Turks and Caicos Islands,TCA,1982,1.0526315789473684,North America,0.0
Turks and Caicos Islands,TCA,1983,1.0526315789473684,North America,0.0
Turks and Caicos Islands,TCA,1984,1.0526315789473684,North America,0.0
Turks and Caicos Islands,TCA,1985,1.0526315789473684,North America,0.0
Turks and Caicos Islands,TCA,1986,1.0526315789473684,North America,0.0
Turks and Caicos Islands,TCA,1987,1.0526315789473684,North America,0.0
Turks and Caicos Islands,TCA,1988,1.0526315789473684,North America,0.0
Turks and Caicos Islands,TCA,1989,1.0526315789473684,North America,0.0
Turks and Caicos Islands,TCA,1990,1.0526315789473684,North America,0.0
Turks and Caicos Islands,TCA,1991,1.0526315789473684,North America,0.0
Turks and Caicos Islands,TCA,1992,1.0526315789473684,North America,0.0
Turks and Caicos Islands,TCA,1993,1.0526315789473684,North America,0.0
Turks and Caicos Islands,TCA,1994,1.0526315789473684,North America,0.0
Turks and Caicos Islands,TCA,1995,1.0526315789473684,North America,0.0
Turks and Caicos Islands,TCA,1996,1.0526315789473684,North America,0.0
Turks and Caicos Islands,TCA,1997,1.0526315789473684,North America,0.0
Turks and Caicos Islands,TCA,1998,1.0526315789473684,North America,0.0
Turks and Caicos Islands,TCA,1999,1.0526315789473684,North America,0.0
Turks and Caicos Islands,TCA,2000,1.0526315789473684,North America,0.0
Turks and Caicos Islands,TCA,2001,1.0526315789473684,North America,0.0
Turks and Caicos Islands,TCA,2002,1.0526315789473684,North America,0.0
Turks and Caicos Islands,TCA,2003,1.0526315789473684,North America,0.0
Turks and Caicos Islands,TCA,2004,1.0526315789473684,North America,0.0
Turks and Caicos Islands,TCA,2005,1.0526315789473684,North America,0.0
Turks and Caicos Islands,TCA,2006,1.0526315789473684,North America,0.0
Turks and Caicos Islands,TCA,2007,1.0526315789473684,North America,0.0
Turks and Caicos Islands,TCA,2008,1.0526315789473684,North America,0.0
Turks and Caicos Islands,TCA,2009,1.0526315789473684,North America,0.0
Turks and Caicos Islands,TCA,2010,1.0526315789473684,North America,0.0
Turks and Caicos Islands,TCA,2011,1.0526315789473684,North America,0.0
Turks and Caicos Islands,TCA,2012,1.0526315789473684,North America,0.0
Turks and Caicos Islands,TCA,2013,1.0526315789473684,North America,0.0
Turks and Caicos Islands,TCA,2014,1.0526315789473684,North America,0.0
Turks and Caicos Islands,TCA,2015,1.0526315789473684,North America,0.0
Turks and Caicos Islands,TCA,2016,1.0526315789473684,North America,0.0
Turks and Caicos Islands,TCA,2017,1.0526315789473684,North America,0.0
Turks and Caicos Islands,TCA,2018,1.0526315789473684,North America,0.0
Turks and Caicos Islands,TCA,2019,1.0526315789473684,North America,0.0
Turks and Caicos Islands,TCA,2020,1.0526315789473684,North America,0.0
Turks and Caicos Islands,TCA,2021,1.0526315789473684,North America,0.0
Turks and Caicos Islands,TCA,2022,1.0526315789473684,North America,0.0
Turks and Caicos Islands,TCA,2023,1.0526315789473684,North America,0.0
Tuvalu,TUV,1961,66.66666666666666,Oceania,
Tuvalu,TUV,1962,66.66666666666666,Oceania,0.0
Tuvalu,TUV,1963,66.66666666666666,Oceania,0.0
Tuvalu,TUV,1964,66.66666666666666,Oceania,0.0
Tuvalu,TUV,1965,66.66666666666666,Oceania,0.0
Tuvalu,TUV,1966,66.66666666666666,Oceania,0.0
Tuvalu,TUV,1967,66.66666666666666,Oceania,0.0
Tuvalu,TUV,1968,66.66666666666666,Oceania,0.0
Tuvalu,TUV,1969,66.66666666666666,Oceania,0.0
Tuvalu,TUV,1970,66.66666666666666,Oceania,0.0
Tuvalu,TUV,1971,66.66666666666666,Oceania,0.0
Tuvalu,TUV,1972,66.66666666666666,Oceania,0.0
Tuvalu,TUV,1973,66.66666666666666,Oceania,0.0
Tuvalu,TUV,1974,66.66666666666666,Oceania,0.0
Tuvalu,TUV,1975,66.66666666666666,Oceania,0.0
Tuvalu,TUV,1976,66.66666666666666,Oceania,0.0
Tuvalu,TUV,1977,66.66666666666666,Oceania,0.0
Tuvalu,TUV,1978,66.66666666666666,Oceania,0.0
Tuvalu,TUV,1979,66.66666666666666,Oceania,0.0
Tuvalu,TUV,1980,66.66666666666666,Oceania,0.0
Tuvalu,TUV,1981,66.66666666666666,Oceania,0.0
Tuvalu,TUV,1982,66.66666666666666,Oceania,0.0
Tuvalu,TUV,1983,66.66666666666666,Oceania,0.0
Tuvalu,TUV,1984,66.66666666666666,Oceania,0.0
Tuvalu,TUV,1985,66.66666666666666,Oceania,0.0
Tuvalu,TUV,1986,66.66666666666666,Oceania,0.0
Tuvalu,TUV,1987,66.66666666666666,Oceania,0.0
Tuvalu,TUV,1988,66.66666666666666,Oceania,0.0
Tuvalu,TUV,1989,66.66666666666666,Oceania,0.0
Tuvalu,TUV,1990,66.66666666666666,Oceania,0.0
Tuvalu,TUV,1991,66.66666666666666,Oceania,0.0
Tuvalu,TUV,1992,66.66666666666666,Oceania,0.0
Tuvalu,TUV,1993,66.66666666666666,Oceania,0.0
Tuvalu,TUV,1994,66.66666666666666,Oceania,0.0
Tuvalu,TUV,1995,66.66666666666666,Oceania,0.0
Tuvalu,TUV,1996,66.66666666666666,Oceania,0.0
Tuvalu,TUV,1997,66.66666666666666,Oceania,0.0
Tuvalu,TUV,1998,66.66666666666666,Oceania,0.0
Tuvalu,TUV,1999,66.66666666666666,Oceania,0.0
Tuvalu,TUV,2000,66.66666666666666,Oceania,0.0
Tuvalu,TUV,2001,56.66666666666666,Oceania,-10.0
Tuvalu,TUV,2002,56.66666666666666,Oceania,0.0
Tuvalu,TUV,2003,56.66666666666666,Oceania,0.0
Tuvalu,TUV,2004,56.66666666666666,Oceania,0.0
Tuvalu,TUV,2005,56.66666666666666,Oceania,0.0
Tuvalu,TUV,2006,56.66666666666666,Oceania,0.0
Tuvalu,TUV,2007,60.0,Oceania,3.333333333333343
Tuvalu,TUV,2008,60.0,Oceania,0.0
Tuvalu,TUV,2009,60.0,Oceania,0.0
Tuvalu,TUV,2010,60.0,Oceania,0.0
Tuvalu,TUV,2011,60.0,Oceania,0.0
Tuvalu,TUV,2012,60.0,Oceania,0.0
Tuvalu,TUV,2013,60.0,Oceania,0.0
Tuvalu,TUV,2014,60.0,Oceania,0.0
Tuvalu,TUV,2015,60.0,Oceania,0.0
Tuvalu,TUV,2016,60.0,Oceania,0.0
Tuvalu,TUV,2017,60.0,Oceania,0.0
Tuvalu,TUV,2018,60.0,Oceania,0.0
Tuvalu,TUV,2019,60.0,Oceania,0.0
Tuvalu,TUV,2020,60.0,Oceania,0.0
Tuvalu,TUV,2021,60.0,Oceania,0.0
Tuvalu,TUV,2022,60.0,Oceania,0.0
Tuvalu,TUV,2023,60.0,Oceania,0.0
Türkiye,TUR,1961,47.44747476059925,Asia,
Türkiye,TUR,1962,47.61768642074763,Asia,0.1702116601483823
Türkiye,TUR,1963,48.55579954003872,Asia,0.9381131192910885
Türkiye,TUR,1964,48.45445213933968,Asia,-0.10134740069904069
Türkiye,TUR,1965,48.45964944193963,Asia,0.005197302599952991
Türkiye,TUR,1966,48.70392266413731,Asia,0.2442732221976769
Türkiye,TUR,1967,48.46484674453959,Asia,-0.2390759195977168
Türkiye,TUR,1968,48.85594376518586,Asia,0.3910970206462707
Türkiye,TUR,1969,50.209841092473006,Asia,1.353897327287143
Türkiye,TUR,1970,49.60565466522875,Asia,-0.6041864272442581
Türkiye,TUR,1971,49.78236295362707,Asia,0.17670828839832353
Türkiye,TUR,1972,50.44761768642074,Asia,0.6652547327936702
Türkiye,TUR,1973,50.39694398607123,Asia,-0.05067370034951324
Türkiye,TUR,1974,49.8005535127269,Asia,-0.5963904733443286
Türkiye,TUR,1975,49.32500032483141,Asia,-0.4755531878954926
Türkiye,TUR,1976,49.24834011148214,Asia,-0.07666021334926398
Türkiye,TUR,1977,49.41205514338058,Asia,0.16371503189843395
Türkiye,TUR,1978,49.43284435378039,Asia,0.020789210399811964
Türkiye,TUR,1979,50.53337317931993,Asia,1.1005288255395413
Türkiye,TUR,1980,50.1266842508738,Asia,-0.4066889284461297
Türkiye,TUR,1981,50.17086132297338,Asia,0.04417707209957911
Türkiye,TUR,1982,48.32322024869093,Asia,-1.8476410742824498
Türkiye,TUR,1983,47.708639216246766,Asia,-0.6145810324441641
Türkiye,TUR,1984,48.87153567298572,Asia,1.162896456738956
Türkiye,TUR,1985,49.54328703402934,Asia,0.6717513610436185
Türkiye,TUR,1986,50.001948988474986,Asia,0.4586619544456454
Türkiye,TUR,1987,51.22851240206333,Asia,1.2265634135883445
Türkiye,TUR,1988,51.01542299546536,Asia,-0.21308940659797315
Türkiye,TUR,1989,51.83919545755753,Asia,0.8237724620921725
Türkiye,TUR,1990,51.55334381456025,Asia,-0.2858516429972795
Türkiye,TUR,1991,52.06008081805543,Asia,0.5067370034951821
Türkiye,TUR,1992,51.84829073710744,Asia,-0.211790080947992
Türkiye,TUR,1993,51.85998466795733,Asia,0.011693930849887124
Türkiye,TUR,1994,52.16662552135441,Asia,0.30664085339708436
Türkiye,TUR,1995,51.31426789496252,Asia,-0.8523576263918926
Türkiye,TUR,1996,51.146654886114106,Asia,-0.1676130088484129
Türkiye,TUR,1997,50.98813715681562,Asia,-0.15851772929848806
Türkiye,TUR,1998,51.86778062185725,Asia,0.8796434650416316
Türkiye,TUR,1999,52.36542234580253,Asia,0.4976417239452786
Türkiye,TUR,2000,52.59540298585035,Asia,0.22998064004782037
Türkiye,TUR,2001,53.230773228694304,Asia,0.6353702428439547
Türkiye,TUR,2002,53.52701947689149,Asia,0.2962462481971855
Türkiye,TUR,2003,52.80979171809831,Asia,-0.7172277587931788
Türkiye,TUR,2004,53.54521003599132,Asia,0.7354183178930072
Türkiye,TUR,2005,53.562101269441165,Asia,0.01689123344984722
Türkiye,TUR,2006,52.61359354495016,Asia,-0.9485077244910016
Türkiye,TUR,2007,51.32985980276237,Asia,-1.283733742187792
Türkiye,TUR,2008,50.83221807881709,Asia,-0.4976417239452786
Türkiye,TUR,2009,50.5580603666697,Asia,-0.2741577121473924
Türkiye,TUR,2010,50.68929225731845,Asia,0.13123189064874907
Türkiye,TUR,2011,49.69530813507789,Asia,-0.9939841222405619
Türkiye,TUR,2012,49.90320023907592,Asia,0.20789210399803437
Türkiye,TUR,2013,49.92398944947572,Asia,0.020789210399797753
Türkiye,TUR,2014,50.0942011096241,Asia,0.1702116601483823
Türkiye,TUR,2015,50.090303132674144,Asia,-0.0038979769499576378
Türkiye,TUR,2016,49.8005535127269,Asia,-0.28974961994724424
Türkiye,TUR,2017,49.32759897613138,Asia,-0.4729545365955232
Türkiye,TUR,2018,49.11710822083339,Asia,-0.21049075529798955
Türkiye,TUR,2019,49.00536621493445,Asia,-0.11174200589893957
Türkiye,TUR,2020,49.06513519483388,Asia,0.059768979899430974
Türkiye,TUR,2021,49.49001468237984,Asia,0.42487948754595806
Türkiye,TUR,2022,50.02533685017476,Asia,0.5353221677949236
Türkiye,TUR,2023,50.13837818172369,Asia,0.11304133154892781
Uganda,UGA,1961,45.1328762324208,Africa,
Uganda,UGA,1962,45.61333266603273,Africa,0.48045643361193413
Uganda,UGA,1963,46.33401731645063,Africa,0.7206846504178941
Uganda,UGA,1964,49.41194134427706,Africa,3.077924027826434
Uganda,UGA,1965,49.40193183524348,Africa,-0.010009509033579889
Uganda,UGA,1966,49.47199839847856,Africa,0.07006656323508054
Uganda,UGA,1967,49.48701266202893,Africa,0.015014263550369833
Uganda,UGA,1968,49.6721885791502,Africa,0.18517591712127057
Uganda,UGA,1969,49.797307442069965,Africa,0.12511886291976282
Uganda,UGA,1970,49.9474500775737,Africa,0.15014263550373386
Uganda,UGA,1971,50.19768780341324,Africa,0.25023772583953985
Uganda,UGA,1972,50.548020619588605,Africa,0.35033281617536716
Uganda,UGA,1973,50.948400980931886,Africa,0.4003803613432808
Uganda,UGA,1974,51.36880036034233,Africa,0.4203993794104406
Uganda,UGA,1975,52.084480256243424,Africa,0.715679895901097
Uganda,UGA,1976,52.74010309794305,Africa,0.6556228416996248
Uganda,UGA,1977,52.74010309794305,Africa,0.0
Uganda,UGA,1978,53.100445423152,Africa,0.36034232520895415
Uganda,UGA,1979,53.100445423152,Africa,0.0
Uganda,UGA,1980,53.45077823932736,Africa,0.35033281617536005
Uganda,UGA,1981,53.85115860067064,Africa,0.4003803613432737
Uganda,UGA,1982,54.25153896201391,Africa,0.4003803613432737
Uganda,UGA,1983,56.55372603973776,Africa,2.3021870777238505
Uganda,UGA,1984,57.55467694309594,Africa,1.0009509033581807
Uganda,UGA,1985,58.05515239477504,Africa,0.500475451679101
Uganda,UGA,1986,59.14118412491868,Africa,1.0860317301436382
Uganda,UGA,1987,59.14118412491868,Africa,0.0
Uganda,UGA,1988,59.14118412491868,Africa,0.0
Uganda,UGA,1989,59.36639807817426,Africa,0.22521395325557592
Uganda,UGA,1990,59.86687352985336,Africa,0.500475451679101
Uganda,UGA,1991,60.21720634602873,Africa,0.35033281617537426
Uganda,UGA,1992,60.31730143636455,Africa,0.1000950903358202
Uganda,UGA,1993,60.46744407186827,Africa,0.15014263550371965
Uganda,UGA,1994,60.5675391622041,Africa,0.10009509033582731
Uganda,UGA,1995,60.66763425253991,Africa,0.1000950903358131
Uganda,UGA,1996,60.91787197837946,Africa,0.25023772583954695
Uganda,UGA,1997,60.91787197837946,Africa,0.0
Uganda,UGA,1998,61.268204794554826,Africa,0.35033281617536716
Uganda,UGA,1999,61.36829988489064,Africa,0.1000950903358131
Uganda,UGA,2000,62.61948851408838,Africa,1.2511886291977419
Uganda,UGA,2001,63.11996396576748,Africa,0.500475451679101
Uganda,UGA,2002,64.12091486912567,Africa,1.0009509033581878
Uganda,UGA,2003,65.62234122416295,Africa,1.5014263550372817
Uganda,UGA,2004,66.3730544016816,Africa,0.750713177518648
Uganda,UGA,2005,66.3730544016816,Africa,0.0
Uganda,UGA,2006,67.37775887092738,Africa,1.0047044692457803
Uganda,UGA,2007,68.38246334017316,Africa,1.0047044692457803
Uganda,UGA,2008,69.6374055352585,Africa,1.2549421950853343
Uganda,UGA,2009,70.64211000450427,Africa,1.0047044692457803
Uganda,UGA,2010,71.14003590664272,Africa,0.4979259021384479
Uganda,UGA,2011,71.63873927787752,Africa,0.4987033712347966
Uganda,UGA,2012,71.8880909634949,Africa,0.24935168561738408
Uganda,UGA,2013,71.8880909634949,Africa,0.0
Uganda,UGA,2014,71.8880909634949,Africa,0.0
Uganda,UGA,2015,71.8880909634949,Africa,0.0
Uganda,UGA,2016,71.8880909634949,Africa,0.0
Uganda,UGA,2017,71.8880909634949,Africa,0.0
Uganda,UGA,2018,71.8880909634949,Africa,0.0
Uganda,UGA,2019,71.8880909634949,Africa,0.0
Uganda,UGA,2020,71.8880909634949,Africa,0.0
Uganda,UGA,2021,71.8880909634949,Africa,0.0
Uganda,UGA,2022,71.8880909634949,Africa,0.0
Uganda,UGA,2023,71.8880909634949,Africa,0.0
Ukraine,UKR,1992,72.37248640718046,Europe,
Ukraine,UKR,1993,72.30516958660567,Europe,-0.0673168205747885
Ukraine,UKR,1994,72.2551134892552,Europe,-0.05005609735047756
Ukraine,UKR,1995,72.24130491067575,Europe,-0.013808578579443065
Ukraine,UKR,1996,72.21886597048416,Europe,-0.022438940191591428
Ukraine,UKR,1997,72.24303098299819,Europe,0.02416501251403247
Ukraine,UKR,1998,71.82359540864762,Europe,-0.41943557435057244
Ukraine,UKR,1999,71.55087598170363,Europe,-0.2727194269439934
Ukraine,UKR,2000,71.46975058254941,Europe,-0.08112539915421735
Ukraine,UKR,2001,71.43350306377837,Europe,-0.03624751877103449
Ukraine,UKR,2002,71.45372320226464,Europe,0.020220138486266137
Ukraine,UKR,2003,71.38295301550039,Europe,-0.07077018676424984
Ukraine,UKR,2004,71.3812269133842,Europe,-0.0017261021161942836
Ukraine,UKR,2005,71.28999965480341,Europe,-0.09122725858078695
Ukraine,UKR,2006,71.25793979563656,Europe,-0.03205985916684995
Ukraine,UKR,2007,71.23055943935236,Europe,-0.02738035628419766
Ukraine,UKR,2008,71.2766691983705,Europe,0.04610975901813674
Ukraine,UKR,2009,71.24905061106125,Europe,-0.02761858730924871
Ukraine,UKR,2010,71.23351515569979,Europe,-0.015535455361458617
Ukraine,UKR,2011,71.25768141959539,Europe,0.024166263895594398
Ukraine,UKR,2012,71.28530000690465,Europe,0.02761858730926292
Ukraine,UKR,2013,71.68059103776841,Europe,0.39529103086375983
Ukraine,UKR,2014,71.65840943223601,Europe,-0.022181605532395565
Ukraine,UKR,2015,71.65323067893455,Europe,-0.005178753301464667
Ukraine,UKR,2016,71.66531443663796,Europe,0.012083757703408082
Ukraine,UKR,2017,71.61919558087347,Europe,-0.04611885576449026
Ukraine,UKR,2018,71.33068691750086,Europe,-0.2885086633726104
Ukraine,UKR,2019,71.29962029685882,Europe,-0.03106662064203647
Ukraine,UKR,2020,71.29962029685882,Europe,0.0
Ukraine,UKR,2021,71.29962029685882,Europe,0.0
Ukraine,UKR,2022,71.29962029685882,Europe,0.0
Ukraine,UKR,2023,71.29962029685882,Europe,0.0
United Arab Emirates,ARE,1961,2.928752464094621,Asia,
United Arab Emirates,ARE,1962,2.928752464094621,Asia,0.0
United Arab Emirates,ARE,1963,2.928752464094621,Asia,0.0
United Arab Emirates,ARE,1964,2.928752464094621,Asia,0.0
United Arab Emirates,ARE,1965,2.942833004787384,Asia,0.014080540692762877
United Arab Emirates,ARE,1966,2.9569135454801465,Asia,0.014080540692762433
United Arab Emirates,ARE,1967,2.9569135454801465,Asia,0.0
United Arab Emirates,ARE,1968,2.9569135454801465,Asia,0.0
United Arab Emirates,ARE,1969,2.9569135454801465,Asia,0.0
United Arab Emirates,ARE,1970,2.985074626865672,Asia,0.02816108138552531
United Arab Emirates,ARE,1971,2.985074626865672,Asia,0.0
United Arab Emirates,ARE,1972,2.985074626865672,Asia,0.0
United Arab Emirates,ARE,1973,2.9991551675584343,Asia,0.014080540692762433
United Arab Emirates,ARE,1974,3.0132357082511967,Asia,0.014080540692762433
United Arab Emirates,ARE,1975,3.02731624894396,Asia,0.014080540692763321
United Arab Emirates,ARE,1976,3.041396789636722,Asia,0.01408054069276199
United Arab Emirates,ARE,1977,3.055477330329485,Asia,0.014080540692762877
United Arab Emirates,ARE,1978,3.0695578710222478,Asia,0.014080540692762877
United Arab Emirates,ARE,1979,3.08363841171501,Asia,0.014080540692762433
United Arab Emirates,ARE,1980,3.13996057448606,Asia,0.05632216277104973
United Arab Emirates,ARE,1981,3.1962827372571105,Asia,0.05632216277105062
United Arab Emirates,ARE,1982,3.1962827372571105,Asia,0.0
United Arab Emirates,ARE,1983,3.266685440720924,Asia,0.0704027034638135
United Arab Emirates,ARE,1984,3.266685440720924,Asia,0.0
United Arab Emirates,ARE,1985,3.308927062799212,Asia,0.042241622078287744
United Arab Emirates,ARE,1986,3.3511686848774995,Asia,0.042241622078287744
United Arab Emirates,ARE,1987,3.3511686848774995,Asia,0.0
United Arab Emirates,ARE,1988,3.365249225570262,Asia,0.014080540692762433
United Arab Emirates,ARE,1989,3.365249225570262,Asia,0.0
United Arab Emirates,ARE,1990,4.012954097437341,Asia,0.6477048718670795
United Arab Emirates,ARE,1991,4.364967614756407,Asia,0.35201351731906527
United Arab Emirates,ARE,1992,4.773303294846522,Asia,0.408335680090115
United Arab Emirates,ARE,1993,4.998591945930723,Asia,0.2252886510842016
United Arab Emirates,ARE,1994,5.237961137707688,Asia,0.23936919177696492
United Arab Emirates,ARE,1995,5.392847085328077,Asia,0.15488594762038854
United Arab Emirates,ARE,1996,5.449169248099127,Asia,0.05632216277105062
United Arab Emirates,ARE,1997,5.561813573641228,Asia,0.11264432554210035
United Arab Emirates,ARE,1998,5.604055195719516,Asia,0.04224162207828819
United Arab Emirates,ARE,1999,7.265558997465503,Asia,1.6615038017459867
United Arab Emirates,ARE,2000,7.702055758941144,Asia,0.43649676147564165
United Arab Emirates,ARE,2001,7.913263869332582,Asia,0.2112081103914374
United Arab Emirates,ARE,2002,7.969586032103633,Asia,0.05632216277105151
United Arab Emirates,ARE,2003,7.800619543790481,Asia,-0.16896648831315186
United Arab Emirates,ARE,2004,7.800619543790481,Asia,0.0
United Arab Emirates,ARE,2005,7.8428611658687695,Asia,0.04224162207828819
United Arab Emirates,ARE,2006,7.583779217121937,Asia,-0.2590819487468323
United Arab Emirates,ARE,2007,7.499295972965362,Asia,-0.08448324415657549
United Arab Emirates,ARE,2008,7.5978597578147,Asia,0.09856378484933792
United Arab Emirates,ARE,2009,5.461841734722613,Asia,-2.1360180230920864
United Arab Emirates,ARE,2010,5.523796113770769,Asia,0.061954379048155594
United Arab Emirates,ARE,2011,5.470290059138272,Asia,-0.05350605463249636
United Arab Emirates,ARE,2012,5.304139678963672,Asia,-0.16615038017460027
United Arab Emirates,ARE,2013,5.342157138834131,Asia,0.038017459870459014
United Arab Emirates,ARE,2014,5.385806814981695,Asia,0.04364967614756399
United Arab Emirates,ARE,2015,5.390030977189524,Asia,0.004224162207829174
United Arab Emirates,ARE,2016,5.404111517882287,Asia,0.014080540692762433
United Arab Emirates,ARE,2017,5.404111517882287,Asia,0.0
United Arab Emirates,ARE,2018,5.375246409462124,Asia,-0.028865108420162322
United Arab Emirates,ARE,2019,5.49704308645452,Asia,0.12179667699239527
United Arab Emirates,ARE,2020,5.488594762038862,Asia,-0.00844832441565746
United Arab Emirates,ARE,2021,5.513397634469164,Asia,0.024802872430301548
United Arab Emirates,ARE,2022,5.513397634469164,Asia,0.0
United Arab Emirates,ARE,2023,5.515399887355675,Asia,0.0020022528865109024
United Kingdom,GBR,1961,81.84185508204853,Europe,
United Kingdom,GBR,1962,81.75505311453726,Europe,-0.08680196751126346
United Kingdom,GBR,1963,81.6227834497582,Europe,-0.13226966477905933
United Kingdom,GBR,1964,81.44091266068698,Europe,-0.1818707890712261
United Kingdom,GBR,1965,80.95316827181416,Europe,-0.48774438887281235
United Kingdom,GBR,1966,80.80849832596205,Europe,-0.14466994585211523
United Kingdom,GBR,1967,80.82503203405945,Europe,0.016533708097398403
United Kingdom,GBR,1968,80.29595337494317,Europe,-0.5290786591162799
United Kingdom,GBR,1969,80.10581573182326,Europe,-0.1901376431199111
United Kingdom,GBR,1970,77.91096598189559,Europe,-2.19484974992767
United Kingdom,GBR,1971,77.8861654197495,Europe,-0.024800562146083394
United Kingdom,GBR,1972,77.52655726863142,Europe,-0.3596081511180813
United Kingdom,GBR,1973,77.27855164717067,Europe,-0.24800562146074867
United Kingdom,GBR,1974,77.03881287975861,Europe,-0.23973876741206368
United Kingdom,GBR,1975,76.81147439341959,Europe,-0.22733848633902198
United Kingdom,GBR,1976,76.7494729880544,Europe,-0.06200140536518006
United Kingdom,GBR,1977,76.42706568015541,Europe,-0.32240730789899885
United Kingdom,GBR,1978,76.37746455586326,Europe,-0.049601124292152576
United Kingdom,GBR,1979,76.26999545323028,Europe,-0.10746910263297593
United Kingdom,GBR,1980,76.34026371264414,Europe,0.07026825941386505
United Kingdom,GBR,1981,75.72438308601662,Europe,-0.6158806266275292
United Kingdom,GBR,1982,75.56317943206713,Europe,-0.16120365394948521
United Kingdom,GBR,1983,75.29450667548464,Europe,-0.26867275658248957
United Kingdom,GBR,1984,75.2366386971438,Europe,-0.05786797834083757
United Kingdom,GBR,1985,75.09610217831604,Europe,-0.14053651882775853
United Kingdom,GBR,1986,74.9390319513909,Europe,-0.15707022692514272
United Kingdom,GBR,1987,74.88116397305006,Europe,-0.05786797834083757
United Kingdom,GBR,1988,76.15012606952423,Europe,1.2689620964741692
United Kingdom,GBR,1989,75.66651510767576,Europe,-0.48361096184846986
United Kingdom,GBR,1990,75.24077212416815,Europe,-0.4257429835076181
United Kingdom,GBR,1991,74.9927665027074,Europe,-0.24800562146074867
United Kingdom,GBR,1992,74.69102632993014,Europe,-0.30174017277725795
United Kingdom,GBR,1993,72.47550944488074,Europe,-2.2155168850493965
United Kingdom,GBR,1994,71.95883106683752,Europe,-0.516678378043224
United Kingdom,GBR,1995,71.83482825610714,Europe,-0.12400281073037434
United Kingdom,GBR,1996,72.31017236390691,Europe,0.47534410779977065
United Kingdom,GBR,1997,72.6863142231224,Europe,0.3761418592154797
United Kingdom,GBR,1998,72.40937461249122,Europe,-0.27693961063117456
United Kingdom,GBR,1999,71.17347993221179,Europe,-1.2358946802794293
United Kingdom,GBR,2000,70.11945604100359,Europe,-1.0540238912082032
United Kingdom,GBR,2001,70.07398834373579,Europe,-0.04546769726779587
United Kingdom,GBR,2002,70.16905716529574,Europe,0.09506882155994845
United Kingdom,GBR,2003,70.08638862480882,Europe,-0.08266854048692096
United Kingdom,GBR,2004,70.47906419212168,Europe,0.3926755673128639
United Kingdom,GBR,2005,70.08638862480882,Europe,-0.3926755673128639
United Kingdom,GBR,2006,73.7320712602819,Europe,3.6456826354730794
United Kingdom,GBR,2007,72.94258669863184,Europe,-0.7894845616500561
United Kingdom,GBR,2008,73.09552349853263,Europe,0.152936799900786
United Kingdom,GBR,2009,71.61162319679246,Europe,-1.4839003017401637
United Kingdom,GBR,2010,71.19414706733352,Europe,-0.4174761294589473
United Kingdom,GBR,2011,70.94614144587277,Europe,-0.24800562146074867
United Kingdom,GBR,2012,71.020543132311,Europe,0.07440168643823597
United Kingdom,GBR,2013,71.30244285537138,Europe,0.281899723060377
United Kingdom,GBR,2014,71.22721448352829,Europe,-0.07522837184309594
United Kingdom,GBR,2015,70.83867234323978,Europe,-0.3885421402885072
United Kingdom,GBR,2016,71.71488364402927,Europe,0.8762113007894925
United Kingdom,GBR,2017,72.19506675484645,Europe,0.4801831108171797
United Kingdom,GBR,2018,71.71852023312529,Europe,-0.4765465217211613
United Kingdom,GBR,2019,72.42299880130616,Europe,0.7044785681808747
United Kingdom,GBR,2020,71.3400491877816,Europe,-1.082949613524562
United Kingdom,GBR,2021,71.15752903732485,Europe,-0.18252015045675307
United Kingdom,GBR,2022,71.98164179721408,Europe,0.8241127598892319
United Kingdom,GBR,2023,70.30732277931634,Europe,-1.6743190178977443
United States,USA,1961,48.86024177417524,North America,
United States,USA,1962,48.47613702865828,North America,-0.3841047455169644
United States,USA,1963,48.19793950404849,North America,-0.2781975246097872
United States,USA,1964,47.93251635556876,North America,-0.2654231484797336
United States,USA,1965,47.58979185409697,North America,-0.34272450147178546
United States,USA,1966,47.5545258413619,North America,-0.03526601273507168
United States,USA,1967,47.52799444478412,North America,-0.026531396577780697
United States,USA,1968,47.581275603343606,North America,0.053281158559485675
United States,USA,1969,47.54328002305939,North America,-0.03799558028421757
United States,USA,1970,47.96758583944028,North America,0.42430581638089393
United States,USA,1971,47.7139216679623,North America,-0.25366417147797904
United States,USA,1972,47.46025749648432,North America,-0.25366417147798614
United States,USA,1973,47.21751159520295,North America,-0.24274590128136708
United States,USA,1974,46.96581271236035,North America,-0.25169888284259656
United States,USA,1975,46.96581271236035,North America,0.0
United States,USA,1976,46.96581271236035,North America,0.0
United States,USA,1977,46.98470131980051,North America,0.01888860744015375
United States,USA,1978,46.74799322193786,North America,-0.23670809786264613
United States,USA,1979,46.74799322193786,North America,0.0
United States,USA,1980,46.74799322193786,North America,0.0
United States,USA,1981,46.74799322193786,North America,0.0
United States,USA,1982,47.101308445500365,North America,0.3533152235625039
United States,USA,1983,47.101308445500365,North America,0.0
United States,USA,1984,47.101308445500365,North America,0.0
United States,USA,1985,47.101308445500365,North America,0.0
United States,USA,1986,47.101308445500365,North America,0.0
United States,USA,1987,46.61533623904898,North America,-0.48597220645138606
United States,USA,1988,46.61533623904898,North America,0.0
United States,USA,1989,46.61533623904898,North America,0.0
United States,USA,1990,46.61533623904898,North America,0.0
United States,USA,1991,46.61533623904898,North America,0.0
United States,USA,1992,46.44948771476238,North America,-0.16584852428660213
United States,USA,1993,46.17860543118433,North America,-0.27088228357804667
United States,USA,1994,45.981093923327535,North America,-0.19751150785679528
United States,USA,1995,45.87191122136138,North America,-0.1091827019661551
United States,USA,1996,45.45341392472508,North America,-0.4184972966362963
United States,USA,1997,45.29826530523116,North America,-0.15514861949392156
United States,USA,1998,45.26583804274721,North America,-0.03242726248394945
United States,USA,1999,45.18930096866893,North America,-0.07653707407828136
United States,USA,2000,45.230584855576126,North America,0.041283886907194756
United States,USA,2001,45.29007020362544,North America,0.05948534804931427
United States,USA,2002,45.0848730397122,North America,-0.2051971639132404
United States,USA,2003,45.08036743390032,North America,-0.0045056058118788656
United States,USA,2004,45.07586182808844,North America,-0.0045056058118788656
United States,USA,2005,45.07135622227656,North America,-0.0045056058118788656
United States,USA,2006,45.06685061646467,North America,-0.004505605811893076
United States,USA,2007,45.06234501065279,North America,-0.0045056058118788656
United States,USA,2008,45.354955123958455,North America,0.29261011330566333
United States,USA,2009,45.57613482271504,North America,0.22117969875658616
United States,USA,2010,45.79731451053959,North America,0.22117968782455222
United States,USA,2011,46.01849420929617,North America,0.22117969875657906
United States,USA,2012,46.23967390805276,North America,0.22117969875658616
United States,USA,2013,46.33301879655684,North America,0.09334488850408462
United States,USA,2014,46.42636368506092,North America,0.09334488850407752
United States,USA,2015,46.51970856263296,North America,0.09334487757203647
United States,USA,2016,46.61305345113704,North America,0.09334488850408462
United States,USA,2017,46.706398339641126,North America,0.09334488850408462
United States,USA,2018,46.58171454902038,North America,-0.1246837906207432
United States,USA,2019,46.45703075839964,North America,-0.1246837906207432
United States,USA,2020,46.33234696777889,North America,-0.1246837906207503
United States,USA,2021,46.207663188090194,North America,-0.12468377968869504
United States,USA,2022,46.08297939746945,North America,-0.1246837906207432
United States,USA,2023,46.08297939746945,North America,0.0
Uruguay,URY,1961,93.44074962861389,South America,
Uruguay,URY,1962,92.8408181922066,South America,-0.5999314364072887
Uruguay,URY,1963,92.22374585761628,South America,-0.6170723345903184
Uruguay,URY,1964,91.89806879213803,South America,-0.3256770654782457
Uruguay,URY,1965,91.26385555936464,South America,-0.6342132327733907
Uruguay,URY,1966,90.93246486115872,South America,-0.33139069820592226
Uruguay,URY,1967,90.51536967203748,South America,-0.4170951891212411
Uruguay,URY,1968,89.82973374471489,South America,-0.6856359273225934
Uruguay,URY,1969,89.40692492286595,South America,-0.42280882184893187
Uruguay,URY,1970,88.45274825734202,South America,-0.9541766655239314
Uruguay,URY,1971,88.22420294823449,South America,-0.22854530910753112
Uruguay,URY,1972,87.98994400639927,South America,-0.2342589418352219
Uruguay,URY,1973,87.76139869729174,South America,-0.22854530910753112
Uruguay,URY,1974,87.5385670209119,South America,-0.22283167637984036
Uruguay,URY,1975,87.31002171180437,South America,-0.22854530910753112
Uruguay,URY,1976,87.07576276996915,South America,-0.2342589418352219
Uruguay,URY,1977,86.8529310935893,South America,-0.22283167637984036
Uruguay,URY,1978,86.62438578448177,South America,-0.22854530910753112
Uruguay,URY,1979,86.39584047537424,South America,-0.22854530910753112
Uruguay,URY,1980,86.16729516626671,South America,-0.22854530910753112
Uruguay,URY,1981,86.00731344989144,South America,-0.15998171637527037
Uruguay,URY,1982,85.82447720260542,South America,-0.18283624728601922
Uruguay,URY,1983,85.65878185350245,South America,-0.16569534910297534
Uruguay,URY,1984,85.48737287167181,South America,-0.17140898183063769
Uruguay,URY,1985,85.32167752256885,South America,-0.16569534910296113
Uruguay,URY,1986,85.1045594789167,South America,-0.2171180436521496
Uruguay,URY,1987,84.89315506799223,South America,-0.21140441092447304
Uruguay,URY,1988,84.78459604616614,South America,-0.1085590218260819
Uruguay,URY,1989,84.68746428979546,South America,-0.09713175637068616
Uruguay,URY,1990,85.23025939892584,South America,0.5427951091303811
Uruguay,URY,1991,85.25311392983659,South America,0.02285453091074885
Uruguay,URY,1992,85.27596846074734,South America,0.02285453091074885
Uruguay,URY,1993,85.30453662438579,South America,0.028568163638453825
Uruguay,URY,1994,85.32739115529654,South America,0.02285453091074885
Uruguay,URY,1995,85.35024568620729,South America,0.02285453091074885
Uruguay,URY,1996,85.36738658439036,South America,0.017140898183072295
Uruguay,URY,1997,85.39024111530111,South America,0.02285453091074885
Uruguay,URY,1998,85.41880927893955,South America,0.028568163638439614
Uruguay,URY,1999,85.4416638098503,South America,0.02285453091074885
Uruguay,URY,2000,85.46451834076106,South America,0.02285453091076306
Uruguay,URY,2001,85.48737287167181,South America,0.02285453091074885
Uruguay,URY,2002,85.26454119529197,South America,-0.22283167637984036
Uruguay,URY,2003,85.28739572620272,South America,0.02285453091074885
Uruguay,URY,2004,84.72745971888928,South America,-0.5599360073134392
Uruguay,URY,2005,84.74460061707234,South America,0.017140898183058084
Uruguay,URY,2006,83.96183293337904,South America,-0.7827676836932937
Uruguay,URY,2007,83.13335618786425,South America,-0.8284767455147914
Uruguay,URY,2008,83.84184664609758,South America,0.708490458233328
Uruguay,URY,2009,84.64175522797395,South America,0.799908581876366
Uruguay,URY,2010,82.46486115872472,South America,-2.1768940692492293
Uruguay,URY,2011,82.99622900239973,South America,0.5313678436750138
Uruguay,URY,2012,81.34498914409781,South America,-1.6512398583019205
Uruguay,URY,2013,81.97177465432523,South America,0.6267855102274211
Uruguay,URY,2014,82.7054050965604,South America,0.7336304422351674
Uruguay,URY,2015,82.66255285110273,South America,-0.04285224545766653
Uruguay,URY,2016,81.5066849502914,South America,-1.1558679008113302
Uruguay,URY,2017,81.26442692263741,South America,-0.24225802765398896
Uruguay,URY,2018,81.08101931207862,South America,-0.1834076105587883
Uruguay,URY,2019,80.71820363387042,South America,-0.36281567820820726
Uruguay,URY,2020,80.35310250257113,South America,-0.36510113129928357
Uruguay,URY,2021,80.39081247857388,South America,0.03770997600274484
Uruguay,URY,2022,80.87352873957262,South America,0.48271626099874254
Uruguay,URY,2023,81.35413095646213,South America,0.4806022168895083
Uzbekistan,UZB,1992,65.17160319699107,Asia,
Uzbekistan,UZB,1993,64.99059708509638,Asia,-0.18100611189468907
Uzbekistan,UZB,1994,64.97414198401505,Asia,-0.016455101081334078
Uzbekistan,UZB,1995,64.98119417019275,Asia,0.007052186177702424
Uzbekistan,UZB,1996,64.97414198401505,Asia,-0.007052186177702424
Uzbekistan,UZB,1997,64.96708979783733,Asia,-0.007052186177716635
Uzbekistan,UZB,1998,64.25481899388811,Asia,-0.7122708039492238
Uzbekistan,UZB,1999,64.24776680771039,Asia,-0.007052186177716635
Uzbekistan,UZB,2000,62.68393104951085,Asia,-1.563835758199538
Uzbekistan,UZB,2001,62.68481410196118,Asia,0.0008830524503267156
Uzbekistan,UZB,2002,62.04477519493658,Asia,-0.6400389070246035
Uzbekistan,UZB,2003,61.63436015206125,Asia,-0.4104150428753286
Uzbekistan,UZB,2004,61.22247638538681,Asia,-0.4118837666744355
Uzbekistan,UZB,2005,60.80775681486019,Asia,-0.41471957052662134
Uzbekistan,UZB,2006,60.39233681312378,Asia,-0.4154200017364147
Uzbekistan,UZB,2007,59.95862233476458,Asia,-0.4337144783591995
Uzbekistan,UZB,2008,59.54579130989273,Asia,-0.4128310248718492
Uzbekistan,UZB,2009,59.13360630354747,Asia,-0.41218500634526123
Uzbekistan,UZB,2010,58.72555587163792,Asia,-0.40805043190954393
Uzbekistan,UZB,2011,58.32142062233685,Asia,-0.4041352493010706
Uzbekistan,UZB,2012,57.90729692519504,Asia,-0.41412369714181096
Uzbekistan,UZB,2013,57.50489342319334,Asia,-0.40240350200170383
Uzbekistan,UZB,2014,58.61093327275356,Asia,1.1060398495602257
Uzbekistan,UZB,2015,57.98456650022696,Asia,-0.6263667725266018
Uzbekistan,UZB,2016,57.98053069626933,Asia,-0.004035803957634698
Uzbekistan,UZB,2017,57.95255431378068,Asia,-0.027976382488645868
Uzbekistan,UZB,2018,57.92340672784263,Asia,-0.029147585938048337
Uzbekistan,UZB,2019,58.00705927750224,Asia,0.083652549659611
Uzbekistan,UZB,2020,58.28321797344832,Asia,0.27615869594608
Uzbekistan,UZB,2021,58.30120298738463,Asia,0.01798501393630403
Uzbekistan,UZB,2022,58.47925346985831,Asia,0.1780504824736795
Uzbekistan,UZB,2023,58.05514580733008,Asia,-0.42410766252822896
Vanuatu,VUT,1961,8.613617719442166,Oceania,
Vanuatu,VUT,1962,8.613617719442166,Oceania,0.0
Vanuatu,VUT,1963,8.613617719442166,Oceania,0.0
Vanuatu,VUT,1964,8.613617719442166,Oceania,0.0
Vanuatu,VUT,1965,9.269893355209188,Oceania,0.6562756357670221
Vanuatu,VUT,1966,9.269893355209188,Oceania,0.0
Vanuatu,VUT,1967,9.269893355209188,Oceania,0.0
Vanuatu,VUT,1968,9.269893355209188,Oceania,0.0
Vanuatu,VUT,1969,9.269893355209188,Oceania,0.0
Vanuatu,VUT,1970,9.844134536505331,Oceania,0.5742411812961432
Vanuatu,VUT,1971,9.844134536505331,Oceania,0.0
Vanuatu,VUT,1972,9.844134536505331,Oceania,0.0
Vanuatu,VUT,1973,9.844134536505331,Oceania,0.0
Vanuatu,VUT,1974,9.844134536505331,Oceania,0.0
Vanuatu,VUT,1975,10.3363412633306,Oceania,0.49220672682526967
Vanuatu,VUT,1976,10.3363412633306,Oceania,0.0
Vanuatu,VUT,1977,10.418375717801478,Oceania,0.0820344544708771
Vanuatu,VUT,1978,10.418375717801478,Oceania,0.0
Vanuatu,VUT,1979,10.500410172272357,Oceania,0.08203445447087887
Vanuatu,VUT,1980,10.500410172272357,Oceania,0.0
Vanuatu,VUT,1981,10.746513535684986,Oceania,0.2461033634126295
Vanuatu,VUT,1982,10.828547990155863,Oceania,0.0820344544708771
Vanuatu,VUT,1983,11.074651353568498,Oceania,0.24610336341263483
Vanuatu,VUT,1984,11.074651353568498,Oceania,0.0
Vanuatu,VUT,1985,11.238720262510254,Oceania,0.16406890894175596
Vanuatu,VUT,1986,11.566858080393766,Oceania,0.32813781788351193
Vanuatu,VUT,1987,11.73092698933552,Oceania,0.1640689089417542
Vanuatu,VUT,1988,12.059064807219032,Oceania,0.32813781788351193
Vanuatu,VUT,1989,12.223133716160788,Oceania,0.16406890894175596
Vanuatu,VUT,1990,12.46923707957342,Oceania,0.24610336341263128
Vanuatu,VUT,1991,12.633305988515175,Oceania,0.16406890894175596
Vanuatu,VUT,1992,12.879409351927809,Oceania,0.24610336341263306
Vanuatu,VUT,1993,13.043478260869565,Oceania,0.16406890894175596
Vanuatu,VUT,1994,13.125512715340443,Oceania,0.08203445447087887
Vanuatu,VUT,1995,13.535684987694832,Oceania,0.410172272354389
Vanuatu,VUT,1996,13.699753896636588,Oceania,0.16406890894175596
Vanuatu,VUT,1997,13.781788351107464,Oceania,0.08203445447087532
Vanuatu,VUT,1998,14.109926168990976,Oceania,0.32813781788351193
Vanuatu,VUT,1999,14.191960623461854,Oceania,0.08203445447087887
Vanuatu,VUT,2000,14.35602953240361,Oceania,0.16406890894175596
Vanuatu,VUT,2001,14.520098441345365,Oceania,0.1640689089417542
Vanuatu,VUT,2002,14.602132895816242,Oceania,0.0820344544708771
Vanuatu,VUT,2003,14.766201804757998,Oceania,0.16406890894175596
Vanuatu,VUT,2004,14.848236259228877,Oceania,0.08203445447087887
Vanuatu,VUT,2005,15.01230516817063,Oceania,0.1640689089417542
Vanuatu,VUT,2006,15.176374077112389,Oceania,0.16406890894175774
Vanuatu,VUT,2007,15.340442986054144,Oceania,0.16406890894175596
Vanuatu,VUT,2008,15.340442986054144,Oceania,0.0
Vanuatu,VUT,2009,15.340442986054144,Oceania,0.0
Vanuatu,VUT,2010,15.340442986054144,Oceania,0.0
Vanuatu,VUT,2011,15.340442986054144,Oceania,0.0
Vanuatu,VUT,2012,15.340442986054144,Oceania,0.0
Vanuatu,VUT,2013,15.340442986054144,Oceania,0.0
Vanuatu,VUT,2014,15.340442986054144,Oceania,0.0
Vanuatu,VUT,2015,15.340442986054144,Oceania,0.0
Vanuatu,VUT,2016,15.340442986054144,Oceania,0.0
Vanuatu,VUT,2017,15.340442986054144,Oceania,0.0
Vanuatu,VUT,2018,15.340442986054144,Oceania,0.0
Vanuatu,VUT,2019,15.340442986054144,Oceania,0.0
Vanuatu,VUT,2020,15.340442986054144,Oceania,0.0
Vanuatu,VUT,2021,15.340442986054144,Oceania,0.0
Vanuatu,VUT,2022,15.340442986054144,Oceania,0.0
Vanuatu,VUT,2023,15.340442986054144,Oceania,0.0
"Venezuela, RB",VEN,1961,21.803752621733462,South America,
"Venezuela, RB",VEN,1962,21.88311320219942,South America,0.07936058046595917
"Venezuela, RB",VEN,1963,21.96247378266538,South America,0.07936058046595917
"Venezuela, RB",VEN,1964,22.04410180828751,South America,0.08162802562213045
"Venezuela, RB",VEN,1965,22.123462388753477,South America,0.07936058046596628
"Venezuela, RB",VEN,1966,22.202822969219437,South America,0.07936058046595917
"Venezuela, RB",VEN,1967,22.295788220622413,South America,0.09296525140297618
"Venezuela, RB",VEN,1968,22.400090697806245,South America,0.10430247718383256
"Venezuela, RB",VEN,1969,22.49305594920923,South America,0.09296525140298328
"Venezuela, RB",VEN,1970,22.598492148971147,South America,0.1054361997619182
"Venezuela, RB",VEN,1971,22.703928348733065,South America,0.1054361997619182
"Venezuela, RB",VEN,1972,22.748143529278387,South America,0.04421518054532214
"Venezuela, RB",VEN,1973,22.87738790318009,South America,0.1292443739017024
"Venezuela, RB",VEN,1974,22.951079870755624,South America,0.07369196757553453
"Venezuela, RB",VEN,1975,23.012300889972224,South America,0.061221019216599615
"Venezuela, RB",VEN,1976,23.20730117340287,South America,0.19500028343064457
"Venezuela, RB",VEN,1977,23.44991780511309,South America,0.24261663171022008
"Venezuela, RB",VEN,1978,23.513406269485856,South America,0.06348846437276734
"Venezuela, RB",VEN,1979,23.69480188197948,South America,0.18139561249362401
"Venezuela, RB",VEN,1980,23.830848591349696,South America,0.13604670937021623
"Venezuela, RB",VEN,1981,23.8535230429114,South America,0.022674451561705666
"Venezuela, RB",VEN,1982,23.989569752281614,South America,0.13604670937021268
"Venezuela, RB",VEN,1983,24.125616461651838,South America,0.13604670937022334
"Venezuela, RB",VEN,1984,24.2503259452412,South America,0.1247094835893634
"Venezuela, RB",VEN,1985,24.533756589762483,South America,0.28343064452128175
"Venezuela, RB",VEN,1986,24.771838331160364,South America,0.23808174139788107
"Venezuela, RB",VEN,1987,24.89654781474973,South America,0.12470948358936695
"Venezuela, RB",VEN,1988,24.953233943653988,South America,0.05668612890425706
"Venezuela, RB",VEN,1989,24.72648942803696,South America,-0.22674451561702824
"Venezuela, RB",VEN,1990,24.783175556941217,South America,0.05668612890425706
"Venezuela, RB",VEN,1991,24.77977438920696,South America,-0.0034011677342569158
"Venezuela, RB",VEN,1992,24.496343744685674,South America,-0.2834306445212853
"Venezuela, RB",VEN,1993,24.491808854373332,South America,-0.004534890312342554
"Venezuela, RB",VEN,1994,24.495210022107592,South America,0.0034011677342604685
"Venezuela, RB",VEN,1995,24.50654724788844,South America,0.01133722578084928
"Venezuela, RB",VEN,1996,24.51788447366929,South America,0.01133722578084928
"Venezuela, RB",VEN,1997,24.529221699450144,South America,0.011337225780852833
"Venezuela, RB",VEN,1998,24.529221699450144,South America,0.0
"Venezuela, RB",VEN,1999,24.52582053171589,South America,-0.003401167734253363
"Venezuela, RB",VEN,2000,24.528087976872055,South America,0.0022674451561641717
"Venezuela, RB",VEN,2001,24.531489144606315,South America,0.0034011677342604685
"Venezuela, RB",VEN,2002,24.531489144606315,South America,0.0
"Venezuela, RB",VEN,2003,24.42038433195397,South America,-0.1111048126523464
"Venezuela, RB",VEN,2004,24.477070460858226,South America,0.05668612890425706
"Venezuela, RB",VEN,2005,24.48273907374865,South America,0.00566861289042464
"Venezuela, RB",VEN,2006,24.43739017062525,South America,-0.045348903123400675
"Venezuela, RB",VEN,2007,24.44192506093759,South America,0.004534890312339002
"Venezuela, RB",VEN,2008,24.48840768663908,South America,0.046482625701489866
"Venezuela, RB",VEN,2009,24.375035428830564,South America,-0.11337225780851412
"Venezuela, RB",VEN,2010,24.375035428830564,South America,0.0
"Venezuela, RB",VEN,2011,24.375035428830564,South America,0.0
"Venezuela, RB",VEN,2012,24.375035428830564,South America,0.0
"Venezuela, RB",VEN,2013,24.375035428830564,South America,0.0
"Venezuela, RB",VEN,2014,24.375035428830564,South America,0.0
"Venezuela, RB",VEN,2015,24.375035428830564,South America,0.0
"Venezuela, RB",VEN,2016,24.375035428830564,South America,0.0
"Venezuela, RB",VEN,2017,24.375035428830564,South America,0.0
"Venezuela, RB",VEN,2018,24.375035428830564,South America,0.0
"Venezuela, RB",VEN,2019,24.375035428830564,South America,0.0
"Venezuela, RB",VEN,2020,24.375035428830564,South America,0.0
"Venezuela, RB",VEN,2021,24.375035428830564,South America,0.0
"Venezuela, RB",VEN,2022,24.375035428830564,South America,0.0
"Venezuela, RB",VEN,2023,24.375035428830564,South America,0.0
Vietnam,VNM,1961,19.33085501858736,Asia,
Vietnam,VNM,1962,19.34621647362438,Asia,0.015361455037020022
Vietnam,VNM,1963,19.361577928661404,Asia,0.015361455037023575
Vietnam,VNM,1964,19.376939383698424,Asia,0.015361455037020022
Vietnam,VNM,1965,19.392300838735448,Asia,0.015361455037023575
Vietnam,VNM,1966,19.407662293772464,Asia,0.01536145503701647
Vietnam,VNM,1967,19.48446956895757,Asia,0.07680727518510722
Vietnam,VNM,1968,19.56127684414268,Asia,0.07680727518510722
Vietnam,VNM,1969,19.60736120925374,Asia,0.046084365111060066
Vietnam,VNM,1970,19.71489139451289,Asia,0.10753018525915081
Vietnam,VNM,1971,19.73025284954991,Asia,0.015361455037020022
Vietnam,VNM,1972,19.807060124735017,Asia,0.07680727518510722
Vietnam,VNM,1973,19.91459030999416,Asia,0.1075301852591437
Vietnam,VNM,1974,19.991397585179268,Asia,0.07680727518510722
Vietnam,VNM,1975,20.00675904021629,Asia,0.015361455037023575
Vietnam,VNM,1976,20.65194015177117,Asia,0.64518111155488
Vietnam,VNM,1977,20.92844634243756,Asia,0.2765061906663888
Vietnam,VNM,1978,21.002181326615258,Asia,0.07373498417769753
Vietnam,VNM,1979,21.04519340071892,Asia,0.043012074103661035
Vietnam,VNM,1980,21.06977172877815,Asia,0.024578328059231325
Vietnam,VNM,1981,21.125072966911425,Asia,0.05530123813327492
Vietnam,VNM,1982,21.14965129497066,Asia,0.024578328059234877
Vietnam,VNM,1983,21.20495253310393,Asia,0.05530123813327137
Vietnam,VNM,1984,21.22953086116317,Asia,0.02457832805923843
Vietnam,VNM,1985,20.737964299978493,Asia,-0.49156656118467623
Vietnam,VNM,1986,20.66115702479339,Asia,-0.07680727518510366
Vietnam,VNM,1987,20.61507265968233,Asia,-0.046084365111060066
Vietnam,VNM,1988,20.61507265968233,Asia,0.0
Vietnam,VNM,1989,20.630434114719343,Asia,0.015361455037012917
Vietnam,VNM,1990,20.664229315800792,Asia,0.03379520108144973
Vietnam,VNM,1991,20.7410365909859,Asia,0.07680727518510722
Vietnam,VNM,1992,21.58284432701465,Asia,0.8418077360287519
Vietnam,VNM,1993,21.77332636947372,Asia,0.19048204245906675
Vietnam,VNM,1994,21.93615779286614,Asia,0.16283142339242218
Vietnam,VNM,1995,21.748748041414483,Asia,-0.18740975145165706
Vietnam,VNM,1996,23.60133951887923,Asia,1.8525914774647454
Vietnam,VNM,1997,24.09905066207871,Asia,0.4977111431994814
Vietnam,VNM,1998,24.747304064641,Asia,0.6482534025622897
Vietnam,VNM,1999,25.847184245291714,Asia,1.0998801806507146
Vietnam,VNM,2000,28.226065710795343,Asia,2.3788814655036283
Vietnam,VNM,2001,30.483139927352216,Asia,2.257074216556873
Vietnam,VNM,2002,30.44598293350507,Asia,-0.03715699384714455
Vietnam,VNM,2003,30.757570871093627,Asia,0.3115879375885555
Vietnam,VNM,2004,31.59157609572032,Asia,0.8340052246266936
Vietnam,VNM,2005,32.13846188270569,Asia,0.5468857869853707
Vietnam,VNM,2006,32.219185089275726,Asia,0.08072320657003473
Vietnam,VNM,2007,32.19434472961819,Asia,-0.024840359657538613
Vietnam,VNM,2008,32.739967774111875,Asia,0.5456230444936878
Vietnam,VNM,2009,32.90681092971652,Asia,0.1668431556046457
Vietnam,VNM,2010,34.345056081508105,Asia,1.438245151791584
Vietnam,VNM,2011,34.373284304337275,Asia,0.02822822282917059
Vietnam,VNM,2012,34.433112037695764,Asia,0.0598277333584889
Vietnam,VNM,2013,34.67267044512983,Asia,0.23955840743406753
Vietnam,VNM,2014,34.69912659435621,Asia,0.026456149226376624
Vietnam,VNM,2015,38.76343005204494,Asia,4.06430345768873
Vietnam,VNM,2016,38.84079428948872,Asia,0.07736423744378129
Vietnam,VNM,2017,38.82796271892739,Asia,-0.012831570561331773
Vietnam,VNM,2018,38.73445022636706,Asia,-0.09351249256032901
Vietnam,VNM,2019,39.52410274735267,Asia,0.7896525209856122
Vietnam,VNM,2020,39.43476832073611,Asia,-0.08933442661655988
Vietnam,VNM,2021,39.43476832073611,Asia,0.0
Vietnam,VNM,2022,39.29119513510237,Asia,-0.14357318563374122
Vietnam,VNM,2023,39.21473762797954,Asia,-0.07645750712283217
Virgin Islands (U.S.),VIR,1961,34.285714285714285,North America,
Virgin Islands (U.S.),VIR,1962,34.285714285714285,North America,0.0
Virgin Islands (U.S.),VIR,1963,40.0,North America,5.714285714285715
Virgin Islands (U.S.),VIR,1964,45.71428571428572,North America,5.714285714285722
Virgin Islands (U.S.),VIR,1965,45.71428571428572,North America,0.0
Virgin Islands (U.S.),VIR,1966,45.71428571428572,North America,0.0
Virgin Islands (U.S.),VIR,1967,42.85714285714285,North America,-2.8571428571428754
Virgin Islands (U.S.),VIR,1968,42.85714285714285,North America,0.0
Virgin Islands (U.S.),VIR,1969,42.85714285714285,North America,0.0
Virgin Islands (U.S.),VIR,1970,42.85714285714285,North America,0.0
Virgin Islands (U.S.),VIR,1971,42.85714285714285,North America,0.0
Virgin Islands (U.S.),VIR,1972,42.85714285714285,North America,0.0
Virgin Islands (U.S.),VIR,1973,42.85714285714285,North America,0.0
Virgin Islands (U.S.),VIR,1974,42.85714285714285,North America,0.0
Virgin Islands (U.S.),VIR,1975,42.85714285714285,North America,0.0
Virgin Islands (U.S.),VIR,1976,42.85714285714285,North America,0.0
Virgin Islands (U.S.),VIR,1977,42.85714285714285,North America,0.0
Virgin Islands (U.S.),VIR,1978,42.85714285714285,North America,0.0
Virgin Islands (U.S.),VIR,1979,42.85714285714285,North America,0.0
Virgin Islands (U.S.),VIR,1980,45.71428571428572,North America,2.8571428571428754
Virgin Islands (U.S.),VIR,1981,45.71428571428572,North America,0.0
Virgin Islands (U.S.),VIR,1982,42.85714285714285,North America,-2.8571428571428754
Virgin Islands (U.S.),VIR,1983,40.0,North America,-2.857142857142847
Virgin Islands (U.S.),VIR,1984,40.0,North America,0.0
Virgin Islands (U.S.),VIR,1985,34.285714285714285,North America,-5.714285714285715
Virgin Islands (U.S.),VIR,1986,34.285714285714285,North America,0.0
Virgin Islands (U.S.),VIR,1987,34.285714285714285,North America,0.0
Virgin Islands (U.S.),VIR,1988,31.428571428571427,North America,-2.8571428571428577
Virgin Islands (U.S.),VIR,1989,31.428571428571427,North America,0.0
Virgin Islands (U.S.),VIR,1990,28.57142857142857,North America,-2.8571428571428577
Virgin Islands (U.S.),VIR,1991,28.57142857142857,North America,0.0
Virgin Islands (U.S.),VIR,1992,28.57142857142857,North America,0.0
Virgin Islands (U.S.),VIR,1993,28.57142857142857,North America,0.0
Virgin Islands (U.S.),VIR,1994,25.71428571428571,North America,-2.8571428571428577
Virgin Islands (U.S.),VIR,1995,22.857142857142858,North America,-2.857142857142854
Virgin Islands (U.S.),VIR,1996,22.857142857142858,North America,0.0
Virgin Islands (U.S.),VIR,1997,22.857142857142858,North America,0.0
Virgin Islands (U.S.),VIR,1998,22.857142857142858,North America,0.0
Virgin Islands (U.S.),VIR,1999,20.0,North America,-2.8571428571428577
Virgin Islands (U.S.),VIR,2000,20.0,North America,0.0
Virgin Islands (U.S.),VIR,2001,20.0,North America,0.0
Virgin Islands (U.S.),VIR,2002,17.142857142857142,North America,-2.8571428571428577
Virgin Islands (U.S.),VIR,2003,17.142857142857142,North America,0.0
Virgin Islands (U.S.),VIR,2004,17.142857142857142,North America,0.0
Virgin Islands (U.S.),VIR,2005,17.142857142857142,North America,0.0
Virgin Islands (U.S.),VIR,2006,11.428571428571429,North America,-5.7142857142857135
Virgin Islands (U.S.),VIR,2007,11.428571428571429,North America,0.0
Virgin Islands (U.S.),VIR,2008,11.428571428571429,North America,0.0
Virgin Islands (U.S.),VIR,2009,11.428571428571429,North America,0.0
Virgin Islands (U.S.),VIR,2010,11.428571428571429,North America,0.0
Virgin Islands (U.S.),VIR,2011,11.428571428571429,North America,0.0
Virgin Islands (U.S.),VIR,2012,11.428571428571429,North America,0.0
Virgin Islands (U.S.),VIR,2013,11.428571428571429,North America,0.0
Virgin Islands (U.S.),VIR,2014,11.428571428571429,North America,0.0
Virgin Islands (U.S.),VIR,2015,11.428571428571429,North America,0.0
Virgin Islands (U.S.),VIR,2016,11.428571428571429,North America,0.0
Virgin Islands (U.S.),VIR,2017,11.428571428571429,North America,0.0
Virgin Islands (U.S.),VIR,2018,9.428571428571429,North America,-2.0
Virgin Islands (U.S.),VIR,2019,9.428571428571429,North America,0.0
Virgin Islands (U.S.),VIR,2020,9.428571428571429,North America,0.0
Virgin Islands (U.S.),VIR,2021,9.428571428571429,North America,0.0
Virgin Islands (U.S.),VIR,2022,9.428571428571429,North America,0.0
Virgin Islands (U.S.),VIR,2023,9.428571428571429,North America,0.0
West Bank and Gaza,PSE,1961,79.56810631229236,Asia,
West Bank and Gaza,PSE,1962,79.56810631229236,Asia,0.0
West Bank and Gaza,PSE,1963,79.56810631229236,Asia,0.0
West Bank and Gaza,PSE,1964,79.56810631229236,Asia,0.0
West Bank and Gaza,PSE,1965,79.56810631229236,Asia,0.0
West Bank and Gaza,PSE,1966,79.734219269103,Asia,0.1661129568106361
West Bank and Gaza,PSE,1967,80.06644518272425,Asia,0.332225913621258
West Bank and Gaza,PSE,1968,80.06644518272425,Asia,0.0
West Bank and Gaza,PSE,1969,80.06644518272425,Asia,0.0
West Bank and Gaza,PSE,1970,80.39867109634552,Asia,0.3322259136212722
West Bank and Gaza,PSE,1971,80.39867109634552,Asia,0.0
West Bank and Gaza,PSE,1972,80.39867109634552,Asia,0.0
West Bank and Gaza,PSE,1973,80.56478405315615,Asia,0.16611295681062188
West Bank and Gaza,PSE,1974,80.73089700996677,Asia,0.16611295681062188
West Bank and Gaza,PSE,1975,80.73089700996677,Asia,0.0
West Bank and Gaza,PSE,1976,81.22923588039868,Asia,0.4983388704319083
West Bank and Gaza,PSE,1977,81.56146179401993,Asia,0.332225913621258
West Bank and Gaza,PSE,1978,81.89368770764119,Asia,0.332225913621258
West Bank and Gaza,PSE,1979,81.89368770764119,Asia,0.0
West Bank and Gaza,PSE,1980,82.05980066445183,Asia,0.1661129568106361
West Bank and Gaza,PSE,1981,82.72425249169434,Asia,0.664451827242516
West Bank and Gaza,PSE,1982,83.05647840531562,Asia,0.3322259136212722
West Bank and Gaza,PSE,1983,83.38870431893687,Asia,0.332225913621258
West Bank and Gaza,PSE,1984,83.55481727574751,Asia,0.1661129568106361
West Bank and Gaza,PSE,1985,83.38870431893687,Asia,-0.1661129568106361
West Bank and Gaza,PSE,1986,83.38870431893687,Asia,0.0
West Bank and Gaza,PSE,1987,83.38870431893687,Asia,0.0
West Bank and Gaza,PSE,1988,83.38870431893687,Asia,0.0
West Bank and Gaza,PSE,1989,83.55481727574751,Asia,0.1661129568106361
West Bank and Gaza,PSE,1990,83.22259136212624,Asia,-0.3322259136212722
West Bank and Gaza,PSE,1991,82.890365448505,Asia,-0.33222591362124376
West Bank and Gaza,PSE,1992,82.55813953488372,Asia,-0.3322259136212722
West Bank and Gaza,PSE,1993,82.55813953488372,Asia,0.0
West Bank and Gaza,PSE,1994,77.54644518272424,Asia,-5.011694352159481
West Bank and Gaza,PSE,1995,78.89247508305648,Asia,1.3460299003322405
West Bank and Gaza,PSE,1996,78.06985049833887,Asia,-0.8226245847176159
West Bank and Gaza,PSE,1997,77.82943521594684,Asia,-0.24041528239202137
West Bank and Gaza,PSE,1998,78.08928571428572,Asia,0.25985049833887786
West Bank and Gaza,PSE,1999,74.35212624584717,Asia,-3.7371594684385485
West Bank and Gaza,PSE,2000,77.77626245847176,Asia,3.424136212624589
West Bank and Gaza,PSE,2001,77.22739202657807,Asia,-0.5488704318936897
West Bank and Gaza,PSE,2002,77.87094684385382,Asia,0.6435548172757422
West Bank and Gaza,PSE,2003,77.32506644518273,Asia,-0.5458803986710876
West Bank and Gaza,PSE,2004,77.3916611295681,Asia,0.06659468438537886
West Bank and Gaza,PSE,2005,77.6106146179402,Asia,0.21895348837209383
West Bank and Gaza,PSE,2006,77.48177740863788,Asia,-0.12883720930231846
West Bank and Gaza,PSE,2007,77.6293853820598,Asia,0.14760797342191267
West Bank and Gaza,PSE,2008,77.93295681063124,Asia,0.3035714285714448
West Bank and Gaza,PSE,2009,71.38704318936877,Asia,-6.545913621262471
West Bank and Gaza,PSE,2010,62.27574750830564,Asia,-9.111295681063126
West Bank and Gaza,PSE,2011,64.32498338870433,Asia,2.049235880398683
West Bank and Gaza,PSE,2012,66.55194352159468,Asia,2.2269601328903548
West Bank and Gaza,PSE,2013,68.84204318936877,Asia,2.2900996677740864
West Bank and Gaza,PSE,2014,69.84310631229236,Asia,1.001063122923597
West Bank and Gaza,PSE,2015,71.49531561461794,Asia,1.6522093023255735
West Bank and Gaza,PSE,2016,72.16249169435216,Asia,0.6671760797342188
West Bank and Gaza,PSE,2017,71.38779069767442,Asia,-0.774700996677737
West Bank and Gaza,PSE,2018,71.2277242524917,Asia,-0.1600664451827214
West Bank and Gaza,PSE,2019,70.65237541528239,Asia,-0.5753488372093045
West Bank and Gaza,PSE,2020,67.75142857142856,Asia,-2.9009468438538306
West Bank and Gaza,PSE,2021,64.92946058091287,Asia,-2.821967990515688
West Bank and Gaza,PSE,2022,64.92946058091287,Asia,0.0
West Bank and Gaza,PSE,2023,64.92946058091287,Asia,0.0
Western & Central Africa,AFW,1961,32.9064671953379,Other,
Western & Central Africa,AFW,1962,32.948239224104576,Other,0.04177202876667252
Western & Central Africa,AFW,1963,32.99310291845095,Other,0.04486369434637538
Western & Central Africa,AFW,1964,33.03077914526816,Other,0.0376762268172115
Western & Central Africa,AFW,1965,33.077905573155824,Other,0.04712642788766175
Western & Central Africa,AFW,1966,33.10353437431604,Other,0.025628801160216597
Western & Central Africa,AFW,1967,33.11118323167429,Other,0.007648857358248051
Western & Central Africa,AFW,1968,33.23701498245746,Other,0.12583175078317055
Western & Central Africa,AFW,1969,33.26177273621634,Other,0.024757753758876788
Western & Central Africa,AFW,1970,33.186375845899775,Other,-0.07539689031656138
Western & Central Africa,AFW,1971,33.21240966199382,Other,0.026033816094042095
Western & Central Africa,AFW,1972,33.237927371448656,Other,0.025517709454838666
Western & Central Africa,AFW,1973,33.255809046070446,Other,0.017881674621790467
Western & Central Africa,AFW,1974,33.20815979783732,Other,-0.047649248233128105
Western & Central Africa,AFW,1975,33.29002838892832,Other,0.08186859109100197
Western & Central Africa,AFW,1976,33.37365423435016,Other,0.08362584542184237
Western & Central Africa,AFW,1977,33.387560497823294,Other,0.01390626347313173
Western & Central Africa,AFW,1978,33.44506731315597,Other,0.057506815332672545
Western & Central Africa,AFW,1979,33.541876432988644,Other,0.09680911983267748
Western & Central Africa,AFW,1980,33.66254960876785,Other,0.12067317577920278
Western & Central Africa,AFW,1981,33.65297564168043,Other,-0.009573967087419533
Western & Central Africa,AFW,1982,33.7319649604567,Other,0.07898931877627291
Western & Central Africa,AFW,1983,33.82230752903564,Other,0.09034256857894007
Western & Central Africa,AFW,1984,33.92036966408646,Other,0.09806213505081729
Western & Central Africa,AFW,1985,34.0363796156882,Other,0.11600995160173966
Western & Central Africa,AFW,1986,34.15809873775396,Other,0.12171912206576252
Western & Central Africa,AFW,1987,34.17548833820853,Other,0.017389600454571053
Western & Central Africa,AFW,1988,34.31453278766452,Other,0.13904444945598726
Western & Central Africa,AFW,1989,34.32692845724746,Other,0.01239566958294347
Western & Central Africa,AFW,1990,34.67815846726319,Other,0.3512300100157262
Western & Central Africa,AFW,1991,34.840862346862295,Other,0.16270387959910693
Western & Central Africa,AFW,1992,35.11581240092065,Other,0.27495005405835826
Western & Central Africa,AFW,1993,35.39656062827086,Other,0.2807482273502089
Western & Central Africa,AFW,1994,35.73740766412626,Other,0.340847035855397
Western & Central Africa,AFW,1995,36.23338715953737,Other,0.4959794954111132
Western & Central Africa,AFW,1996,36.46049959207498,Other,0.22711243253760927
Western & Central Africa,AFW,1997,36.63079001479143,Other,0.17029042271644812
Western & Central Africa,AFW,1998,36.67805391022112,Other,0.0472638954296869
Western & Central Africa,AFW,1999,36.93112933323605,Other,0.25307542301493413
Western & Central Africa,AFW,2000,37.05242493184668,Other,0.12129559861062944
Western & Central Africa,AFW,2001,37.23500572642713,Other,0.18258079458045273
Western & Central Africa,AFW,2002,37.379199593622666,Other,0.14419386719553273
Western & Central Africa,AFW,2003,37.574218873330985,Other,0.195019279708319
Western & Central Africa,AFW,2004,37.53912564753952,Other,-0.03509322579146357
Western & Central Africa,AFW,2005,38.245523492722576,Other,0.706397845183055
Western & Central Africa,AFW,2006,38.273750865044256,Other,0.028227372321680377
Western & Central Africa,AFW,2007,38.493010320834685,Other,0.2192594557904286
Western & Central Africa,AFW,2008,38.64471712776565,Other,0.15170680693096728
Western & Central Africa,AFW,2009,38.80292859211699,Other,0.15821146435133926
Western & Central Africa,AFW,2010,39.009539276878286,Other,0.2066106847612943
Western & Central Africa,AFW,2011,39.13576336147906,Other,0.1262240846007714
Western & Central Africa,AFW,2012,39.449088680025376,Other,0.31332531854631895
Western & Central Africa,AFW,2013,39.74585316025816,Other,0.2967644802327811
Western & Central Africa,AFW,2014,39.92074381645364,Other,0.17489065619547972
Western & Central Africa,AFW,2015,40.21242359420636,Other,0.29167977775272647
Western & Central Africa,AFW,2016,40.30009283887072,Other,0.08766924466435455
Western & Central Africa,AFW,2017,40.475866835143016,Other,0.17577399627229795
Western & Central Africa,AFW,2018,40.80432665839762,Other,0.32845982325460454
Western & Central Africa,AFW,2019,40.94886974280695,Other,0.14454308440932806
Western & Central Africa,AFW,2020,41.12032555548063,Other,0.1714558126736847
Western & Central Africa,AFW,2021,41.37399939176011,Other,0.25367383627947504
Western & Central Africa,AFW,2022,41.432820014386834,Other,0.05882062262672605
"Yemen, Rep.",YEM,1961,44.20137507812944,Asia,
"Yemen, Rep.",YEM,1962,44.22220959524215,Asia,0.02083451711271067
"Yemen, Rep.",YEM,1963,44.24493815936511,Asia,0.0227285641229642
"Yemen, Rep.",YEM,1964,44.263878629467584,Asia,0.018940470102471352
"Yemen, Rep.",YEM,1965,44.282819099570055,Asia,0.018940470102471352
"Yemen, Rep.",YEM,1966,44.303653616682766,Asia,0.02083451711271067
"Yemen, Rep.",YEM,1967,44.3169119457545,Asia,0.013258329071732078
"Yemen, Rep.",YEM,1968,44.32638218080573,Asia,0.009470235051232123
"Yemen, Rep.",YEM,1969,44.345322650908194,Asia,0.018940470102464246
"Yemen, Rep.",YEM,1970,44.35479288595944,Asia,0.009470235051246334
"Yemen, Rep.",YEM,1971,44.369945262041405,Asia,0.015152376081964292
"Yemen, Rep.",YEM,1972,44.39077977915412,Asia,0.020834517112717776
"Yemen, Rep.",YEM,1973,44.40025001420535,Asia,0.009470235051225018
"Yemen, Rep.",YEM,1974,44.40972024925659,Asia,0.009470235051239229
"Yemen, Rep.",YEM,1975,44.4343428603898,Asia,0.024622611133210626
"Yemen, Rep.",YEM,1976,44.4343428603898,Asia,0.0
"Yemen, Rep.",YEM,1977,44.4343428603898,Asia,0.0
"Yemen, Rep.",YEM,1978,44.43813095441029,Asia,0.0037880940204928493
"Yemen, Rep.",YEM,1979,44.44002500142054,Asia,0.0018940470102464246
"Yemen, Rep.",YEM,1980,44.44002500142054,Asia,0.0
"Yemen, Rep.",YEM,1981,44.44381309544103,Asia,0.0037880940204928493
"Yemen, Rep.",YEM,1982,44.44381309544103,Asia,0.0
"Yemen, Rep.",YEM,1983,44.44381309544103,Asia,0.0
"Yemen, Rep.",YEM,1984,44.44381309544103,Asia,0.0
"Yemen, Rep.",YEM,1985,44.45328333049226,Asia,0.009470235051232123
"Yemen, Rep.",YEM,1986,44.45328333049226,Asia,0.0
"Yemen, Rep.",YEM,1987,44.47032975358449,Asia,0.017046423092224927
"Yemen, Rep.",YEM,1988,44.47032975358449,Asia,0.0
"Yemen, Rep.",YEM,1989,44.47411784760498,Asia,0.0037880940204928493
"Yemen, Rep.",YEM,1990,44.74875466409076,Asia,0.2746368164857813
"Yemen, Rep.",YEM,1991,44.75822489914199,Asia,0.009470235051232123
"Yemen, Rep.",YEM,1992,44.47411784760498,Asia,-0.28410705153701343
"Yemen, Rep.",YEM,1993,44.93626531810519,Asia,0.4621474705002129
"Yemen, Rep.",YEM,1994,44.94573555315643,Asia,0.009470235051239229
"Yemen, Rep.",YEM,1995,44.95709983521791,Asia,0.011364282061478548
"Yemen, Rep.",YEM,1996,44.9930867284126,Asia,0.035986893194689173
"Yemen, Rep.",YEM,1997,44.92679508305396,Asia,-0.06629164535863907
"Yemen, Rep.",YEM,1998,44.85103320264409,Asia,-0.0757618804098712
"Yemen, Rep.",YEM,1999,44.828304638521125,Asia,-0.0227285641229642
"Yemen, Rep.",YEM,2000,44.83019868553137,Asia,0.0018940470102464246
"Yemen, Rep.",YEM,2001,44.69003920677312,Asia,-0.14015947875824963
"Yemen, Rep.",YEM,2002,44.80557607439817,Asia,0.11553686762504611
"Yemen, Rep.",YEM,2003,44.50063450574843,Asia,-0.3049415686497383
"Yemen, Rep.",YEM,2004,44.618065420383736,Asia,0.11743091463530675
"Yemen, Rep.",YEM,2005,44.553667822035344,Asia,-0.06439759834839265
"Yemen, Rep.",YEM,2006,44.75064871110101,Asia,0.1969808890656637
"Yemen, Rep.",YEM,2007,44.75064871110101,Asia,0.0
"Yemen, Rep.",YEM,2008,44.54230353997386,Asia,-0.20834517112714934
"Yemen, Rep.",YEM,2009,44.41919048430782,Asia,-0.12311305566603892
"Yemen, Rep.",YEM,2010,44.659734454609165,Asia,0.24054397030134567
"Yemen, Rep.",YEM,2011,44.41919048430782,Asia,-0.24054397030134567
"Yemen, Rep.",YEM,2012,44.51199878780992,Asia,0.09280830350210323
"Yemen, Rep.",YEM,2013,44.508210693789415,Asia,-0.00378809402050706
"Yemen, Rep.",YEM,2014,44.41843286550372,Asia,-0.08977782828569758
"Yemen, Rep.",YEM,2015,44.38244597230903,Asia,-0.035986893194689173
"Yemen, Rep.",YEM,2016,44.29380457222948,Asia,-0.08864140007954546
"Yemen, Rep.",YEM,2017,44.41919048430782,Asia,0.12538591207833605
"Yemen, Rep.",YEM,2018,44.41919048430782,Asia,0.0
"Yemen, Rep.",YEM,2019,44.41919048430782,Asia,0.0
"Yemen, Rep.",YEM,2020,44.41919048430782,Asia,0.0
"Yemen, Rep.",YEM,2021,44.41919048430782,Asia,0.0
"Yemen, Rep.",YEM,2022,44.41919048430782,Asia,0.0
"Yemen, Rep.",YEM,2023,44.41919048430782,Asia,0.0
Zambia,ZMB,1961,25.971562705982056,Africa,
Zambia,ZMB,1962,26.042857719366687,Africa,0.07129501338463129
Zambia,ZMB,1963,26.102046032365244,Africa,0.059188312998557535
Zambia,ZMB,1964,26.176031423613445,Africa,0.07398539124820047
Zambia,ZMB,1965,26.24867162592986,Africa,0.0726402023164141
Zambia,ZMB,1966,26.3751193855177,Africa,0.12644775958784038
Zambia,ZMB,1967,26.447759587834117,Africa,0.07264020231641766
Zambia,ZMB,1968,26.547303568786237,Africa,0.09954398095212014
Zambia,ZMB,1969,26.640121605079432,Africa,0.0928180362931954
Zambia,ZMB,1970,26.734284830304414,Africa,0.09416322522498177
Zambia,ZMB,1971,26.975073649094018,Africa,0.24078881878960345
Zambia,ZMB,1972,27.028881206365437,Africa,0.05380755727141917
Zambia,ZMB,1973,27.09748584188649,Africa,0.06860463552105145
Zambia,ZMB,1974,27.175506799930048,Africa,0.07802095804355957
Zambia,ZMB,1975,27.222588412542542,Africa,0.04708161261249444
Zambia,ZMB,1976,27.260253702632536,Africa,0.03766529008999342
Zambia,ZMB,1977,27.2723604030186,Africa,0.012106700386063096
Zambia,ZMB,1978,27.11228292013613,Africa,-0.1600774828824676
Zambia,ZMB,1979,26.607837070716585,Africa,-0.5044458494195467
Zambia,ZMB,1980,26.69661954021442,Africa,0.0887824694978363
Zambia,ZMB,1981,26.84055475591547,Africa,0.14393521570104895
Zambia,ZMB,1982,26.95624100404902,Africa,0.11568624813354944
Zambia,ZMB,1983,27.08672433043221,Africa,0.13048332638319238
Zambia,ZMB,1984,27.20241057856576,Africa,0.11568624813354944
Zambia,ZMB,1985,27.346345794266803,Africa,0.14393521570104184
Zambia,ZMB,1986,27.474138742786423,Africa,0.12779294851961964
Zambia,ZMB,1987,27.60462206916961,Africa,0.13048332638318882
Zambia,ZMB,1988,27.73376020662102,Africa,0.12913813745140956
Zambia,ZMB,1989,27.92612222386634,Africa,0.1923620172453191
Zambia,ZMB,1990,27.9947268593874,Africa,0.06860463552105855
Zambia,ZMB,1991,28.014904693364183,Africa,0.020177833976784854
Zambia,ZMB,1992,28.33640484806091,Africa,0.3215001546967251
Zambia,ZMB,1993,28.52069573171552,Africa,0.18429088365461155
Zambia,ZMB,1994,28.885241932229384,Africa,0.364546200513864
Zambia,ZMB,1995,29.127375939950767,Africa,0.24213400772138272
Zambia,ZMB,1996,29.370855136603936,Africa,0.24347919665316908
Zambia,ZMB,1997,29.60357282180282,Africa,0.23271768519888525
Zambia,ZMB,1998,29.828219373410995,Africa,0.22464655160817415
Zambia,ZMB,1999,30.07035338113238,Africa,0.24213400772138627
Zambia,ZMB,2000,30.301725877399484,Africa,0.23137249626710243
Zambia,ZMB,2001,30.34073635642126,Africa,0.039010479021776234
Zambia,ZMB,2002,30.422792881260172,Africa,0.08205652483891157
Zambia,ZMB,2003,30.816933238273315,Africa,0.39414035701314276
Zambia,ZMB,2004,30.80079097109189,Africa,-0.01614226718142575
Zambia,ZMB,2005,30.61919046530085,Africa,-0.1816005057910388
Zambia,ZMB,2006,31.00391449979149,Africa,0.38472403449064174
Zambia,ZMB,2007,30.917822408157225,Africa,-0.08609209163426712
Zambia,ZMB,2008,31.05637686813113,Africa,0.13855445997390703
Zambia,ZMB,2009,31.72762614509208,Africa,0.6712492769609497
Zambia,ZMB,2010,31.525847805324258,Africa,-0.20177833976782367
Zambia,ZMB,2011,31.794885591681357,Africa,0.2690377863570994
Zambia,ZMB,2012,32.063923378038446,Africa,0.26903778635708875
Zambia,ZMB,2013,31.930749673791688,Africa,-0.133173704246758
Zambia,ZMB,2014,31.93209486272347,Africa,0.0013451889317828147
Zambia,ZMB,2015,31.933440051655253,Africa,0.0013451889317828147
Zambia,ZMB,2016,31.933440051655253,Africa,0.0
Zambia,ZMB,2017,32.067958944833805,Africa,0.13451889317855148
Zambia,ZMB,2018,32.067958944833805,Africa,0.0
Zambia,ZMB,2019,32.067958944833805,Africa,0.0
Zambia,ZMB,2020,32.067958944833805,Africa,0.0
Zambia,ZMB,2021,32.067958944833805,Africa,0.0
Zambia,ZMB,2022,32.067958944833805,Africa,0.0
Zambia,ZMB,2023,32.067958944833805,Africa,0.0
Zimbabwe,ZWE,1961,25.83846090215846,Africa,
Zimbabwe,ZWE,1962,26.02740907328422,Africa,0.1889481711257588
Zimbabwe,ZWE,1963,26.28671965878248,Africa,0.25931058549826247
Zimbabwe,ZWE,1964,26.46435672741373,Africa,0.17763706863124895
Zimbabwe,ZWE,1965,26.669107405971303,Africa,0.20475067855757345
Zimbabwe,ZWE,1966,26.70685149282668,Africa,0.037744086855376224
Zimbabwe,ZWE,1967,26.973980095644308,Africa,0.2671286028176283
Zimbabwe,ZWE,1968,27.11435672741373,Africa,0.1403766317694206
Zimbabwe,ZWE,1969,27.43770867261212,Africa,0.32335194519839305
Zimbabwe,ZWE,1970,27.6936923872302,Africa,0.255983714618079
Zimbabwe,ZWE,1971,28.001075610701815,Africa,0.3073832234716143
Zimbabwe,ZWE,1972,28.36002455732196,Africa,0.35894894662014565
Zimbabwe,ZWE,1973,28.60037223730128,Africa,0.24034767997931894
Zimbabwe,ZWE,1974,28.928714230321827,Africa,0.32834199302054756
Zimbabwe,ZWE,1975,29.167232260566117,Africa,0.23851803024428975
Zimbabwe,ZWE,1976,29.374477963034767,Africa,0.2072457024686507
Zimbabwe,ZWE,1977,29.671314721468267,Africa,0.2968367584334999
Zimbabwe,ZWE,1978,29.858616776528372,Africa,0.18730205506010478
Zimbabwe,ZWE,1979,30.1003125242342,Africa,0.2416957477058297
Zimbabwe,ZWE,1980,30.35012433759855,Africa,0.24981181336434943
Zimbabwe,ZWE,1981,30.76413209254233,Africa,0.4140077549437784
Zimbabwe,ZWE,1982,31.099028305544785,Africa,0.3348962130024553
Zimbabwe,ZWE,1983,31.655424066175524,Africa,0.556395760630739
Zimbabwe,ZWE,1984,31.849062427297405,Africa,0.19363836112188082
Zimbabwe,ZWE,1985,32.08175856275042,Africa,0.23269613545301837
Zimbabwe,ZWE,1986,32.47613803799923,Africa,0.39437947524880457
Zimbabwe,ZWE,1987,32.29852009822929,Africa,-0.177617939769938
Zimbabwe,ZWE,1988,32.670128215070434,Africa,0.3716081168411449
Zimbabwe,ZWE,1989,33.38022308388264,Africa,0.710094868812206
Zimbabwe,ZWE,1990,33.720075222954634,Africa,0.3398521390719935
Zimbabwe,ZWE,1991,34.20241721597518,Africa,0.4823419930205475
Zimbabwe,ZWE,1992,33.870503037352975,Africa,-0.3319141786222062
Zimbabwe,ZWE,1993,34.468164146309945,Africa,0.5976611089569701
Zimbabwe,ZWE,1994,35.50803618973762,Africa,1.0398720434276782
Zimbabwe,ZWE,1995,35.782718366291846,Africa,0.2746821765542222
Zimbabwe,ZWE,1996,36.4801876696394,Africa,0.6974693033475532
Zimbabwe,ZWE,1997,36.51934884322088,Africa,0.03916117358148341
Zimbabwe,ZWE,1998,36.98595915729611,Africa,0.4666103140752256
Zimbabwe,ZWE,1999,37.99758769548921,Africa,1.0116285381931007
Zimbabwe,ZWE,2000,39.07808814786093,Africa,1.080500452371723
Zimbabwe,ZWE,2001,39.281676618844514,Africa,0.20358847098358268
Zimbabwe,ZWE,2002,39.87880806514153,Africa,0.5971314462970128
Zimbabwe,ZWE,2003,40.35134470725087,Africa,0.47253664210933977
Zimbabwe,ZWE,2004,41.24962388522683,Africa,0.8982791779759651
Zimbabwe,ZWE,2005,41.50320899573478,Africa,0.25358511050794874
Zimbabwe,ZWE,2006,42.0098622204989,Africa,0.506653224764122
Zimbabwe,ZWE,2007,41.74412407910042,Africa,-0.2657381413984794
Zimbabwe,ZWE,2008,42.36632208866485,Africa,0.6221980095644284
Zimbabwe,ZWE,2009,41.9757303864547,Africa,-0.39059170221015194
Zimbabwe,ZWE,2010,41.71335375468528,Africa,-0.2623766317694205
Zimbabwe,ZWE,2011,42.231384257464136,Africa,0.5180305027788563
Zimbabwe,ZWE,2012,41.85129171513506,Africa,-0.3800925423290735
Zimbabwe,ZWE,2013,41.84425281116712,Africa,-0.007038903967945487
Zimbabwe,ZWE,2014,41.83876541295076,Africa,-0.005487398216359907
Zimbabwe,ZWE,2015,41.8325022618586,Africa,-0.006263151092156249
Zimbabwe,ZWE,2016,41.82753211839214,Africa,-0.00497014346645841
Zimbabwe,ZWE,2017,41.82178622204989,Africa,-0.005745896342254753
Zimbabwe,ZWE,2018,41.81681607858343,Africa,-0.00497014346645841
Zimbabwe,ZWE,2019,41.81960294687864,Africa,0.002786868295210354
Zimbabwe,ZWE,2020,41.81695980354142,Africa,-0.0026431433372167135
Zimbabwe,ZWE,2021,41.80914540519581,Africa,-0.007814398345615814
Zimbabwe,ZWE,2022,41.79771074059713,Africa,-0.01143466459867426
Zimbabwe,ZWE,2023,41.79170634612899,Africa,-0.006004394468142493
